exposure	outcome	iv_set	snp	rsid	chrom_hg19	pos_hg19	in_apoe	bx	bxse	beta	se	F_exp
DBP	WMH	all_ivs	rs34645159	rs34645159	1	1724366	FALSE	0.133	0.0174	-0.0165562	0.00666974	58.42581582771834
DBP	WMH	all_ivs	rs2493296	rs2493296	1	3327032	FALSE	0.2496	0.0254	0.00403886	0.00973327	96.56544113088226
DBP	WMH	all_ivs	rs488834	rs488834	1	10767902	FALSE	0.1931	0.0208	0.00533726	0.00788567	86.18622873520711
DBP	WMH	all_ivs	rs55857306	rs55857306	1	11895795	FALSE	0.5224	0.0235	-0.0162953	0.00899882	494.16344047080116
DBP	WMH	all_ivs	rs1889785	rs1889785	1	16348729	FALSE	0.1255	0.0174	0.002133	0.00670435	52.02222882811469
DBP	WMH	all_ivs	rs6686889	rs6686889	1	25030470	FALSE	0.1918	0.0199	-0.0165235	0.00770943	92.89472488068482
DBP	WMH	all_ivs	rs12728150	rs12728150	1	27268737	FALSE	0.2045	0.0318	0.00472623	0.0122892	41.35541513389501
DBP	WMH	all_ivs	rs2146315	rs2146315	1	42050366	FALSE	0.1197	0.0205	-0.00206117	0.00799166	34.09420582986318
DBP	WMH	all_ivs	rs839759	rs839759	1	43863460	FALSE	0.1505	0.0175	0.0188526	0.00673906	73.96
DBP	WMH	all_ivs	rs4926901	rs4926901	1	48025824	FALSE	0.0984	0.018	0.00673022	0.00699123	29.884444444444444
DBP	WMH	all_ivs	rs10493127	rs10493127	1	48114417	FALSE	0.1853	0.0307	0.0185085	0.0118785	36.43125125996031
DBP	WMH	all_ivs	rs61772592	rs61772592	1	56979681	FALSE	0.1509	0.0261	0.0151006	0.010121	33.427004888360415
DBP	WMH	all_ivs	rs10493408	rs10493408	1	66992054	FALSE	0.1584	0.0255	0.0118612	0.00995221	38.586020761245685
DBP	WMH	all_ivs	rs34517439	rs34517439	1	78450517	FALSE	0.2514	0.0279	-0.00962962	0.0104074	81.19366400739972
DBP	WMH	all_ivs	rs786921	rs786921	1	89286673	FALSE	0.1145	0.0176	-0.0190385	0.00678067	42.32389591942149
DBP	WMH	all_ivs	rs17396055	rs17396055	1	94730954	FALSE	0.115	0.0184	-0.0118766	0.00709925	39.0625
DBP	WMH	all_ivs	rs10776752	rs10776752	1	113044328	FALSE	0.4573	0.033	0.0329974	0.0127784	192.0324058769513
DBP	WMH	all_ivs	rs57748895	rs57748895	1	115826169	FALSE	0.6627	0.0666	0.0358769	0.0256495	99.01146416686953
DBP	WMH	all_ivs	rs1819663	rs1819663	1	154025891	FALSE	0.1147	0.0174	-0.00558735	0.00667971	43.45385784119434
DBP	WMH	all_ivs	rs76719272	rs76719272	1	156129796	FALSE	0.1438	0.0264	0.0163261	0.00996306	29.669478879706155
DBP	WMH	all_ivs	rs7524019	rs7524019	1	167367193	FALSE	0.1036	0.0174	-0.0112382	0.00668961	35.45038974765492
DBP	WMH	all_ivs	rs12405515	rs12405515	1	172357441	FALSE	0.1698	0.0174	0.00685447	0.00676273	95.230677764566
DBP	WMH	all_ivs	rs150816167	rs150816167	1	179571862	FALSE	0.2873	0.0446	-0.0203366	0.0168066	41.49555088580104
DBP	WMH	all_ivs	rs4651224	rs4651224	1	184585182	FALSE	0.1102	0.0175	-0.00896399	0.00677257	39.6540081632653
DBP	WMH	all_ivs	rs882624	rs882624	1	201735913	FALSE	0.1571	0.0185	-0.0041828	0.00704724	72.11222790357927
DBP	WMH	all_ivs	rs2169137	rs2169137	1	204497913	FALSE	0.1588	0.0194	0.003089	0.00751396	67.00350728026356
DBP	WMH	all_ivs	rs1502358	rs1502358	1	217324932	FALSE	0.1127	0.0185	0.0147374	0.00715857	37.11114682249818
DBP	WMH	all_ivs	rs68085857	rs68085857	1	217737629	FALSE	0.191	0.0205	-0.00634802	0.00793408	86.80785246876857
DBP	WMH	all_ivs	rs12088448	rs12088448	1	218546170	FALSE	0.1544	0.0182	-6.40976e-5	0.00697463	71.97005192609588
DBP	WMH	all_ivs	rs602521	rs602521	1	227311066	FALSE	0.1351	0.0195	6.83399e-4	0.00755073	48.00002629848784
DBP	WMH	all_ivs	rs1745417	rs1745417	1	228204279	FALSE	0.1708	0.0173	0.0130215	0.0067168	97.47281900497845
DBP	WMH	all_ivs	rs699	rs699	1	230845794	FALSE	0.2359	0.0177	0.0128009	0.00683796	177.6271505633758
DBP	WMH	all_ivs	rs3943093	rs3943093	1	243458502	FALSE	0.2477	0.0184	0.00395329	0.00718576	181.22427339319472
DBP	WMH	all_ivs	rs4926499	rs4926499	1	249155909	FALSE	0.1694	0.0248	-0.0196762	0.00901943	46.6577133194589
DBP	WMH	all_ivs	rs112393817	rs112393817	2	9807226	FALSE	0.116	0.0211	0.00889673	0.0080779	30.223939264616696
DBP	WMH	all_ivs	rs1373780	rs1373780	2	19501029	FALSE	0.1246	0.0224	-0.020299	0.0086423	30.94140625
DBP	WMH	all_ivs	rs824523	rs824523	2	19707855	FALSE	0.1226	0.0183	-0.00438673	0.00704122	44.88267789423393
DBP	WMH	all_ivs	rs11687089	rs11687089	2	25082926	FALSE	0.1739	0.0175	0.00212997	0.00676249	98.74680816326529
DBP	WMH	all_ivs	rs1275988	rs1275988	2	26914364	FALSE	0.2945	0.0177	0.0100877	0.00689282	276.83695617479015
DBP	WMH	all_ivs	rs11684340	rs11684340	2	37207251	FALSE	0.1249	0.021	0.00652633	0.00814847	35.374172335600896
DBP	WMH	all_ivs	rs2160236	rs2160236	2	40557276	FALSE	0.1421	0.0181	-0.0015152	0.006956	61.63551173651597
DBP	WMH	all_ivs	rs76326501	rs76326501	2	43167878	FALSE	0.3618	0.0305	0.045768	0.0115535	140.71404461166352
DBP	WMH	all_ivs	rs4952668	rs4952668	2	43386568	FALSE	0.192	0.018	0.00379726	0.0069119	113.7777777777778
DBP	WMH	all_ivs	rs2586970	rs2586970	2	55829967	FALSE	0.1493	0.0175	0.00591157	0.00673628	72.78527346938773
DBP	WMH	all_ivs	rs2421200	rs2421200	2	61711815	FALSE	0.1097	0.0173	0.0143482	0.00667112	40.208794146145884
DBP	WMH	all_ivs	rs1876490	rs1876490	2	73052351	FALSE	0.1364	0.0192	0.00951329	0.00741136	50.46918402777778
DBP	WMH	all_ivs	rs6546810	rs6546810	2	73389716	FALSE	0.12	0.0181	-0.00902804	0.00702394	43.95470223741643
DBP	WMH	all_ivs	rs311564	rs311564	2	86293498	FALSE	0.133	0.0183	0.0198165	0.00709801	52.820329063274514
DBP	WMH	all_ivs	rs62155750	rs62155750	2	96491456	FALSE	0.2177	0.0196	-0.00606289	0.00723618	123.36862244897961
DBP	WMH	all_ivs	rs28377357	rs28377357	2	112769721	FALSE	0.1243	0.019	0.00101753	0.00734296	42.79914127423823
DBP	WMH	all_ivs	rs62158170	rs62158170	2	114082175	FALSE	0.1645	0.0211	-0.0115189	0.0081165	60.780867455807375
DBP	WMH	all_ivs	rs13001283	rs13001283	2	127183454	FALSE	0.1522	0.0239	0.0249171	0.00916484	40.55398189807601
DBP	WMH	all_ivs	rs4954192	rs4954192	2	135632981	FALSE	0.1225	0.0179	-0.00191326	0.00693211	46.834524515464565
DBP	WMH	all_ivs	rs55944332	rs55944332	2	145726621	FALSE	0.2365	0.0204	0.0084137	0.00786423	134.40083141099575
DBP	WMH	all_ivs	rs12990959	rs12990959	2	148572160	FALSE	0.1271	0.0187	-0.0030211	0.00723668	46.19637393119619
DBP	WMH	all_ivs	rs2444769	rs2444769	2	158494100	FALSE	0.158	0.0219	-0.0117045	0.00832508	52.050624465711735
DBP	WMH	all_ivs	rs7572130	rs7572130	2	164460947	FALSE	0.1796	0.0287	0.0118754	0.011372	39.16055797690879
DBP	WMH	all_ivs	rs1446468	rs1446468	2	164963486	FALSE	0.253	0.0174	0.0208161	0.00672579	211.41828511031844
DBP	WMH	all_ivs	rs75717699	rs75717699	2	179682997	FALSE	0.4667	0.0541	0.0261966	0.0192794	74.4185273386383
DBP	WMH	all_ivs	rs1518460	rs1518460	2	181933689	FALSE	0.1342	0.0189	0.0142646	0.00728947	50.41751350746061
DBP	WMH	all_ivs	rs12693302	rs12693302	2	183211443	FALSE	0.2378	0.0181	-0.00189837	0.00698844	172.61023778272946
DBP	WMH	all_ivs	rs7592578	rs7592578	2	191439591	FALSE	0.1998	0.0224	-0.00209822	0.00858039	79.56002869897961
DBP	WMH	all_ivs	rs4673253	rs4673253	2	204120214	FALSE	0.1177	0.0197	0.0156653	0.00756429	35.696075652554825
DBP	WMH	all_ivs	rs11692619	rs11692619	2	205084439	FALSE	0.1281	0.0184	-0.00433447	0.00703402	48.468838610586005
DBP	WMH	all_ivs	rs1263671	rs1263671	2	207996447	FALSE	0.1394	0.0238	-0.00136767	0.00905777	34.306122448979586
DBP	WMH	all_ivs	rs4675682	rs4675682	2	208402750	FALSE	0.1409	0.0173	-0.0031319	0.00670856	66.33302148417923
DBP	WMH	all_ivs	rs1035673	rs1035673	2	218675533	FALSE	0.1625	0.0176	0.00351901	0.00684539	85.24744963842974
DBP	WMH	all_ivs	rs13004222	rs13004222	2	219560492	FALSE	0.2944	0.0393	-0.0147861	0.0150214	56.11649152794773
DBP	WMH	all_ivs	rs1039897	rs1039897	2	220337196	FALSE	0.1085	0.0183	0.00611167	0.00703938	35.15258741676371
DBP	WMH	all_ivs	rs10804330	rs10804330	2	227185749	FALSE	0.1331	0.0176	6.45903e-4	0.00681155	57.191406249999986
DBP	WMH	all_ivs	rs1044822	rs1044822	2	230629138	FALSE	0.1334	0.0243	-0.00137834	0.0093383	30.136937120018967
DBP	WMH	all_ivs	rs4507125	rs4507125	2	239864732	FALSE	0.1244	0.0211	-0.00397973	0.00825421	34.75968644010692
DBP	WMH	all_ivs	rs347585	rs347585	3	11286220	FALSE	0.1506	0.0189	-8.15974e-4	0.0073178	63.493071302595126
DBP	WMH	all_ivs	rs1687295	rs1687295	3	14889756	FALSE	0.2061	0.0194	0.0223752	0.00753819	112.8632426400255
DBP	WMH	all_ivs	rs62234672	rs62234672	3	16592069	FALSE	0.1248	0.0229	0.0103298	0.00883576	29.70012013500886
DBP	WMH	all_ivs	rs2643826	rs2643826	3	27562988	FALSE	0.1857	0.0175	0.0014017	0.006722	112.60241632653059
DBP	WMH	all_ivs	rs7427249	rs7427249	3	37572489	FALSE	0.1098	0.0176	-0.0062159	0.0067817	38.92058367768595
DBP	WMH	all_ivs	rs3864004	rs3864004	3	41240177	FALSE	0.1004	0.0173	7.53315e-4	0.00669988	33.68024324234021
DBP	WMH	all_ivs	rs114714860	rs114714860	3	41882905	FALSE	0.33	0.0236	-0.00843667	0.00912649	195.5257110025855
DBP	WMH	all_ivs	rs6442105	rs6442105	3	48182326	FALSE	0.2485	0.0185	0.00326209	0.00708705	180.4302410518627
DBP	WMH	all_ivs	rs6445590	rs6445590	3	53655932	FALSE	0.1284	0.0174	-6.09238e-4	0.0067576	54.45422116527943
DBP	WMH	all_ivs	rs3772219	rs3772219	3	56771251	FALSE	0.1754	0.0185	0.00552011	0.0071137	89.8908984660336
DBP	WMH	all_ivs	rs1675383	rs1675383	3	57945274	FALSE	0.1488	0.0174	-0.00169402	0.00670035	73.13198573127228
DBP	WMH	all_ivs	rs3774702	rs3774702	3	63856870	FALSE	0.147	0.0228	-0.00469491	0.00872858	41.568559556786695
DBP	WMH	all_ivs	rs6795735	rs6795735	3	64705365	FALSE	0.1438	0.0176	0.00215253	0.00676705	66.75632747933884
DBP	WMH	all_ivs	rs7623706	rs7623706	3	74712754	FALSE	0.0975	0.0176	-0.00183335	0.00675434	30.689081869834713
DBP	WMH	all_ivs	rs11923343	rs11923343	3	85668570	FALSE	0.1138	0.0181	0.00374302	0.00698426	39.530050975244954
DBP	WMH	all_ivs	rs11923667	rs11923667	3	101268080	FALSE	0.1175	0.0177	1.1655e-4	0.00681722	44.068594592869225
DBP	WMH	all_ivs	rs28675079	rs28675079	3	111500002	FALSE	0.1444	0.0222	0.00408609	0.0086163	42.30857884911939
DBP	WMH	all_ivs	rs12152463	rs12152463	3	122100447	FALSE	0.1006	0.0174	0.00866192	0.00675043	33.42700488836042
DBP	WMH	all_ivs	rs4141663	rs4141663	3	124551967	FALSE	0.1496	0.0175	-0.0017885	0.00677229	73.07807346938775
DBP	WMH	all_ivs	rs4077158	rs4077158	3	133942941	FALSE	0.1832	0.0173	0.0172186	0.00666055	112.13953022152428
DBP	WMH	all_ivs	rs9289557	rs9289557	3	138071604	FALSE	0.119	0.0207	-0.00927666	0.00751105	33.04861256972158
DBP	WMH	all_ivs	rs6763931	rs6763931	3	141102833	FALSE	0.1383	0.0173	0.0230462	0.00671448	63.907547863276434
DBP	WMH	all_ivs	rs36117336	rs36117336	3	153732232	FALSE	0.147	0.0198	8.0376e-4	0.00756485	55.11937557392101
DBP	WMH	all_ivs	rs78809139	rs78809139	3	154674943	FALSE	0.2281	0.0288	0.00696077	0.010797	62.72860001929013
DBP	WMH	all_ivs	rs78151625	rs78151625	3	158316726	FALSE	0.1869	0.0233	0.0121917	0.00903525	64.3438081379285
DBP	WMH	all_ivs	rs2242338	rs2242338	3	168854925	FALSE	0.3463	0.0331	0.00730014	0.0129562	109.45837478664855
DBP	WMH	all_ivs	rs223102	rs223102	3	169100755	FALSE	0.2759	0.0173	0.00547865	0.00669126	254.33796652076578
DBP	WMH	all_ivs	rs7611674	rs7611674	3	179169230	FALSE	0.1576	0.0223	-0.0129647	0.00859379	49.94622855878862
DBP	WMH	all_ivs	rs6779368	rs6779368	3	185298868	FALSE	0.1791	0.0184	0.0022759	0.00698776	94.74483104914935
DBP	WMH	all_ivs	rs147501096	rs147501096	3	186180253	FALSE	0.1955	0.0341	-9.74848e-4	0.0128145	32.86886937676835
DBP	WMH	all_ivs	rs4244200	rs4244200	3	196226059	FALSE	0.1215	0.0193	0.0116124	0.00745536	39.63126526886627
DBP	WMH	all_ivs	rs6777317	rs6777317	3	197070959	FALSE	0.1249	0.0195	0.00208774	0.00749572	41.025667324128854
DBP	WMH	all_ivs	rs61789369	rs61789369	4	2265295	FALSE	0.3039	0.0436	0.00708428	0.0168631	48.58345783183234
DBP	WMH	all_ivs	rs16896276	rs16896276	4	18015156	FALSE	0.1309	0.0198	0.00797657	0.00759654	43.70679012345677
DBP	WMH	all_ivs	rs28667801	rs28667801	4	26785356	FALSE	0.1622	0.018	0.00878754	0.00680482	81.20012345679015
DBP	WMH	all_ivs	rs11721984	rs11721984	4	38343935	FALSE	0.1409	0.0177	0.00695381	0.00669933	63.36879568450956
DBP	WMH	all_ivs	rs62301873	rs62301873	4	40603821	FALSE	0.1734	0.0284	0.0108474	0.0108788	37.27876413410037
DBP	WMH	all_ivs	rs11945489	rs11945489	4	56463775	FALSE	0.1392	0.0192	-0.00257136	0.00740509	52.5625
DBP	WMH	all_ivs	rs13152154	rs13152154	4	77417756	FALSE	0.1186	0.0195	0.0100778	0.00743661	36.99134779750164
DBP	WMH	all_ivs	rs12509595	rs12509595	4	81182554	FALSE	0.4972	0.0192	0.0212154	0.00731847	670.5941840277779
DBP	WMH	all_ivs	rs72976750	rs72976750	4	86725684	FALSE	0.1718	0.0251	0.0138882	0.00955357	46.84884366914811
DBP	WMH	all_ivs	rs4699835	rs4699835	4	95329727	FALSE	0.0963	0.0175	0.00243812	0.00671953	30.281436734693866
DBP	WMH	all_ivs	rs13107325	rs13107325	4	103188709	FALSE	0.6747	0.0339	-0.0151286	0.0131051	396.11567076513427
DBP	WMH	all_ivs	rs12503341	rs12503341	4	106925311	FALSE	0.2993	0.0462	-0.0230872	0.0174681	41.96908322557674
DBP	WMH	all_ivs	rs4245929	rs4245929	4	109038407	FALSE	0.12	0.0181	-0.0130598	0.00696241	43.95470223741643
DBP	WMH	all_ivs	rs13118687	rs13118687	4	111406496	FALSE	0.1496	0.0175	0.0217267	0.00670243	73.07807346938775
DBP	WMH	all_ivs	rs66887589	rs66887589	4	120509279	FALSE	0.161	0.0174	0.0142546	0.00667693	85.61566917690583
DBP	WMH	all_ivs	rs9286351	rs9286351	4	138441530	FALSE	0.1412	0.0177	0.0182106	0.00680931	63.638928788023875
DBP	WMH	all_ivs	rs72719149	rs72719149	4	144043336	FALSE	0.1279	0.0186	-0.00326617	0.00721686	47.28410798936295
DBP	WMH	all_ivs	rs13124515	rs13124515	4	145403713	FALSE	0.1052	0.0187	-0.00629624	0.00715731	31.64814550030026
DBP	WMH	all_ivs	rs1842896	rs1842896	4	156511459	FALSE	0.158	0.0174	8.61262e-4	0.00666405	82.45474963667594
DBP	WMH	all_ivs	rs13139571	rs13139571	4	156645513	FALSE	0.2408	0.0203	0.00946723	0.00787837	140.70868014268729
DBP	WMH	all_ivs	rs1425486	rs1425486	4	157683685	FALSE	0.1331	0.0187	0.00233435	0.00711956	50.660899653979236
DBP	WMH	all_ivs	rs10069690	rs10069690	5	1279790	FALSE	0.1615	0.021	-0.0162344	0.00763284	59.14342403628117
DBP	WMH	all_ivs	rs4645335	rs4645335	5	3704761	FALSE	0.1142	0.0185	0.00506598	0.00716012	38.105595325054786
DBP	WMH	all_ivs	rs2921604	rs2921604	5	14867948	FALSE	0.096	0.0176	-0.00513443	0.00670612	29.752066115702476
DBP	WMH	all_ivs	rs1177764	rs1177764	5	32829975	FALSE	0.3067	0.0177	0.0132093	0.00679638	300.2486194899294
DBP	WMH	all_ivs	rs10941043	rs10941043	5	33194751	FALSE	0.1269	0.019	0.0038252	0.00730826	44.60833795013852
DBP	WMH	all_ivs	rs7737851	rs7737851	5	42415845	FALSE	0.1256	0.022	-0.00770029	0.00832025	32.593719008264465
DBP	WMH	all_ivs	rs6875967	rs6875967	5	50878292	FALSE	0.1344	0.0181	-3.39341e-7	0.00699966	55.136778486615164
DBP	WMH	all_ivs	rs10054208	rs10054208	5	55688992	FALSE	0.1187	0.0185	0.0145336	0.00695909	41.16783053323595
DBP	WMH	all_ivs	rs12515541	rs12515541	5	57095011	FALSE	0.1156	0.0177	-9.67659e-4	0.00678716	42.65492036132656
DBP	WMH	all_ivs	rs1848510	rs1848510	5	57754005	FALSE	0.1256	0.0181	0.00367737	0.00698364	48.152864686670114
DBP	WMH	all_ivs	rs10062049	rs10062049	5	61553881	FALSE	0.2208	0.0255	0.00963647	0.00971073	74.97522491349483
DBP	WMH	all_ivs	rs2307111	rs2307111	5	75003678	FALSE	0.1742	0.0178	0.00182306	0.00680653	95.77591213230652
DBP	WMH	all_ivs	rs4704514	rs4704514	5	77820081	FALSE	0.1087	0.0193	0.00194868	0.00744674	31.72082472012671
DBP	WMH	all_ivs	rs62380354	rs62380354	5	89484911	FALSE	0.1825	0.0291	-0.00459277	0.0107931	39.331432080395835
DBP	WMH	all_ivs	rs13355146	rs13355146	5	92023661	FALSE	0.1224	0.0178	0.00791164	0.0068342	47.28493877035728
DBP	WMH	all_ivs	rs55770741	rs55770741	5	96220087	FALSE	0.1281	0.0175	0.0082268	0.00668464	53.58239999999998
DBP	WMH	all_ivs	rs1871190	rs1871190	5	97953719	FALSE	0.10780000000000001	0.0186	-4.95852e-4	0.00714409	33.5901260261302
DBP	WMH	all_ivs	rs9326869	rs9326869	5	112349070	FALSE	0.1096	0.02	0.00633484	0.00781632	30.030400000000004
DBP	WMH	all_ivs	rs369625	rs369625	5	122560787	FALSE	0.1053	0.0178	-0.0133179	0.00685498	34.995865421032704
DBP	WMH	all_ivs	rs1582931	rs1582931	5	122657199	FALSE	0.2161	0.0175	-0.0178128	0.00670749	152.48721632653059
DBP	WMH	all_ivs	rs17677603	rs17677603	5	127857493	FALSE	0.2	0.0178	0.0105282	0.00688455	126.24668602449188
DBP	WMH	all_ivs	rs55747751	rs55747751	5	132397351	FALSE	0.2239	0.0331	0.0462631	0.0121071	45.75643705333103
DBP	WMH	all_ivs	rs4912840	rs4912840	5	141662480	FALSE	0.1485	0.0245	0.0123843	0.00935207	36.73844231570178
DBP	WMH	all_ivs	rs3776299	rs3776299	5	142507651	FALSE	0.1266	0.0175	0.00381995	0.00669908	52.33488979591835
DBP	WMH	all_ivs	rs78909293	rs78909293	5	148335250	FALSE	0.321	0.0429	-0.00951192	0.0162372	55.98806787617976
DBP	WMH	all_ivs	rs3117736	rs3117736	5	157462999	FALSE	0.2374	0.0196	0.00933395	0.00750859	146.7064764681383
DBP	WMH	all_ivs	rs11960210	rs11960210	5	157817634	FALSE	0.2474	0.018	0.00371679	0.00695146	188.90975308641978
DBP	WMH	all_ivs	rs13358657	rs13358657	5	157938070	FALSE	0.224	0.0255	0.0155667	0.00982361	77.16416762783547
DBP	WMH	all_ivs	rs6556384	rs6556384	5	158418952	FALSE	0.152	0.0221	0.0191726	0.00853126	47.30451874449744
DBP	WMH	all_ivs	rs114503346	rs114503346	5	172192350	FALSE	0.2678	0.0426	0.0160137	0.0156913	39.518636073089546
DBP	WMH	all_ivs	rs55993676	rs55993676	5	173303392	FALSE	0.2097	0.0191	0.00953851	0.00735429	120.53970560017545
DBP	WMH	all_ivs	rs2569882	rs2569882	6	1620147	FALSE	0.1199	0.0182	-0.0124892	0.00677567	43.4005856780582
DBP	WMH	all_ivs	rs9406076	rs9406076	6	8023804	FALSE	0.101	0.0185	-0.00612296	0.007125	29.805697589481376
DBP	WMH	all_ivs	rs35261542	rs35261542	6	20675792	FALSE	0.1196	0.0195	-0.0084699	0.00756681	37.617777777777775
DBP	WMH	all_ivs	rs6934891	rs6934891	6	22139729	FALSE	0.1275	0.0177	-0.00361424	0.00676926	51.888825050272914
DBP	WMH	all_ivs	rs2744133	rs2744133	6	22392260	FALSE	0.1435	0.0193	0.00560375	0.00744303	55.28269215280945
DBP	WMH	all_ivs	rs9467545	rs9467545	6	25638464	FALSE	0.2545	0.0237	0.00915779	0.00908355	115.31316206448399
DBP	WMH	all_ivs	rs198851	rs198851	6	26104632	FALSE	0.3889	0.0244	-0.00160926	0.00937846	254.0365661112604
DBP	WMH	all_ivs	rs1265157	rs1265157	6	31142265	FALSE	0.1444	0.0187	0.00123172	0.00701584	59.62812777031084
DBP	WMH	all_ivs	rs440454	rs440454	6	31927342	FALSE	0.2602	0.0192	0.0257358	0.0071136	183.65896267361111
DBP	WMH	all_ivs	rs115447786	rs115447786	6	34354073	FALSE	0.2904	0.0455	0.0178247	0.0160272	40.735254196353104
DBP	WMH	all_ivs	rs6905288	rs6905288	6	43758873	FALSE	0.1759	0.0179	0.00670584	0.00672785	96.56630567085922
DBP	WMH	all_ivs	rs881858	rs881858	6	43806609	FALSE	0.1553	0.0191	-0.00530838	0.00723676	66.1113730435021
DBP	WMH	all_ivs	rs2397060	rs2397060	6	51611470	FALSE	0.161	0.0251	-0.0078099	0.00977197	41.14379136839097
DBP	WMH	all_ivs	rs1114347	rs1114347	6	51834297	FALSE	0.1792	0.0173	-0.00877625	0.00668845	107.2960673594173
DBP	WMH	all_ivs	rs62413546	rs62413546	6	56012664	FALSE	0.1877	0.032	0.00965407	0.012236	34.405556640624994
DBP	WMH	all_ivs	rs504691	rs504691	6	72206620	FALSE	0.1177	0.0177	0.0141904	0.0068291	44.21874301765137
DBP	WMH	all_ivs	rs1984195	rs1984195	6	79657391	FALSE	0.1736	0.0173	-1.46135e-4	0.00668252	100.6948444652344
DBP	WMH	all_ivs	rs16875357	rs16875357	6	85652904	FALSE	0.1205	0.0203	-0.00961384	0.00771996	35.2356281394841
DBP	WMH	all_ivs	rs3798293	rs3798293	6	97033370	FALSE	0.1328	0.021	-0.0237359	0.0081373	39.99056689342403
DBP	WMH	all_ivs	rs72613227	rs72613227	6	106320771	FALSE	0.1884	0.0285	0.00758182	0.00987497	43.69905817174515
DBP	WMH	all_ivs	rs7767235	rs7767235	6	116185900	FALSE	0.1181	0.0182	0.00880587	0.00695338	42.10726361550536
DBP	WMH	all_ivs	rs509067	rs509067	6	117462040	FALSE	0.1436	0.0175	-0.00512	0.00678655	67.33374693877549
DBP	WMH	all_ivs	rs11153730	rs11153730	6	118667522	FALSE	0.1551	0.0173	-0.00458623	0.00666378	80.37692539008987
DBP	WMH	all_ivs	rs76785130	rs76785130	6	121813835	FALSE	0.4285	0.0662	0.00557578	0.0237771	41.89726499393032
DBP	WMH	all_ivs	rs13215166	rs13215166	6	127164360	FALSE	0.3094	0.0174	0.0112094	0.00672595	316.1856255780156
DBP	WMH	all_ivs	rs9399137	rs9399137	6	135419018	FALSE	0.1148	0.0197	-0.00747601	0.00759055	33.95872091525162
DBP	WMH	all_ivs	rs636202	rs636202	6	139843583	FALSE	0.1023	0.0174	0.00695366	0.00666003	34.56629013079667
DBP	WMH	all_ivs	rs9791312	rs9791312	6	143142313	FALSE	0.1225	0.0184	0.00527505	0.00706598	44.32375354442344
DBP	WMH	all_ivs	rs62434124	rs62434124	6	150999751	FALSE	0.4853	0.0338	0.00958842	0.0128155	206.15182416582056
DBP	WMH	all_ivs	rs9478282	rs9478282	6	152398669	FALSE	0.1994	0.0279	-0.00762871	0.0108677	51.07894297349725
DBP	WMH	all_ivs	rs9365555	rs9365555	6	163757127	FALSE	0.1254	0.0187	0.0225978	0.00711848	44.96885813148789
DBP	WMH	all_ivs	rs11961593	rs11961593	6	166164137	FALSE	0.3158	0.0349	0.013149	0.0132848	81.87916355366542
DBP	WMH	all_ivs	rs1322639	rs1322639	6	169587103	FALSE	0.1584	0.0209	-0.00114418	0.00808652	57.44044321329642
DBP	WMH	all_ivs	rs73033340	rs73033340	7	1195692	FALSE	0.5312	0.0525	-0.0609533	0.0187476	102.37585124716553
DBP	WMH	all_ivs	rs6959688	rs6959688	7	1966831	FALSE	0.1269	0.0178	0.00296028	0.00682676	50.825684888271695
DBP	WMH	all_ivs	rs2906152	rs2906152	7	2523003	FALSE	0.1873	0.0181	0.0186004	0.00692013	107.0824761148927
DBP	WMH	all_ivs	rs5010183	rs5010183	7	7286198	FALSE	0.1195	0.018	-0.0182946	0.00692725	44.07484567901235
DBP	WMH	all_ivs	rs13240040	rs13240040	7	14375977	FALSE	0.1186	0.019	-0.00124689	0.00716308	38.963878116343494
DBP	WMH	all_ivs	rs17432462	rs17432462	7	18548613	FALSE	0.1036	0.0179	0.00393628	0.00689734	33.497581224056674
DBP	WMH	all_ivs	rs4507656	rs4507656	7	22156538	FALSE	0.1487	0.0199	-0.00264438	0.00731316	55.83619100527764
DBP	WMH	all_ivs	rs4722548	rs4722548	7	25961519	FALSE	0.1346	0.0176	-0.00684213	0.00676118	58.48773243801652
DBP	WMH	all_ivs	rs3735533	rs3735533	7	27245893	FALSE	0.487	0.0331	0.00603687	0.0126997	216.47210229917582
DBP	WMH	all_ivs	rs6961048	rs6961048	7	27328187	FALSE	0.2729	0.0286	0.0146896	0.0110184	91.04896327448775
DBP	WMH	all_ivs	rs342977	rs342977	7	35459888	FALSE	0.1577	0.0205	0.00183039	0.0078802	59.17737061273051
DBP	WMH	all_ivs	rs2854746	rs2854746	7	45960645	FALSE	0.113	0.018	0.00749344	0.00684692	39.4104938271605
DBP	WMH	all_ivs	rs17454517	rs17454517	7	50915776	FALSE	0.1216	0.0174	0.0145717	0.0066717	48.83921257761924
DBP	WMH	all_ivs	rs1178979	rs1178979	7	72856430	FALSE	0.1504	0.0221	-0.00299222	0.00839936	46.31387563727196
DBP	WMH	all_ivs	rs3807101	rs3807101	7	80393418	FALSE	0.1743	0.0265	0.0183954	0.0102882	43.26164471342116
DBP	WMH	all_ivs	rs1449596	rs1449596	7	96395096	FALSE	0.1085	0.0181	0.00290286	0.00700002	35.93373218155734
DBP	WMH	all_ivs	rs7788746	rs7788746	7	99612405	FALSE	0.1644	0.0183	0.0104871	0.0070437	80.70518677774793
DBP	WMH	all_ivs	rs4556017	rs4556017	7	100632790	FALSE	0.1601	0.0247	0.0020546	0.00944259	42.013489812978406
DBP	WMH	all_ivs	rs2191046	rs2191046	7	107834075	FALSE	0.1184	0.0197	0.0152001	0.00753591	36.12193048004329
DBP	WMH	all_ivs	rs11556924	rs11556924	7	129663496	FALSE	0.181	0.0181	0.00295548	0.00682254	99.99999999999997
DBP	WMH	all_ivs	rs13237249	rs13237249	7	131151783	FALSE	0.1366	0.0177	0.00652187	0.00680004	59.560024258674076
DBP	WMH	all_ivs	rs75511781	rs75511781	7	131323710	FALSE	0.3721	0.047	-0.00285192	0.0164875	62.67922589406972
DBP	WMH	all_ivs	rs7800558	rs7800558	7	140242661	FALSE	0.096	0.0175	0.0043124	0.00675579	30.093061224489787
DBP	WMH	all_ivs	rs1044608	rs1044608	7	150502016	FALSE	0.2018	0.0339	0.00536983	0.013239	35.43585593581678
DBP	WMH	all_ivs	rs3918226	rs3918226	7	150690176	FALSE	0.6117	0.0329	0.0199625	0.0123048	345.688685433431
DBP	WMH	all_ivs	rs4726006	rs4726006	7	150878803	FALSE	0.1339	0.02	-0.00210692	0.00768939	44.823024999999994
DBP	WMH	all_ivs	rs6464165	rs6464165	7	151413124	FALSE	0.217	0.0195	0.0150586	0.00740306	123.83694937541091
DBP	WMH	all_ivs	rs9638084	rs9638084	7	156311745	FALSE	0.1154	0.0178	0.0112938	0.00680583	42.03118293144805
DBP	WMH	all_ivs	rs2442618	rs2442618	8	6379832	FALSE	0.1315	0.0177	0.00287491	0.00670594	55.19566535797504
DBP	WMH	all_ivs	rs35091929	rs35091929	8	10693492	FALSE	0.1828	0.0177	0.0174538	0.00683533	106.6610488684605
DBP	WMH	all_ivs	rs62503324	rs62503324	8	23400615	FALSE	0.2033	0.0204	0.00309182	0.00778163	99.31490292195308
DBP	WMH	all_ivs	rs951914	rs951914	8	25878995	FALSE	0.1904	0.0193	-0.00497574	0.00739336	97.32384762007032
DBP	WMH	all_ivs	rs17832905	rs17832905	8	26038759	FALSE	0.1923	0.0346	-0.00400905	0.0133514	30.889179391225902
DBP	WMH	all_ivs	rs17321041	rs17321041	8	26445194	FALSE	0.2313	0.0363	0.0255207	0.0137822	40.601120142066804
DBP	WMH	all_ivs	rs1906672	rs1906672	8	38130025	FALSE	0.1402	0.0205	-0.0134244	0.007785	46.77225461035097
DBP	WMH	all_ivs	rs10087280	rs10087280	8	49391836	FALSE	0.1381	0.0232	0.0269387	0.00902421	35.43328255053509
DBP	WMH	all_ivs	rs4873492	rs4873492	8	51947549	FALSE	0.1401	0.0231	0.0101105	0.00889309	36.78343734187891
DBP	WMH	all_ivs	rs11778153	rs11778153	8	64503942	FALSE	0.1192	0.0182	0.00800624	0.00696573	42.895302499698104
DBP	WMH	all_ivs	rs6983239	rs6983239	8	72507296	FALSE	0.1159	0.0211	-0.0114796	0.00809178	30.17185148581568
DBP	WMH	all_ivs	rs148401029	rs148401029	8	81386066	FALSE	0.3122	0.0486	-0.0111625	0.0179789	41.26608409964605
DBP	WMH	all_ivs	rs56345595	rs56345595	8	82814156	FALSE	0.1329	0.0177	5.44114e-4	0.00677836	56.37719046251077
DBP	WMH	all_ivs	rs73276406	rs73276406	8	96021760	FALSE	0.1564	0.0246	0.0138708	0.00961333	40.42064908453963
DBP	WMH	all_ivs	rs2978098	rs2978098	8	101676675	FALSE	0.1548	0.0176	-0.00871791	0.00669268	77.36002066115702
DBP	WMH	all_ivs	rs142449193	rs142449193	8	102750597	FALSE	0.2573	0.0426	-0.023745	0.0167056	36.480465736516116
DBP	WMH	all_ivs	rs2957468	rs2957468	8	106325360	FALSE	0.1377	0.0185	0.0100868	0.00706861	55.4018699780862
DBP	WMH	all_ivs	rs722783	rs722783	8	120442287	FALSE	0.2093	0.0208	-0.0109445	0.00802042	101.25390625000004
DBP	WMH	all_ivs	rs9918907	rs9918907	8	124816862	FALSE	0.1188	0.021	0.0148897	0.00815303	32.003265306122444
DBP	WMH	all_ivs	rs7012891	rs7012891	8	126514676	FALSE	0.1391	0.0205	0.0110832	0.00784664	46.04118976799524
DBP	WMH	all_ivs	rs4909314	rs4909314	8	135623798	FALSE	0.1339	0.0177	-0.022099	0.00680989	57.228797599668034
DBP	WMH	all_ivs	rs4074812	rs4074812	8	141883529	FALSE	0.1336	0.0175	0.00484555	0.00669493	58.282318367346925
DBP	WMH	all_ivs	rs3802230	rs3802230	8	143992864	FALSE	0.1605	0.0174	0.0104804	0.0066769	85.08472057074913
DBP	WMH	all_ivs	rs12337056	rs12337056	9	628670	FALSE	0.1364	0.0228	-0.00611513	0.0087581	35.78978147122191
DBP	WMH	all_ivs	rs12216886	rs12216886	9	2493751	FALSE	0.1292	0.0221	0.0142348	0.00852681	34.1775147928994
DBP	WMH	all_ivs	rs1332812	rs1332812	9	9350986	FALSE	0.1145	0.0181	-0.00283565	0.00700018	40.017856597783954
DBP	WMH	all_ivs	rs4615669	rs4615669	9	21818674	FALSE	0.114	0.0174	0.00157524	0.00669336	42.92508917954817
DBP	WMH	all_ivs	rs1243876	rs1243876	9	35693104	FALSE	0.1063	0.019	-0.017718	0.00729975	31.30108033240998
DBP	WMH	all_ivs	rs76452347	rs76452347	9	35906471	FALSE	0.2246	0.0229	0.0178772	0.00854549	96.19412291909
DBP	WMH	all_ivs	rs11141731	rs11141731	9	89888472	FALSE	0.1258	0.0207	0.025231	0.00787138	36.9335107003664
DBP	WMH	all_ivs	rs4743021	rs4743021	9	109414561	FALSE	0.108	0.0194	-0.0118255	0.00729457	30.991603783611435
DBP	WMH	all_ivs	rs10980408	rs10980408	9	113249071	FALSE	0.3745	0.0477	0.0179124	0.0180508	61.64060405486773
DBP	WMH	all_ivs	rs10759697	rs10759697	9	117172307	FALSE	0.1308	0.0173	0.00455881	0.00665243	57.16408834241038
DBP	WMH	all_ivs	rs2133386	rs2133386	9	128173838	FALSE	0.1322	0.0176	9.42654e-4	0.00674058	56.420583677685954
DBP	WMH	all_ivs	rs507666	rs992108547	9	136149399	FALSE	0.2854	0.0223	0.0040051	0.00862467	163.79408393492727
DBP	WMH	all_ivs	rs6271	rs6271	9	136522274	FALSE	0.4313	0.0352	2.45697e-4	0.0126434	150.13211034349172
DBP	WMH	all_ivs	rs11145807	rs11145807	9	139520789	FALSE	0.155	0.0184	1.1629e-4	0.00681705	70.96231096408319
DBP	WMH	all_ivs	rs11252324	rs11252324	10	4124568	FALSE	0.2339	0.0328	0.0151308	0.0126622	50.85255242415227
DBP	WMH	all_ivs	rs1623474	rs1623474	10	18471794	FALSE	0.2234	0.0184	-0.0010252	0.00711403	147.4112712665406
DBP	WMH	all_ivs	rs12258967	rs12258967	10	18727959	FALSE	0.354	0.0193	0.0187782	0.00733473	336.4278235657332
DBP	WMH	all_ivs	rs11596400	rs11596400	10	28245420	FALSE	0.1278	0.0174	0.0122563	0.00668979	53.94649227110583
DBP	WMH	all_ivs	rs1265842	rs1265842	10	28924901	FALSE	0.1113	0.0174	-4.62117e-4	0.00671092	40.91587395957195
DBP	WMH	all_ivs	rs2487926	rs2487926	10	30300787	FALSE	0.0972	0.0176	-1.76119e-4	0.00679024	30.500516528925615
DBP	WMH	all_ivs	rs3006583	rs3006583	10	31280845	FALSE	0.1303	0.0222	-0.00259785	0.00857561	34.44949679409138
DBP	WMH	all_ivs	rs4948643	rs4948643	10	45379759	FALSE	0.1591	0.0194	-0.0103028	0.00758619	67.25690827930704
DBP	WMH	all_ivs	rs72831343	rs72831343	10	63515681	FALSE	0.4936	0.0248	0.0276184	0.00946325	396.13839750260144
DBP	WMH	all_ivs	rs2236295	rs2236295	10	64564892	FALSE	0.207	0.0177	-0.00898538	0.00685036	136.771042803792
DBP	WMH	all_ivs	rs35506078	rs35506078	10	65210552	FALSE	0.1348	0.0183	-0.0014516	0.00703335	54.2597270745618
DBP	WMH	all_ivs	rs12247028	rs12247028	10	75410052	FALSE	0.1396	0.0188	-0.00970212	0.00707155	55.13852421910367
DBP	WMH	all_ivs	rs11187838	rs11187838	10	96038686	FALSE	0.2781	0.0174	-0.011326	0.0067262	255.44857312722954
DBP	WMH	all_ivs	rs1006545	rs1006545	10	102553647	FALSE	0.3633	0.0275	-0.0154274	0.0105589	174.52811900826447
DBP	WMH	all_ivs	rs11190746	rs11190746	10	102663565	FALSE	0.11	0.0175	0.00520675	0.00670873	39.51020408163265
DBP	WMH	all_ivs	rs12414028	rs12414028	10	104957629	FALSE	0.5141	0.0313	-0.0511869	0.0124981	269.7780012044626
DBP	WMH	all_ivs	rs4918065	rs4918065	10	105617578	FALSE	0.1327	0.0201	-0.00135702	0.00773662	43.586272617014444
DBP	WMH	all_ivs	rs117464403	rs117464403	10	107158054	FALSE	0.4537	0.0682	-0.0115567	0.0240805	44.255658706065475
DBP	WMH	all_ivs	rs2484294	rs2484294	10	115792062	FALSE	0.3165	0.0196	0.0202203	0.00757688	260.7565857975844
DBP	WMH	all_ivs	rs72842207	rs72842207	10	121433675	FALSE	0.2112	0.0211	-0.0050535	0.0081051	100.18966330495722
DBP	WMH	all_ivs	rs11592107	rs11592107	10	122968964	FALSE	0.1203	0.0187	0.00956461	0.0072233	41.385484286081955
DBP	WMH	all_ivs	rs10490923	rs10490923	10	124214251	FALSE	0.1533	0.0262	-0.0363482	0.0101367	34.23589825767728
DBP	WMH	all_ivs	rs9419374	rs9419374	10	133729749	FALSE	0.1164	0.0185	-0.00232179	0.00705862	39.587903579254935
DBP	WMH	all_ivs	rs1133400	rs1133400	10	134459388	FALSE	0.1318	0.0215	-0.0112387	0.00801336	37.579751216873994
DBP	WMH	all_ivs	rs28570096	rs28570096	11	1616088	FALSE	0.1396	0.0188	0.0034413	0.00724185	55.13852421910367
DBP	WMH	all_ivs	rs79889784	rs79889784	11	1702117	FALSE	0.3941	0.0717	0.0547295	0.0256002	30.211657903592567
DBP	WMH	all_ivs	rs569550	rs569550	11	1887068	FALSE	0.2688	0.0181	0.0102489	0.0068389	220.54711394646066
DBP	WMH	all_ivs	rs147081004	rs147081004	11	1919980	FALSE	0.1411	0.0257	-0.0113848	0.00967767	30.143090735665947
DBP	WMH	all_ivs	rs360153	rs360153	11	9762274	FALSE	0.2198	0.0175	0.016998	0.0067101	157.75359999999998
DBP	WMH	all_ivs	rs7107711	rs7107711	11	13255538	FALSE	0.1263	0.021	-8.43821e-4	0.00800052	36.171632653061216
DBP	WMH	all_ivs	rs4756782	rs4756782	11	14254606	FALSE	0.1551	0.0234	0.00584607	0.00908343	43.93310322156476
DBP	WMH	all_ivs	rs10832586	rs10832586	11	16304089	FALSE	0.3083	0.0216	-0.0131013	0.00833274	203.72275805898494
DBP	WMH	all_ivs	rs7926335	rs7926335	11	16917869	FALSE	0.1804	0.0195	0.0149199	0.00752981	85.58621959237345
DBP	WMH	all_ivs	rs10500932	rs10500932	11	22501446	FALSE	0.2784	0.0333	0.0263575	0.0131459	69.89562535508479
DBP	WMH	all_ivs	rs962369	rs962369	11	27734420	FALSE	0.1684	0.0189	-0.00358576	0.00723018	79.38904285994232
DBP	WMH	all_ivs	rs7933758	rs7933758	11	31000774	FALSE	0.1138	0.0191	8.00241e-4	0.00729714	35.49913653682739
DBP	WMH	all_ivs	rs10838702	rs10838702	11	47410888	FALSE	0.2375	0.0178	-0.0178935	0.00682567	178.02755333922485
DBP	WMH	all_ivs	rs11040503	rs11040503	11	49760350	FALSE	0.17	0.0236	-0.0127938	0.00874751	51.888825050272914
DBP	WMH	all_ivs	rs751984	rs751984	11	61278246	FALSE	0.3937	0.0275	-0.0117048	0.0105365	204.95826776859505
DBP	WMH	all_ivs	rs35927325	rs35927325	11	63882495	FALSE	0.2221	0.0364	0.0233897	0.0139629	37.23011260717304
DBP	WMH	all_ivs	rs2306363	rs2306363	11	65405600	FALSE	0.2643	0.0216	0.0197821	0.00823592	149.72241512345673
DBP	WMH	all_ivs	rs11228613	rs11228613	11	69068492	FALSE	0.1741	0.0212	0.0030128	0.00815482	67.44128248487006
DBP	WMH	all_ivs	rs504217	rs504217	11	72006086	FALSE	0.2745	0.0335	0.00273402	0.0130045	67.14212519492092
DBP	WMH	all_ivs	rs7115331	rs7115331	11	76218590	FALSE	0.1266	0.0192	0.00396146	0.00736735	43.4775390625
DBP	WMH	all_ivs	rs11021221	rs11021221	11	95308854	FALSE	0.1877	0.0233	0.00558232	0.00891396	64.8958168321391
DBP	WMH	all_ivs	rs61909958	rs61909958	11	96151677	FALSE	0.1275	0.0228	0.00226183	0.00864603	31.271641274238227
DBP	WMH	all_ivs	rs604723	rs604723	11	100610546	FALSE	0.3848	0.0194	-0.00251353	0.00747315	393.4292698480177
DBP	WMH	all_ivs	rs66682451	rs66682451	11	107097540	FALSE	0.1348	0.0194	0.00591023	0.00746275	48.28100754596663
DBP	WMH	all_ivs	rs7106104	rs7106104	11	111635655	FALSE	0.1186	0.0193	0.00737215	0.00745838	37.76198018738758
DBP	WMH	all_ivs	rs12790943	rs12790943	11	120058623	FALSE	0.1002	0.0175	4.60711e-4	0.00673947	32.783804081632645
DBP	WMH	all_ivs	rs12574332	rs12574332	11	122521123	FALSE	0.2072	0.0266	-0.0171682	0.0103445	60.67590027700832
DBP	WMH	all_ivs	rs4936099	rs4936099	11	130280725	FALSE	0.1745	0.0178	-0.0208272	0.00682288	96.10607877793205
DBP	WMH	all_ivs	rs55935819	rs55935819	12	2521579	FALSE	0.1271	0.0181	0.00123002	0.00691493	49.30988065077376
DBP	WMH	all_ivs	rs7971147	rs7971147	12	19669330	FALSE	0.1187	0.0177	-0.00684798	0.00670551	44.97331545852085
DBP	WMH	all_ivs	rs4306343	rs4306343	12	20190630	FALSE	0.317	0.0193	0.0246208	0.00746035	269.77636983543175
DBP	WMH	all_ivs	rs6487076	rs6487076	12	20470857	FALSE	0.174	0.0209	0.0117453	0.00796966	69.3116000091573
DBP	WMH	all_ivs	rs12229480	rs12229480	12	26472908	FALSE	0.1359	0.0193	0.00154003	0.00742148	49.58202904775966
DBP	WMH	all_ivs	rs1669907	rs1669907	12	42777933	FALSE	0.1158	0.0191	-0.00208872	0.0072293	36.757873961788334
DBP	WMH	all_ivs	rs61917655	rs61917655	12	48210787	FALSE	0.2246	0.0297	-0.0148843	0.0115934	57.18822342391366
DBP	WMH	all_ivs	rs7967705	rs7967705	12	50511408	FALSE	0.2694	0.0178	-0.00376738	0.00687661	229.06312334301222
DBP	WMH	all_ivs	rs7306947	rs7306947	12	53385046	FALSE	0.205	0.0342	-0.0298247	0.0130166	35.929858759960325
DBP	WMH	all_ivs	rs6580970	rs6580970	12	54434277	FALSE	0.1661	0.0191	0.00798855	0.00731152	75.62624379814152
DBP	WMH	all_ivs	rs6581101	rs6581101	12	57136374	FALSE	0.1261	0.0179	-0.00933909	0.00684123	49.62769576480134
DBP	WMH	all_ivs	rs7959649	rs7959649	12	67783108	FALSE	0.1166	0.0202	0.00701861	0.00778885	33.31918439368689
DBP	WMH	all_ivs	rs521033	rs521033	12	69951428	FALSE	0.1802	0.0253	-0.0108538	0.00992945	50.730428533487476
DBP	WMH	all_ivs	rs710698	rs710698	12	70369918	FALSE	0.1059	0.0176	0.01649	0.0067457	36.20483600206611
DBP	WMH	all_ivs	rs2681485	rs2681485	12	90025622	FALSE	0.2945	0.0176	0.0225907	0.00678465	279.99176782024784
DBP	WMH	all_ivs	rs11108209	rs11108209	12	96109855	FALSE	0.1901	0.03	0.0092174	0.0113792	40.15334444444445
DBP	WMH	all_ivs	rs11112548	rs11112548	12	105871914	FALSE	0.2742	0.0443	-0.0274072	0.0167451	38.311349357194175
DBP	WMH	all_ivs	rs116063464	rs116063464	12	109860182	FALSE	0.2017	0.0369	0.00634384	0.0141973	29.878518812288387
DBP	WMH	all_ivs	rs7137828	rs7137828	12	111932800	FALSE	0.5027	0.0176	0.00583119	0.00665897	815.81640625
DBP	WMH	all_ivs	rs35443	rs35443	12	115552878	FALSE	0.2661	0.0178	0.00856939	0.00683538	223.48570256280775
DBP	WMH	all_ivs	rs6490019	rs6490019	12	115920472	FALSE	0.1778	0.0178	-0.0133611	0.0068689	99.77540714556244
DBP	WMH	all_ivs	rs1790123	rs1790123	12	123659542	FALSE	0.1991	0.0218	-0.0190394	0.00834779	83.41219173470247
DBP	WMH	all_ivs	rs2271139	rs2271139	12	124839540	FALSE	0.1247	0.0192	-0.0102244	0.00737937	42.18231879340279
DBP	WMH	all_ivs	rs682681	rs682681	13	22294062	FALSE	0.1454	0.0185	0.0169598	0.00715908	61.77110299488679
DBP	WMH	all_ivs	rs61948065	rs61948065	13	25255052	FALSE	0.1737	0.027	0.00129795	0.0103433	41.38777777777778
DBP	WMH	all_ivs	rs9508495	rs9508495	13	30146201	FALSE	0.1944	0.0204	0.0195917	0.00783879	90.80968858131484
DBP	WMH	all_ivs	rs56256111	rs56256111	13	41478963	FALSE	0.1926	0.0263	0.0126013	0.00962766	53.629169136462856
DBP	WMH	all_ivs	rs7992292	rs7992292	13	41968013	FALSE	0.1367	0.0231	0.0232597	0.00875454	35.01975225351848
DBP	WMH	all_ivs	rs9526707	rs9526707	13	51489186	FALSE	0.1217	0.0186	0.00195475	0.00708225	42.81098970979305
DBP	WMH	all_ivs	rs9563529	rs9563529	13	58316637	FALSE	0.1222	0.0215	-0.00523809	0.00830785	32.30468361276366
DBP	WMH	all_ivs	rs3861113	rs3861113	13	72364382	FALSE	0.2126	0.0322	-0.0165268	0.012704	43.59280120365727
DBP	WMH	all_ivs	rs12866098	rs12866098	13	73119617	FALSE	0.1033	0.0186	-0.00860011	0.00701771	30.844288357035506
DBP	WMH	all_ivs	rs1215469	rs1215469	13	80707408	FALSE	0.1383	0.0211	0.0074217	0.00798905	42.96150131398666
DBP	WMH	all_ivs	rs55684003	rs55684003	13	97988689	FALSE	0.122	0.0189	-1.8631e-5	0.00724901	41.6673665350914
DBP	WMH	all_ivs	rs675605	rs675605	13	110873556	FALSE	0.1205	0.0196	0.00585751	0.00735894	37.79740212411495
DBP	WMH	all_ivs	rs7990017	rs7990017	13	110959705	FALSE	0.1039	0.0185	0.00966161	0.00680138	31.541884587290003
DBP	WMH	all_ivs	rs7491960	rs7491960	13	114470370	FALSE	0.1288	0.018	0.0051504	0.00670485	51.20197530864198
DBP	WMH	all_ivs	rs7321688	rs7321688	13	115000365	FALSE	0.1507	0.0205	0.0111767	0.0078829	54.04042831647828
DBP	WMH	all_ivs	rs7350752	rs7350752	14	21841154	FALSE	0.1504	0.0268	0.0200911	0.0100097	31.49387391401203
DBP	WMH	all_ivs	rs17880989	rs17880989	14	23313633	FALSE	0.4014	0.0591	-0.0672192	0.0208519	46.12960911128861
DBP	WMH	all_ivs	rs1950500	rs1950500	14	24830850	FALSE	0.1396	0.019	0.0121159	0.00733949	53.98382271468145
DBP	WMH	all_ivs	rs4424827	rs4424827	14	35110857	FALSE	0.0981	0.0175	0.00685972	0.00669705	31.424032653061225
DBP	WMH	all_ivs	rs7155504	rs7155504	14	36158828	FALSE	0.2286	0.0317	-0.0200314	0.0118678	52.00366209236832
DBP	WMH	all_ivs	rs72683923	rs72683923	14	50735947	FALSE	0.5325	0.0635	0.0504462	0.0236262	70.32209064418127
DBP	WMH	all_ivs	rs35413927	rs35413927	14	53420358	FALSE	0.1274	0.0189	0.00394489	0.00724551	45.43758573388204
DBP	WMH	all_ivs	rs12148044	rs12148044	14	69214219	FALSE	0.1371	0.023	-0.00535606	0.00892334	35.53196597353498
DBP	WMH	all_ivs	rs227426	rs227426	14	70456664	FALSE	0.1119	0.0175	-0.0031624	0.00677684	40.88688979591836
DBP	WMH	all_ivs	rs2239268	rs2239268	14	72469591	FALSE	0.1097	0.019	3.94403e-4	0.00739926	33.335429362880895
DBP	WMH	all_ivs	rs4903064	rs4903064	14	73279420	FALSE	0.1543	0.0206	-6.85225e-4	0.00788646	56.10446319162974
DBP	WMH	all_ivs	rs8014182	rs8014182	14	103859962	FALSE	0.1942	0.0257	0.0241421	0.0101017	57.09948674468956
DBP	WMH	all_ivs	rs10873612	rs10873612	15	26105602	FALSE	0.1096	0.0179	0.0195542	0.0068434	37.48996598108673
DBP	WMH	all_ivs	rs11070245	rs11070245	15	40317792	FALSE	0.1287	0.0174	-0.00764189	0.00671493	54.70897740784782
DBP	WMH	all_ivs	rs2925345	rs2925345	15	41311799	FALSE	0.189	0.0174	-0.0174925	0.00668548	117.98454221165281
DBP	WMH	all_ivs	rs17678552	rs17678552	15	42066190	FALSE	0.1649	0.0182	-0.00817424	0.00706586	82.09156502837821
DBP	WMH	all_ivs	rs7169864	rs7169864	15	53902901	FALSE	0.1132	0.0205	0.0130007	0.00785338	30.491945270672215
DBP	WMH	all_ivs	rs28429256	rs28429256	15	66931617	FALSE	0.1636	0.0188	0.00811402	0.007182	75.72702580353099
DBP	WMH	all_ivs	rs2469141	rs2469141	15	66967398	FALSE	0.1351	0.0238	-0.00743365	0.00919418	32.22231833910034
DBP	WMH	all_ivs	rs3743111	rs3743111	15	71587373	FALSE	0.1517	0.0178	0.00597513	0.00684904	72.63252745865422
DBP	WMH	all_ivs	rs11636952	rs11636952	15	75114322	FALSE	0.3997	0.0189	-0.0199533	0.00728209	447.244170096022
DBP	WMH	all_ivs	rs57708073	rs57708073	15	79066653	FALSE	0.1907	0.0214	0.017397	0.00765808	79.40975194340119
DBP	WMH	all_ivs	rs2627313	rs2627313	15	81006712	FALSE	0.151	0.0175	0.0193737	0.00672412	74.45224489795918
DBP	WMH	all_ivs	rs77032376	rs77032376	15	90010780	FALSE	0.173	0.0249	0.0278933	0.00959454	48.27180206770859
DBP	WMH	all_ivs	rs4932373	rs4932373	15	91429287	FALSE	0.3664	0.0189	-0.0042875	0.00713519	375.8264326306654
DBP	WMH	all_ivs	rs3743369	rs3743369	15	92707569	FALSE	0.104	0.0179	-0.00260079	0.00688207	33.75674916513218
DBP	WMH	all_ivs	rs12906962	rs12906962	15	95312071	FALSE	0.2378	0.0188	-0.00310008	0.00720315	159.9955862381168
DBP	WMH	all_ivs	rs2589218	rs2589218	15	96785017	FALSE	0.1207	0.0196	0.021817	0.00751993	37.92297480216577
DBP	WMH	all_ivs	rs12596630	rs12596630	16	2065666	FALSE	0.2606	0.0314	0.00319618	0.0117649	68.87942715728833
DBP	WMH	all_ivs	rs917522	rs917522	16	4097222	FALSE	0.1665	0.0273	0.00465648	0.0105056	37.19659461417703
DBP	WMH	all_ivs	rs12446456	rs12446456	16	4922201	FALSE	0.181	0.0175	0.00838745	0.00672263	106.97469387755099
DBP	WMH	all_ivs	rs77924615	rs77924615	16	20392332	FALSE	0.3163	0.0224	0.00769075	0.00849402	199.3895288584184
DBP	WMH	all_ivs	rs9937801	rs9937801	16	21088130	FALSE	0.1554	0.0174	-0.0137627	0.00669633	79.76337693222358
DBP	WMH	all_ivs	rs80095680	rs80095680	16	30902353	FALSE	0.1566	0.0198	0.0097387	0.00755974	62.55371900826445
DBP	WMH	all_ivs	rs7192407	rs7192407	16	49783926	FALSE	0.1019	0.0174	0.00665727	0.00667488	34.29650548289075
DBP	WMH	all_ivs	rs62030049	rs62030049	16	50572709	FALSE	0.1336	0.0209	0.0113836	0.00786217	40.86206817609487
DBP	WMH	all_ivs	rs9932220	rs9932220	16	51758116	FALSE	0.1591	0.021	0.0130577	0.00807112	57.39866213151926
DBP	WMH	all_ivs	rs12919839	rs12919839	16	56859216	FALSE	0.1098	0.0192	0.0110454	0.00742925	32.7041015625
DBP	WMH	all_ivs	rs45474499	rs45474499	16	66914492	FALSE	0.3562	0.0415	0.012289	0.0159616	73.67016402961242
DBP	WMH	all_ivs	rs28544928	rs28544928	16	69329268	FALSE	0.1543	0.0199	-7.75675e-4	0.00764795	60.120931289613885
DBP	WMH	all_ivs	rs12444212	rs12444212	16	71437689	FALSE	0.1291	0.0226	-0.00704409	0.00850124	32.63139243480304
DBP	WMH	all_ivs	rs11859505	rs11859505	16	74195719	FALSE	0.1037	0.0181	0.0111897	0.00686369	32.82466957663075
DBP	WMH	all_ivs	rs8046697	rs8046697	16	75442144	FALSE	0.1289	0.0179	0.00181864	0.0068106	51.85609063387535
DBP	WMH	all_ivs	rs12929303	rs12929303	16	81602264	FALSE	0.1572	0.0174	0.019379	0.00669017	81.62187871581452
DBP	WMH	all_ivs	rs79286081	rs79286081	16	86555837	FALSE	0.1631	0.0299	0.00577674	0.0110643	29.755383049406603
DBP	WMH	all_ivs	rs908951	rs908951	16	89697625	FALSE	0.1983	0.0181	8.12505e-4	0.00677949	120.02957785171391
DBP	WMH	all_ivs	rs4362428	rs4362428	17	2090341	FALSE	0.1127	0.0176	0.0105538	0.00683582	41.00364798553718
DBP	WMH	all_ivs	rs12601936	rs12601936	17	7172609	FALSE	0.1429	0.0178	0.0150839	0.00682888	64.45022724403485
DBP	WMH	all_ivs	rs138420351	rs138420351	17	7700063	FALSE	0.5568	0.0854	0.0615566	0.0342775	42.50917846310789
DBP	WMH	all_ivs	rs74439044	rs74439044	17	7781019	FALSE	0.3496	0.0294	0.0185968	0.0113887	141.39960201767786
DBP	WMH	all_ivs	rs12949537	rs12949537	17	16240488	FALSE	0.1197	0.0177	0.00171293	0.00667604	45.73427176098822
DBP	WMH	all_ivs	rs1043809	rs1043809	17	19239432	FALSE	0.159	0.0223	0.0522693	0.00856161	50.8375394638943
DBP	WMH	all_ivs	rs76954792	rs76954792	17	30033514	FALSE	0.1213	0.0208	0.00896632	0.00803542	34.00908376479291
DBP	WMH	all_ivs	rs28661492	rs28661492	17	30609932	FALSE	0.1359	0.0222	0.00928295	0.00849356	37.474251278305324
DBP	WMH	all_ivs	rs2239917	rs2239917	17	43165887	FALSE	0.1731	0.0176	-0.0479712	0.00679231	96.73169550619832
DBP	WMH	all_ivs	rs62064603	rs62064603	17	43484496	FALSE	0.1335	0.0229	-0.0506286	0.00864964	33.985335901298605
DBP	WMH	all_ivs	rs55938136	rs55938136	17	43798360	FALSE	0.1408	0.0225	-0.0473037	0.00801746	39.159782716049385
DBP	WMH	all_ivs	rs3916033	rs3916033	17	44889703	FALSE	0.1233	0.0185	0.0148239	0.00677294	44.42042366691016
DBP	WMH	all_ivs	rs8081301	rs8081301	17	47039302	FALSE	0.1278	0.0197	0.00920589	0.00747098	42.085186425829065
DBP	WMH	all_ivs	rs9889262	rs9889262	17	47398070	FALSE	0.2283	0.018	0.0170309	0.00693276	160.86694444444444
DBP	WMH	all_ivs	rs3785837	rs3785837	17	59468942	FALSE	0.1453	0.0213	0.0131174	0.00802033	46.53417531794839
DBP	WMH	all_ivs	rs6504163	rs6504163	17	61545779	FALSE	0.1842	0.0183	0.00120167	0.00697183	101.31577532921256
DBP	WMH	all_ivs	rs1867624	rs1867624	17	62387091	FALSE	0.1412	0.0178	-0.0028649	0.0068563	62.925893195303615
DBP	WMH	all_ivs	rs1436138	rs1436138	17	75316880	FALSE	0.1991	0.0182	0.00460408	0.00699541	119.6739826107958
DBP	WMH	all_ivs	rs7217916	rs7217916	17	76769434	FALSE	0.1111	0.0179	0.00319125	0.00688119	38.52317343403764
DBP	WMH	all_ivs	rs11077961	rs11077961	17	81012749	FALSE	0.1073	0.0186	-0.00293211	0.006971	33.27925193664008
DBP	WMH	all_ivs	rs7227492	rs7227492	18	772064	FALSE	0.181	0.0227	0.0028348	0.00862764	63.5777911467329
DBP	WMH	all_ivs	rs1903752	rs1903752	18	7129327	FALSE	0.0987	0.0178	-0.00604052	0.00670422	30.746401969448304
DBP	WMH	all_ivs	rs11665020	rs11665020	18	10879503	FALSE	0.1423	0.0187	0.0110577	0.00710064	57.9064028139209
DBP	WMH	all_ivs	rs4410190	rs4410190	18	20020200	FALSE	0.1068	0.0176	-0.00498356	0.00670055	36.8228305785124
DBP	WMH	all_ivs	rs10164193	rs10164193	18	31161426	FALSE	0.2196	0.0327	0.0137489	0.0126232	45.099234071206126
DBP	WMH	all_ivs	rs11661473	rs11661473	18	42177123	FALSE	0.2007	0.0196	0.0035384	0.00753235	104.85342044981259
DBP	WMH	all_ivs	rs58693787	rs58693787	18	48141710	FALSE	0.1584	0.0202	0.00455297	0.00780324	61.49044211351829
DBP	WMH	all_ivs	rs4102481	rs4102481	18	51774715	FALSE	0.1248	0.019	0.00988519	0.00734006	43.14415512465374
DBP	WMH	all_ivs	rs2062011	rs2062011	18	60876114	FALSE	0.1138	0.0209	-0.00621083	0.00783758	29.647764474256544
DBP	WMH	all_ivs	rs4891258	rs4891258	18	72995537	FALSE	0.1159	0.0187	-0.001249	0.00723517	38.41348051131001
DBP	WMH	all_ivs	rs10424224	rs10424224	19	7240481	FALSE	0.1042	0.0182	0.011106	0.00696523	32.77877067986958
DBP	WMH	all_ivs	rs7258382	rs7258382	19	7262569	FALSE	0.2624	0.0248	0.0168442	0.00895824	111.95005202913634
DBP	WMH	all_ivs	rs2009733	rs2009733	19	8398714	FALSE	0.1217	0.0176	-0.00968067	0.00662413	47.8140818698347
DBP	WMH	all_ivs	rs387865	rs387865	19	11284539	FALSE	0.1059	0.0191	0.00435253	0.00724779	30.741509278802667
DBP	WMH	all_ivs	rs167479	rs167479	19	11526765	FALSE	0.362	0.0188	0.013655	0.00665487	370.76731552738795
DBP	WMH	all_ivs	rs1077795	rs1077795	19	17222584	FALSE	0.1987	0.0199	0.00702431	0.00757797	99.69871972929974
DBP	WMH	all_ivs	rs72999033	rs72999033	19	19366632	FALSE	0.2793	0.0358	-0.0172769	0.0136385	60.866148060297746
DBP	WMH	all_ivs	rs7257694	rs7257694	19	30314666	FALSE	0.1837	0.0178	-0.016293	0.00679769	106.50703825274586
DBP	WMH	all_ivs	rs8108717	rs8108717	19	31911914	FALSE	0.1323	0.0179	0.00110659	0.00684763	54.62778939483786
DBP	WMH	all_ivs	rs73036520	rs73036520	19	45749484	TRUE	0.1557	0.0202	3.81094e-4	0.00768117	59.41204293696697
DBP	WMH	all_ivs	rs2548459	rs2548459	19	49209339	FALSE	0.132	0.0176	0.0143432	0.00670999	56.25
DBP	WMH	all_ivs	rs73046792	rs73046792	19	49605705	FALSE	0.1518	0.0245	-0.00852802	0.00894685	38.389404414827155
DBP	WMH	all_ivs	rs6108168	rs6108168	20	8626271	FALSE	0.1901	0.0199	0.014858	0.00767164	91.2552965834196
DBP	WMH	all_ivs	rs693974	rs693974	20	10557252	FALSE	0.1847	0.0177	-0.00533811	0.00681126	108.88981454882058
DBP	WMH	all_ivs	rs1327235	rs1327235	20	10969030	FALSE	0.3018	0.0173	0.027587	0.00669209	304.33105015202653
DBP	WMH	all_ivs	rs6078393	rs6078393	20	11908101	FALSE	0.1205	0.0176	4.97387e-4	0.00675857	46.87580707644627
DBP	WMH	all_ivs	rs4814837	rs4814837	20	19241680	FALSE	0.1003	0.0184	0.0158199	0.00703541	29.714349007561438
DBP	WMH	all_ivs	rs13042148	rs13042148	20	32298286	FALSE	0.1674	0.0244	0.0173823	0.00916102	47.0685971513034
DBP	WMH	all_ivs	rs7265695	rs7265695	20	40043096	FALSE	0.1967	0.0219	0.0209676	0.00850509	80.67156648109925
DBP	WMH	all_ivs	rs6031431	rs6031431	20	42795152	FALSE	0.1153	0.0175	0.00954131	0.00672626	43.40927346938775
DBP	WMH	all_ivs	rs2598	rs2598	20	47241618	FALSE	0.1387	0.0175	0.00704774	0.00671062	62.81694693877549
DBP	WMH	all_ivs	rs79044887	rs79044887	20	47427831	FALSE	0.2427	0.0245	-0.00689857	0.00933165	98.1312619741774
DBP	WMH	all_ivs	rs234623	rs234623	20	57488964	FALSE	0.1191	0.0174	5.75975e-4	0.0066962	46.851664684898935
DBP	WMH	all_ivs	rs6026739	rs6026739	20	57739469	FALSE	0.5032	0.0266	0.0322578	0.0104096	357.8639832664367
DBP	WMH	all_ivs	rs79208229	rs79208229	20	62516236	FALSE	0.2128	0.0326	0.017833	0.0120953	42.609657871956045
DBP	WMH	all_ivs	rs35213536	rs35213536	20	62694319	FALSE	0.2044	0.0205	-0.00125406	0.00775418	99.41549077929804
DBP	WMH	all_ivs	rs1882961	rs1882961	21	16556367	FALSE	0.1272	0.0188	0.00270557	0.00724697	45.77818017202354
DBP	WMH	all_ivs	rs1003763	rs1003763	21	40073020	FALSE	0.1484	0.0203	0.0211801	0.00780077	53.44114149821642
DBP	WMH	all_ivs	rs12627514	rs12627514	21	44759440	FALSE	0.2164	0.0196	0.00756507	0.0074076	121.89962515618495
DBP	WMH	all_ivs	rs34487963	rs34487963	21	44838330	FALSE	0.5734	0.0712	0.0407789	0.0253541	64.8567810251231
DBP	WMH	all_ivs	rs7278003	rs7278003	21	44966069	FALSE	0.1293	0.0176	0.016344	0.00671198	53.97239798553718
DBP	WMH	all_ivs	rs5992929	rs5992929	22	18451977	FALSE	0.1684	0.0193	4.21612e-4	0.0073984	76.13240623909365
DBP	WMH	all_ivs	rs134041	rs134041	22	28056338	FALSE	0.1223	0.0175	0.00754941	0.00673082	48.8401306122449
DBP	WMH	all_ivs	rs2294239	rs2294239	22	29449477	FALSE	0.1458	0.0176	-5.76259e-4	0.00672495	68.62616219008267
DBP	WMH	all_ivs	rs5753630	rs5753630	22	31861950	FALSE	0.107	0.0175	-0.0113788	0.00670584	37.38448979591836
DBP	WMH	apoe_excluded	rs34645159	rs34645159	1	1724366	FALSE	0.133	0.0174	-0.0165562	0.00666974	58.42581582771834
DBP	WMH	apoe_excluded	rs2493296	rs2493296	1	3327032	FALSE	0.2496	0.0254	0.00403886	0.00973327	96.56544113088226
DBP	WMH	apoe_excluded	rs488834	rs488834	1	10767902	FALSE	0.1931	0.0208	0.00533726	0.00788567	86.18622873520711
DBP	WMH	apoe_excluded	rs55857306	rs55857306	1	11895795	FALSE	0.5224	0.0235	-0.0162953	0.00899882	494.16344047080116
DBP	WMH	apoe_excluded	rs1889785	rs1889785	1	16348729	FALSE	0.1255	0.0174	0.002133	0.00670435	52.02222882811469
DBP	WMH	apoe_excluded	rs6686889	rs6686889	1	25030470	FALSE	0.1918	0.0199	-0.0165235	0.00770943	92.89472488068482
DBP	WMH	apoe_excluded	rs12728150	rs12728150	1	27268737	FALSE	0.2045	0.0318	0.00472623	0.0122892	41.35541513389501
DBP	WMH	apoe_excluded	rs2146315	rs2146315	1	42050366	FALSE	0.1197	0.0205	-0.00206117	0.00799166	34.09420582986318
DBP	WMH	apoe_excluded	rs839759	rs839759	1	43863460	FALSE	0.1505	0.0175	0.0188526	0.00673906	73.96
DBP	WMH	apoe_excluded	rs4926901	rs4926901	1	48025824	FALSE	0.0984	0.018	0.00673022	0.00699123	29.884444444444444
DBP	WMH	apoe_excluded	rs10493127	rs10493127	1	48114417	FALSE	0.1853	0.0307	0.0185085	0.0118785	36.43125125996031
DBP	WMH	apoe_excluded	rs61772592	rs61772592	1	56979681	FALSE	0.1509	0.0261	0.0151006	0.010121	33.427004888360415
DBP	WMH	apoe_excluded	rs10493408	rs10493408	1	66992054	FALSE	0.1584	0.0255	0.0118612	0.00995221	38.586020761245685
DBP	WMH	apoe_excluded	rs34517439	rs34517439	1	78450517	FALSE	0.2514	0.0279	-0.00962962	0.0104074	81.19366400739972
DBP	WMH	apoe_excluded	rs786921	rs786921	1	89286673	FALSE	0.1145	0.0176	-0.0190385	0.00678067	42.32389591942149
DBP	WMH	apoe_excluded	rs17396055	rs17396055	1	94730954	FALSE	0.115	0.0184	-0.0118766	0.00709925	39.0625
DBP	WMH	apoe_excluded	rs10776752	rs10776752	1	113044328	FALSE	0.4573	0.033	0.0329974	0.0127784	192.0324058769513
DBP	WMH	apoe_excluded	rs57748895	rs57748895	1	115826169	FALSE	0.6627	0.0666	0.0358769	0.0256495	99.01146416686953
DBP	WMH	apoe_excluded	rs1819663	rs1819663	1	154025891	FALSE	0.1147	0.0174	-0.00558735	0.00667971	43.45385784119434
DBP	WMH	apoe_excluded	rs76719272	rs76719272	1	156129796	FALSE	0.1438	0.0264	0.0163261	0.00996306	29.669478879706155
DBP	WMH	apoe_excluded	rs7524019	rs7524019	1	167367193	FALSE	0.1036	0.0174	-0.0112382	0.00668961	35.45038974765492
DBP	WMH	apoe_excluded	rs12405515	rs12405515	1	172357441	FALSE	0.1698	0.0174	0.00685447	0.00676273	95.230677764566
DBP	WMH	apoe_excluded	rs150816167	rs150816167	1	179571862	FALSE	0.2873	0.0446	-0.0203366	0.0168066	41.49555088580104
DBP	WMH	apoe_excluded	rs4651224	rs4651224	1	184585182	FALSE	0.1102	0.0175	-0.00896399	0.00677257	39.6540081632653
DBP	WMH	apoe_excluded	rs882624	rs882624	1	201735913	FALSE	0.1571	0.0185	-0.0041828	0.00704724	72.11222790357927
DBP	WMH	apoe_excluded	rs2169137	rs2169137	1	204497913	FALSE	0.1588	0.0194	0.003089	0.00751396	67.00350728026356
DBP	WMH	apoe_excluded	rs1502358	rs1502358	1	217324932	FALSE	0.1127	0.0185	0.0147374	0.00715857	37.11114682249818
DBP	WMH	apoe_excluded	rs68085857	rs68085857	1	217737629	FALSE	0.191	0.0205	-0.00634802	0.00793408	86.80785246876857
DBP	WMH	apoe_excluded	rs12088448	rs12088448	1	218546170	FALSE	0.1544	0.0182	-6.40976e-5	0.00697463	71.97005192609588
DBP	WMH	apoe_excluded	rs602521	rs602521	1	227311066	FALSE	0.1351	0.0195	6.83399e-4	0.00755073	48.00002629848784
DBP	WMH	apoe_excluded	rs1745417	rs1745417	1	228204279	FALSE	0.1708	0.0173	0.0130215	0.0067168	97.47281900497845
DBP	WMH	apoe_excluded	rs699	rs699	1	230845794	FALSE	0.2359	0.0177	0.0128009	0.00683796	177.6271505633758
DBP	WMH	apoe_excluded	rs3943093	rs3943093	1	243458502	FALSE	0.2477	0.0184	0.00395329	0.00718576	181.22427339319472
DBP	WMH	apoe_excluded	rs4926499	rs4926499	1	249155909	FALSE	0.1694	0.0248	-0.0196762	0.00901943	46.6577133194589
DBP	WMH	apoe_excluded	rs112393817	rs112393817	2	9807226	FALSE	0.116	0.0211	0.00889673	0.0080779	30.223939264616696
DBP	WMH	apoe_excluded	rs1373780	rs1373780	2	19501029	FALSE	0.1246	0.0224	-0.020299	0.0086423	30.94140625
DBP	WMH	apoe_excluded	rs824523	rs824523	2	19707855	FALSE	0.1226	0.0183	-0.00438673	0.00704122	44.88267789423393
DBP	WMH	apoe_excluded	rs11687089	rs11687089	2	25082926	FALSE	0.1739	0.0175	0.00212997	0.00676249	98.74680816326529
DBP	WMH	apoe_excluded	rs1275988	rs1275988	2	26914364	FALSE	0.2945	0.0177	0.0100877	0.00689282	276.83695617479015
DBP	WMH	apoe_excluded	rs11684340	rs11684340	2	37207251	FALSE	0.1249	0.021	0.00652633	0.00814847	35.374172335600896
DBP	WMH	apoe_excluded	rs2160236	rs2160236	2	40557276	FALSE	0.1421	0.0181	-0.0015152	0.006956	61.63551173651597
DBP	WMH	apoe_excluded	rs76326501	rs76326501	2	43167878	FALSE	0.3618	0.0305	0.045768	0.0115535	140.71404461166352
DBP	WMH	apoe_excluded	rs4952668	rs4952668	2	43386568	FALSE	0.192	0.018	0.00379726	0.0069119	113.7777777777778
DBP	WMH	apoe_excluded	rs2586970	rs2586970	2	55829967	FALSE	0.1493	0.0175	0.00591157	0.00673628	72.78527346938773
DBP	WMH	apoe_excluded	rs2421200	rs2421200	2	61711815	FALSE	0.1097	0.0173	0.0143482	0.00667112	40.208794146145884
DBP	WMH	apoe_excluded	rs1876490	rs1876490	2	73052351	FALSE	0.1364	0.0192	0.00951329	0.00741136	50.46918402777778
DBP	WMH	apoe_excluded	rs6546810	rs6546810	2	73389716	FALSE	0.12	0.0181	-0.00902804	0.00702394	43.95470223741643
DBP	WMH	apoe_excluded	rs311564	rs311564	2	86293498	FALSE	0.133	0.0183	0.0198165	0.00709801	52.820329063274514
DBP	WMH	apoe_excluded	rs62155750	rs62155750	2	96491456	FALSE	0.2177	0.0196	-0.00606289	0.00723618	123.36862244897961
DBP	WMH	apoe_excluded	rs28377357	rs28377357	2	112769721	FALSE	0.1243	0.019	0.00101753	0.00734296	42.79914127423823
DBP	WMH	apoe_excluded	rs62158170	rs62158170	2	114082175	FALSE	0.1645	0.0211	-0.0115189	0.0081165	60.780867455807375
DBP	WMH	apoe_excluded	rs13001283	rs13001283	2	127183454	FALSE	0.1522	0.0239	0.0249171	0.00916484	40.55398189807601
DBP	WMH	apoe_excluded	rs4954192	rs4954192	2	135632981	FALSE	0.1225	0.0179	-0.00191326	0.00693211	46.834524515464565
DBP	WMH	apoe_excluded	rs55944332	rs55944332	2	145726621	FALSE	0.2365	0.0204	0.0084137	0.00786423	134.40083141099575
DBP	WMH	apoe_excluded	rs12990959	rs12990959	2	148572160	FALSE	0.1271	0.0187	-0.0030211	0.00723668	46.19637393119619
DBP	WMH	apoe_excluded	rs2444769	rs2444769	2	158494100	FALSE	0.158	0.0219	-0.0117045	0.00832508	52.050624465711735
DBP	WMH	apoe_excluded	rs7572130	rs7572130	2	164460947	FALSE	0.1796	0.0287	0.0118754	0.011372	39.16055797690879
DBP	WMH	apoe_excluded	rs1446468	rs1446468	2	164963486	FALSE	0.253	0.0174	0.0208161	0.00672579	211.41828511031844
DBP	WMH	apoe_excluded	rs75717699	rs75717699	2	179682997	FALSE	0.4667	0.0541	0.0261966	0.0192794	74.4185273386383
DBP	WMH	apoe_excluded	rs1518460	rs1518460	2	181933689	FALSE	0.1342	0.0189	0.0142646	0.00728947	50.41751350746061
DBP	WMH	apoe_excluded	rs12693302	rs12693302	2	183211443	FALSE	0.2378	0.0181	-0.00189837	0.00698844	172.61023778272946
DBP	WMH	apoe_excluded	rs7592578	rs7592578	2	191439591	FALSE	0.1998	0.0224	-0.00209822	0.00858039	79.56002869897961
DBP	WMH	apoe_excluded	rs4673253	rs4673253	2	204120214	FALSE	0.1177	0.0197	0.0156653	0.00756429	35.696075652554825
DBP	WMH	apoe_excluded	rs11692619	rs11692619	2	205084439	FALSE	0.1281	0.0184	-0.00433447	0.00703402	48.468838610586005
DBP	WMH	apoe_excluded	rs1263671	rs1263671	2	207996447	FALSE	0.1394	0.0238	-0.00136767	0.00905777	34.306122448979586
DBP	WMH	apoe_excluded	rs4675682	rs4675682	2	208402750	FALSE	0.1409	0.0173	-0.0031319	0.00670856	66.33302148417923
DBP	WMH	apoe_excluded	rs1035673	rs1035673	2	218675533	FALSE	0.1625	0.0176	0.00351901	0.00684539	85.24744963842974
DBP	WMH	apoe_excluded	rs13004222	rs13004222	2	219560492	FALSE	0.2944	0.0393	-0.0147861	0.0150214	56.11649152794773
DBP	WMH	apoe_excluded	rs1039897	rs1039897	2	220337196	FALSE	0.1085	0.0183	0.00611167	0.00703938	35.15258741676371
DBP	WMH	apoe_excluded	rs10804330	rs10804330	2	227185749	FALSE	0.1331	0.0176	6.45903e-4	0.00681155	57.191406249999986
DBP	WMH	apoe_excluded	rs1044822	rs1044822	2	230629138	FALSE	0.1334	0.0243	-0.00137834	0.0093383	30.136937120018967
DBP	WMH	apoe_excluded	rs4507125	rs4507125	2	239864732	FALSE	0.1244	0.0211	-0.00397973	0.00825421	34.75968644010692
DBP	WMH	apoe_excluded	rs347585	rs347585	3	11286220	FALSE	0.1506	0.0189	-8.15974e-4	0.0073178	63.493071302595126
DBP	WMH	apoe_excluded	rs1687295	rs1687295	3	14889756	FALSE	0.2061	0.0194	0.0223752	0.00753819	112.8632426400255
DBP	WMH	apoe_excluded	rs62234672	rs62234672	3	16592069	FALSE	0.1248	0.0229	0.0103298	0.00883576	29.70012013500886
DBP	WMH	apoe_excluded	rs2643826	rs2643826	3	27562988	FALSE	0.1857	0.0175	0.0014017	0.006722	112.60241632653059
DBP	WMH	apoe_excluded	rs7427249	rs7427249	3	37572489	FALSE	0.1098	0.0176	-0.0062159	0.0067817	38.92058367768595
DBP	WMH	apoe_excluded	rs3864004	rs3864004	3	41240177	FALSE	0.1004	0.0173	7.53315e-4	0.00669988	33.68024324234021
DBP	WMH	apoe_excluded	rs114714860	rs114714860	3	41882905	FALSE	0.33	0.0236	-0.00843667	0.00912649	195.5257110025855
DBP	WMH	apoe_excluded	rs6442105	rs6442105	3	48182326	FALSE	0.2485	0.0185	0.00326209	0.00708705	180.4302410518627
DBP	WMH	apoe_excluded	rs6445590	rs6445590	3	53655932	FALSE	0.1284	0.0174	-6.09238e-4	0.0067576	54.45422116527943
DBP	WMH	apoe_excluded	rs3772219	rs3772219	3	56771251	FALSE	0.1754	0.0185	0.00552011	0.0071137	89.8908984660336
DBP	WMH	apoe_excluded	rs1675383	rs1675383	3	57945274	FALSE	0.1488	0.0174	-0.00169402	0.00670035	73.13198573127228
DBP	WMH	apoe_excluded	rs3774702	rs3774702	3	63856870	FALSE	0.147	0.0228	-0.00469491	0.00872858	41.568559556786695
DBP	WMH	apoe_excluded	rs6795735	rs6795735	3	64705365	FALSE	0.1438	0.0176	0.00215253	0.00676705	66.75632747933884
DBP	WMH	apoe_excluded	rs7623706	rs7623706	3	74712754	FALSE	0.0975	0.0176	-0.00183335	0.00675434	30.689081869834713
DBP	WMH	apoe_excluded	rs11923343	rs11923343	3	85668570	FALSE	0.1138	0.0181	0.00374302	0.00698426	39.530050975244954
DBP	WMH	apoe_excluded	rs11923667	rs11923667	3	101268080	FALSE	0.1175	0.0177	1.1655e-4	0.00681722	44.068594592869225
DBP	WMH	apoe_excluded	rs28675079	rs28675079	3	111500002	FALSE	0.1444	0.0222	0.00408609	0.0086163	42.30857884911939
DBP	WMH	apoe_excluded	rs12152463	rs12152463	3	122100447	FALSE	0.1006	0.0174	0.00866192	0.00675043	33.42700488836042
DBP	WMH	apoe_excluded	rs4141663	rs4141663	3	124551967	FALSE	0.1496	0.0175	-0.0017885	0.00677229	73.07807346938775
DBP	WMH	apoe_excluded	rs4077158	rs4077158	3	133942941	FALSE	0.1832	0.0173	0.0172186	0.00666055	112.13953022152428
DBP	WMH	apoe_excluded	rs9289557	rs9289557	3	138071604	FALSE	0.119	0.0207	-0.00927666	0.00751105	33.04861256972158
DBP	WMH	apoe_excluded	rs6763931	rs6763931	3	141102833	FALSE	0.1383	0.0173	0.0230462	0.00671448	63.907547863276434
DBP	WMH	apoe_excluded	rs36117336	rs36117336	3	153732232	FALSE	0.147	0.0198	8.0376e-4	0.00756485	55.11937557392101
DBP	WMH	apoe_excluded	rs78809139	rs78809139	3	154674943	FALSE	0.2281	0.0288	0.00696077	0.010797	62.72860001929013
DBP	WMH	apoe_excluded	rs78151625	rs78151625	3	158316726	FALSE	0.1869	0.0233	0.0121917	0.00903525	64.3438081379285
DBP	WMH	apoe_excluded	rs2242338	rs2242338	3	168854925	FALSE	0.3463	0.0331	0.00730014	0.0129562	109.45837478664855
DBP	WMH	apoe_excluded	rs223102	rs223102	3	169100755	FALSE	0.2759	0.0173	0.00547865	0.00669126	254.33796652076578
DBP	WMH	apoe_excluded	rs7611674	rs7611674	3	179169230	FALSE	0.1576	0.0223	-0.0129647	0.00859379	49.94622855878862
DBP	WMH	apoe_excluded	rs6779368	rs6779368	3	185298868	FALSE	0.1791	0.0184	0.0022759	0.00698776	94.74483104914935
DBP	WMH	apoe_excluded	rs147501096	rs147501096	3	186180253	FALSE	0.1955	0.0341	-9.74848e-4	0.0128145	32.86886937676835
DBP	WMH	apoe_excluded	rs4244200	rs4244200	3	196226059	FALSE	0.1215	0.0193	0.0116124	0.00745536	39.63126526886627
DBP	WMH	apoe_excluded	rs6777317	rs6777317	3	197070959	FALSE	0.1249	0.0195	0.00208774	0.00749572	41.025667324128854
DBP	WMH	apoe_excluded	rs61789369	rs61789369	4	2265295	FALSE	0.3039	0.0436	0.00708428	0.0168631	48.58345783183234
DBP	WMH	apoe_excluded	rs16896276	rs16896276	4	18015156	FALSE	0.1309	0.0198	0.00797657	0.00759654	43.70679012345677
DBP	WMH	apoe_excluded	rs28667801	rs28667801	4	26785356	FALSE	0.1622	0.018	0.00878754	0.00680482	81.20012345679015
DBP	WMH	apoe_excluded	rs11721984	rs11721984	4	38343935	FALSE	0.1409	0.0177	0.00695381	0.00669933	63.36879568450956
DBP	WMH	apoe_excluded	rs62301873	rs62301873	4	40603821	FALSE	0.1734	0.0284	0.0108474	0.0108788	37.27876413410037
DBP	WMH	apoe_excluded	rs11945489	rs11945489	4	56463775	FALSE	0.1392	0.0192	-0.00257136	0.00740509	52.5625
DBP	WMH	apoe_excluded	rs13152154	rs13152154	4	77417756	FALSE	0.1186	0.0195	0.0100778	0.00743661	36.99134779750164
DBP	WMH	apoe_excluded	rs12509595	rs12509595	4	81182554	FALSE	0.4972	0.0192	0.0212154	0.00731847	670.5941840277779
DBP	WMH	apoe_excluded	rs72976750	rs72976750	4	86725684	FALSE	0.1718	0.0251	0.0138882	0.00955357	46.84884366914811
DBP	WMH	apoe_excluded	rs4699835	rs4699835	4	95329727	FALSE	0.0963	0.0175	0.00243812	0.00671953	30.281436734693866
DBP	WMH	apoe_excluded	rs13107325	rs13107325	4	103188709	FALSE	0.6747	0.0339	-0.0151286	0.0131051	396.11567076513427
DBP	WMH	apoe_excluded	rs12503341	rs12503341	4	106925311	FALSE	0.2993	0.0462	-0.0230872	0.0174681	41.96908322557674
DBP	WMH	apoe_excluded	rs4245929	rs4245929	4	109038407	FALSE	0.12	0.0181	-0.0130598	0.00696241	43.95470223741643
DBP	WMH	apoe_excluded	rs13118687	rs13118687	4	111406496	FALSE	0.1496	0.0175	0.0217267	0.00670243	73.07807346938775
DBP	WMH	apoe_excluded	rs66887589	rs66887589	4	120509279	FALSE	0.161	0.0174	0.0142546	0.00667693	85.61566917690583
DBP	WMH	apoe_excluded	rs9286351	rs9286351	4	138441530	FALSE	0.1412	0.0177	0.0182106	0.00680931	63.638928788023875
DBP	WMH	apoe_excluded	rs72719149	rs72719149	4	144043336	FALSE	0.1279	0.0186	-0.00326617	0.00721686	47.28410798936295
DBP	WMH	apoe_excluded	rs13124515	rs13124515	4	145403713	FALSE	0.1052	0.0187	-0.00629624	0.00715731	31.64814550030026
DBP	WMH	apoe_excluded	rs1842896	rs1842896	4	156511459	FALSE	0.158	0.0174	8.61262e-4	0.00666405	82.45474963667594
DBP	WMH	apoe_excluded	rs13139571	rs13139571	4	156645513	FALSE	0.2408	0.0203	0.00946723	0.00787837	140.70868014268729
DBP	WMH	apoe_excluded	rs1425486	rs1425486	4	157683685	FALSE	0.1331	0.0187	0.00233435	0.00711956	50.660899653979236
DBP	WMH	apoe_excluded	rs10069690	rs10069690	5	1279790	FALSE	0.1615	0.021	-0.0162344	0.00763284	59.14342403628117
DBP	WMH	apoe_excluded	rs4645335	rs4645335	5	3704761	FALSE	0.1142	0.0185	0.00506598	0.00716012	38.105595325054786
DBP	WMH	apoe_excluded	rs2921604	rs2921604	5	14867948	FALSE	0.096	0.0176	-0.00513443	0.00670612	29.752066115702476
DBP	WMH	apoe_excluded	rs1177764	rs1177764	5	32829975	FALSE	0.3067	0.0177	0.0132093	0.00679638	300.2486194899294
DBP	WMH	apoe_excluded	rs10941043	rs10941043	5	33194751	FALSE	0.1269	0.019	0.0038252	0.00730826	44.60833795013852
DBP	WMH	apoe_excluded	rs7737851	rs7737851	5	42415845	FALSE	0.1256	0.022	-0.00770029	0.00832025	32.593719008264465
DBP	WMH	apoe_excluded	rs6875967	rs6875967	5	50878292	FALSE	0.1344	0.0181	-3.39341e-7	0.00699966	55.136778486615164
DBP	WMH	apoe_excluded	rs10054208	rs10054208	5	55688992	FALSE	0.1187	0.0185	0.0145336	0.00695909	41.16783053323595
DBP	WMH	apoe_excluded	rs12515541	rs12515541	5	57095011	FALSE	0.1156	0.0177	-9.67659e-4	0.00678716	42.65492036132656
DBP	WMH	apoe_excluded	rs1848510	rs1848510	5	57754005	FALSE	0.1256	0.0181	0.00367737	0.00698364	48.152864686670114
DBP	WMH	apoe_excluded	rs10062049	rs10062049	5	61553881	FALSE	0.2208	0.0255	0.00963647	0.00971073	74.97522491349483
DBP	WMH	apoe_excluded	rs2307111	rs2307111	5	75003678	FALSE	0.1742	0.0178	0.00182306	0.00680653	95.77591213230652
DBP	WMH	apoe_excluded	rs4704514	rs4704514	5	77820081	FALSE	0.1087	0.0193	0.00194868	0.00744674	31.72082472012671
DBP	WMH	apoe_excluded	rs62380354	rs62380354	5	89484911	FALSE	0.1825	0.0291	-0.00459277	0.0107931	39.331432080395835
DBP	WMH	apoe_excluded	rs13355146	rs13355146	5	92023661	FALSE	0.1224	0.0178	0.00791164	0.0068342	47.28493877035728
DBP	WMH	apoe_excluded	rs55770741	rs55770741	5	96220087	FALSE	0.1281	0.0175	0.0082268	0.00668464	53.58239999999998
DBP	WMH	apoe_excluded	rs1871190	rs1871190	5	97953719	FALSE	0.10780000000000001	0.0186	-4.95852e-4	0.00714409	33.5901260261302
DBP	WMH	apoe_excluded	rs9326869	rs9326869	5	112349070	FALSE	0.1096	0.02	0.00633484	0.00781632	30.030400000000004
DBP	WMH	apoe_excluded	rs369625	rs369625	5	122560787	FALSE	0.1053	0.0178	-0.0133179	0.00685498	34.995865421032704
DBP	WMH	apoe_excluded	rs1582931	rs1582931	5	122657199	FALSE	0.2161	0.0175	-0.0178128	0.00670749	152.48721632653059
DBP	WMH	apoe_excluded	rs17677603	rs17677603	5	127857493	FALSE	0.2	0.0178	0.0105282	0.00688455	126.24668602449188
DBP	WMH	apoe_excluded	rs55747751	rs55747751	5	132397351	FALSE	0.2239	0.0331	0.0462631	0.0121071	45.75643705333103
DBP	WMH	apoe_excluded	rs4912840	rs4912840	5	141662480	FALSE	0.1485	0.0245	0.0123843	0.00935207	36.73844231570178
DBP	WMH	apoe_excluded	rs3776299	rs3776299	5	142507651	FALSE	0.1266	0.0175	0.00381995	0.00669908	52.33488979591835
DBP	WMH	apoe_excluded	rs78909293	rs78909293	5	148335250	FALSE	0.321	0.0429	-0.00951192	0.0162372	55.98806787617976
DBP	WMH	apoe_excluded	rs3117736	rs3117736	5	157462999	FALSE	0.2374	0.0196	0.00933395	0.00750859	146.7064764681383
DBP	WMH	apoe_excluded	rs11960210	rs11960210	5	157817634	FALSE	0.2474	0.018	0.00371679	0.00695146	188.90975308641978
DBP	WMH	apoe_excluded	rs13358657	rs13358657	5	157938070	FALSE	0.224	0.0255	0.0155667	0.00982361	77.16416762783547
DBP	WMH	apoe_excluded	rs6556384	rs6556384	5	158418952	FALSE	0.152	0.0221	0.0191726	0.00853126	47.30451874449744
DBP	WMH	apoe_excluded	rs114503346	rs114503346	5	172192350	FALSE	0.2678	0.0426	0.0160137	0.0156913	39.518636073089546
DBP	WMH	apoe_excluded	rs55993676	rs55993676	5	173303392	FALSE	0.2097	0.0191	0.00953851	0.00735429	120.53970560017545
DBP	WMH	apoe_excluded	rs2569882	rs2569882	6	1620147	FALSE	0.1199	0.0182	-0.0124892	0.00677567	43.4005856780582
DBP	WMH	apoe_excluded	rs9406076	rs9406076	6	8023804	FALSE	0.101	0.0185	-0.00612296	0.007125	29.805697589481376
DBP	WMH	apoe_excluded	rs35261542	rs35261542	6	20675792	FALSE	0.1196	0.0195	-0.0084699	0.00756681	37.617777777777775
DBP	WMH	apoe_excluded	rs6934891	rs6934891	6	22139729	FALSE	0.1275	0.0177	-0.00361424	0.00676926	51.888825050272914
DBP	WMH	apoe_excluded	rs2744133	rs2744133	6	22392260	FALSE	0.1435	0.0193	0.00560375	0.00744303	55.28269215280945
DBP	WMH	apoe_excluded	rs9467545	rs9467545	6	25638464	FALSE	0.2545	0.0237	0.00915779	0.00908355	115.31316206448399
DBP	WMH	apoe_excluded	rs198851	rs198851	6	26104632	FALSE	0.3889	0.0244	-0.00160926	0.00937846	254.0365661112604
DBP	WMH	apoe_excluded	rs1265157	rs1265157	6	31142265	FALSE	0.1444	0.0187	0.00123172	0.00701584	59.62812777031084
DBP	WMH	apoe_excluded	rs440454	rs440454	6	31927342	FALSE	0.2602	0.0192	0.0257358	0.0071136	183.65896267361111
DBP	WMH	apoe_excluded	rs115447786	rs115447786	6	34354073	FALSE	0.2904	0.0455	0.0178247	0.0160272	40.735254196353104
DBP	WMH	apoe_excluded	rs6905288	rs6905288	6	43758873	FALSE	0.1759	0.0179	0.00670584	0.00672785	96.56630567085922
DBP	WMH	apoe_excluded	rs881858	rs881858	6	43806609	FALSE	0.1553	0.0191	-0.00530838	0.00723676	66.1113730435021
DBP	WMH	apoe_excluded	rs2397060	rs2397060	6	51611470	FALSE	0.161	0.0251	-0.0078099	0.00977197	41.14379136839097
DBP	WMH	apoe_excluded	rs1114347	rs1114347	6	51834297	FALSE	0.1792	0.0173	-0.00877625	0.00668845	107.2960673594173
DBP	WMH	apoe_excluded	rs62413546	rs62413546	6	56012664	FALSE	0.1877	0.032	0.00965407	0.012236	34.405556640624994
DBP	WMH	apoe_excluded	rs504691	rs504691	6	72206620	FALSE	0.1177	0.0177	0.0141904	0.0068291	44.21874301765137
DBP	WMH	apoe_excluded	rs1984195	rs1984195	6	79657391	FALSE	0.1736	0.0173	-1.46135e-4	0.00668252	100.6948444652344
DBP	WMH	apoe_excluded	rs16875357	rs16875357	6	85652904	FALSE	0.1205	0.0203	-0.00961384	0.00771996	35.2356281394841
DBP	WMH	apoe_excluded	rs3798293	rs3798293	6	97033370	FALSE	0.1328	0.021	-0.0237359	0.0081373	39.99056689342403
DBP	WMH	apoe_excluded	rs72613227	rs72613227	6	106320771	FALSE	0.1884	0.0285	0.00758182	0.00987497	43.69905817174515
DBP	WMH	apoe_excluded	rs7767235	rs7767235	6	116185900	FALSE	0.1181	0.0182	0.00880587	0.00695338	42.10726361550536
DBP	WMH	apoe_excluded	rs509067	rs509067	6	117462040	FALSE	0.1436	0.0175	-0.00512	0.00678655	67.33374693877549
DBP	WMH	apoe_excluded	rs11153730	rs11153730	6	118667522	FALSE	0.1551	0.0173	-0.00458623	0.00666378	80.37692539008987
DBP	WMH	apoe_excluded	rs76785130	rs76785130	6	121813835	FALSE	0.4285	0.0662	0.00557578	0.0237771	41.89726499393032
DBP	WMH	apoe_excluded	rs13215166	rs13215166	6	127164360	FALSE	0.3094	0.0174	0.0112094	0.00672595	316.1856255780156
DBP	WMH	apoe_excluded	rs9399137	rs9399137	6	135419018	FALSE	0.1148	0.0197	-0.00747601	0.00759055	33.95872091525162
DBP	WMH	apoe_excluded	rs636202	rs636202	6	139843583	FALSE	0.1023	0.0174	0.00695366	0.00666003	34.56629013079667
DBP	WMH	apoe_excluded	rs9791312	rs9791312	6	143142313	FALSE	0.1225	0.0184	0.00527505	0.00706598	44.32375354442344
DBP	WMH	apoe_excluded	rs62434124	rs62434124	6	150999751	FALSE	0.4853	0.0338	0.00958842	0.0128155	206.15182416582056
DBP	WMH	apoe_excluded	rs9478282	rs9478282	6	152398669	FALSE	0.1994	0.0279	-0.00762871	0.0108677	51.07894297349725
DBP	WMH	apoe_excluded	rs9365555	rs9365555	6	163757127	FALSE	0.1254	0.0187	0.0225978	0.00711848	44.96885813148789
DBP	WMH	apoe_excluded	rs11961593	rs11961593	6	166164137	FALSE	0.3158	0.0349	0.013149	0.0132848	81.87916355366542
DBP	WMH	apoe_excluded	rs1322639	rs1322639	6	169587103	FALSE	0.1584	0.0209	-0.00114418	0.00808652	57.44044321329642
DBP	WMH	apoe_excluded	rs73033340	rs73033340	7	1195692	FALSE	0.5312	0.0525	-0.0609533	0.0187476	102.37585124716553
DBP	WMH	apoe_excluded	rs6959688	rs6959688	7	1966831	FALSE	0.1269	0.0178	0.00296028	0.00682676	50.825684888271695
DBP	WMH	apoe_excluded	rs2906152	rs2906152	7	2523003	FALSE	0.1873	0.0181	0.0186004	0.00692013	107.0824761148927
DBP	WMH	apoe_excluded	rs5010183	rs5010183	7	7286198	FALSE	0.1195	0.018	-0.0182946	0.00692725	44.07484567901235
DBP	WMH	apoe_excluded	rs13240040	rs13240040	7	14375977	FALSE	0.1186	0.019	-0.00124689	0.00716308	38.963878116343494
DBP	WMH	apoe_excluded	rs17432462	rs17432462	7	18548613	FALSE	0.1036	0.0179	0.00393628	0.00689734	33.497581224056674
DBP	WMH	apoe_excluded	rs4507656	rs4507656	7	22156538	FALSE	0.1487	0.0199	-0.00264438	0.00731316	55.83619100527764
DBP	WMH	apoe_excluded	rs4722548	rs4722548	7	25961519	FALSE	0.1346	0.0176	-0.00684213	0.00676118	58.48773243801652
DBP	WMH	apoe_excluded	rs3735533	rs3735533	7	27245893	FALSE	0.487	0.0331	0.00603687	0.0126997	216.47210229917582
DBP	WMH	apoe_excluded	rs6961048	rs6961048	7	27328187	FALSE	0.2729	0.0286	0.0146896	0.0110184	91.04896327448775
DBP	WMH	apoe_excluded	rs342977	rs342977	7	35459888	FALSE	0.1577	0.0205	0.00183039	0.0078802	59.17737061273051
DBP	WMH	apoe_excluded	rs2854746	rs2854746	7	45960645	FALSE	0.113	0.018	0.00749344	0.00684692	39.4104938271605
DBP	WMH	apoe_excluded	rs17454517	rs17454517	7	50915776	FALSE	0.1216	0.0174	0.0145717	0.0066717	48.83921257761924
DBP	WMH	apoe_excluded	rs1178979	rs1178979	7	72856430	FALSE	0.1504	0.0221	-0.00299222	0.00839936	46.31387563727196
DBP	WMH	apoe_excluded	rs3807101	rs3807101	7	80393418	FALSE	0.1743	0.0265	0.0183954	0.0102882	43.26164471342116
DBP	WMH	apoe_excluded	rs1449596	rs1449596	7	96395096	FALSE	0.1085	0.0181	0.00290286	0.00700002	35.93373218155734
DBP	WMH	apoe_excluded	rs7788746	rs7788746	7	99612405	FALSE	0.1644	0.0183	0.0104871	0.0070437	80.70518677774793
DBP	WMH	apoe_excluded	rs4556017	rs4556017	7	100632790	FALSE	0.1601	0.0247	0.0020546	0.00944259	42.013489812978406
DBP	WMH	apoe_excluded	rs2191046	rs2191046	7	107834075	FALSE	0.1184	0.0197	0.0152001	0.00753591	36.12193048004329
DBP	WMH	apoe_excluded	rs11556924	rs11556924	7	129663496	FALSE	0.181	0.0181	0.00295548	0.00682254	99.99999999999997
DBP	WMH	apoe_excluded	rs13237249	rs13237249	7	131151783	FALSE	0.1366	0.0177	0.00652187	0.00680004	59.560024258674076
DBP	WMH	apoe_excluded	rs75511781	rs75511781	7	131323710	FALSE	0.3721	0.047	-0.00285192	0.0164875	62.67922589406972
DBP	WMH	apoe_excluded	rs7800558	rs7800558	7	140242661	FALSE	0.096	0.0175	0.0043124	0.00675579	30.093061224489787
DBP	WMH	apoe_excluded	rs1044608	rs1044608	7	150502016	FALSE	0.2018	0.0339	0.00536983	0.013239	35.43585593581678
DBP	WMH	apoe_excluded	rs3918226	rs3918226	7	150690176	FALSE	0.6117	0.0329	0.0199625	0.0123048	345.688685433431
DBP	WMH	apoe_excluded	rs4726006	rs4726006	7	150878803	FALSE	0.1339	0.02	-0.00210692	0.00768939	44.823024999999994
DBP	WMH	apoe_excluded	rs6464165	rs6464165	7	151413124	FALSE	0.217	0.0195	0.0150586	0.00740306	123.83694937541091
DBP	WMH	apoe_excluded	rs9638084	rs9638084	7	156311745	FALSE	0.1154	0.0178	0.0112938	0.00680583	42.03118293144805
DBP	WMH	apoe_excluded	rs2442618	rs2442618	8	6379832	FALSE	0.1315	0.0177	0.00287491	0.00670594	55.19566535797504
DBP	WMH	apoe_excluded	rs35091929	rs35091929	8	10693492	FALSE	0.1828	0.0177	0.0174538	0.00683533	106.6610488684605
DBP	WMH	apoe_excluded	rs62503324	rs62503324	8	23400615	FALSE	0.2033	0.0204	0.00309182	0.00778163	99.31490292195308
DBP	WMH	apoe_excluded	rs951914	rs951914	8	25878995	FALSE	0.1904	0.0193	-0.00497574	0.00739336	97.32384762007032
DBP	WMH	apoe_excluded	rs17832905	rs17832905	8	26038759	FALSE	0.1923	0.0346	-0.00400905	0.0133514	30.889179391225902
DBP	WMH	apoe_excluded	rs17321041	rs17321041	8	26445194	FALSE	0.2313	0.0363	0.0255207	0.0137822	40.601120142066804
DBP	WMH	apoe_excluded	rs1906672	rs1906672	8	38130025	FALSE	0.1402	0.0205	-0.0134244	0.007785	46.77225461035097
DBP	WMH	apoe_excluded	rs10087280	rs10087280	8	49391836	FALSE	0.1381	0.0232	0.0269387	0.00902421	35.43328255053509
DBP	WMH	apoe_excluded	rs4873492	rs4873492	8	51947549	FALSE	0.1401	0.0231	0.0101105	0.00889309	36.78343734187891
DBP	WMH	apoe_excluded	rs11778153	rs11778153	8	64503942	FALSE	0.1192	0.0182	0.00800624	0.00696573	42.895302499698104
DBP	WMH	apoe_excluded	rs6983239	rs6983239	8	72507296	FALSE	0.1159	0.0211	-0.0114796	0.00809178	30.17185148581568
DBP	WMH	apoe_excluded	rs148401029	rs148401029	8	81386066	FALSE	0.3122	0.0486	-0.0111625	0.0179789	41.26608409964605
DBP	WMH	apoe_excluded	rs56345595	rs56345595	8	82814156	FALSE	0.1329	0.0177	5.44114e-4	0.00677836	56.37719046251077
DBP	WMH	apoe_excluded	rs73276406	rs73276406	8	96021760	FALSE	0.1564	0.0246	0.0138708	0.00961333	40.42064908453963
DBP	WMH	apoe_excluded	rs2978098	rs2978098	8	101676675	FALSE	0.1548	0.0176	-0.00871791	0.00669268	77.36002066115702
DBP	WMH	apoe_excluded	rs142449193	rs142449193	8	102750597	FALSE	0.2573	0.0426	-0.023745	0.0167056	36.480465736516116
DBP	WMH	apoe_excluded	rs2957468	rs2957468	8	106325360	FALSE	0.1377	0.0185	0.0100868	0.00706861	55.4018699780862
DBP	WMH	apoe_excluded	rs722783	rs722783	8	120442287	FALSE	0.2093	0.0208	-0.0109445	0.00802042	101.25390625000004
DBP	WMH	apoe_excluded	rs9918907	rs9918907	8	124816862	FALSE	0.1188	0.021	0.0148897	0.00815303	32.003265306122444
DBP	WMH	apoe_excluded	rs7012891	rs7012891	8	126514676	FALSE	0.1391	0.0205	0.0110832	0.00784664	46.04118976799524
DBP	WMH	apoe_excluded	rs4909314	rs4909314	8	135623798	FALSE	0.1339	0.0177	-0.022099	0.00680989	57.228797599668034
DBP	WMH	apoe_excluded	rs4074812	rs4074812	8	141883529	FALSE	0.1336	0.0175	0.00484555	0.00669493	58.282318367346925
DBP	WMH	apoe_excluded	rs3802230	rs3802230	8	143992864	FALSE	0.1605	0.0174	0.0104804	0.0066769	85.08472057074913
DBP	WMH	apoe_excluded	rs12337056	rs12337056	9	628670	FALSE	0.1364	0.0228	-0.00611513	0.0087581	35.78978147122191
DBP	WMH	apoe_excluded	rs12216886	rs12216886	9	2493751	FALSE	0.1292	0.0221	0.0142348	0.00852681	34.1775147928994
DBP	WMH	apoe_excluded	rs1332812	rs1332812	9	9350986	FALSE	0.1145	0.0181	-0.00283565	0.00700018	40.017856597783954
DBP	WMH	apoe_excluded	rs4615669	rs4615669	9	21818674	FALSE	0.114	0.0174	0.00157524	0.00669336	42.92508917954817
DBP	WMH	apoe_excluded	rs1243876	rs1243876	9	35693104	FALSE	0.1063	0.019	-0.017718	0.00729975	31.30108033240998
DBP	WMH	apoe_excluded	rs76452347	rs76452347	9	35906471	FALSE	0.2246	0.0229	0.0178772	0.00854549	96.19412291909
DBP	WMH	apoe_excluded	rs11141731	rs11141731	9	89888472	FALSE	0.1258	0.0207	0.025231	0.00787138	36.9335107003664
DBP	WMH	apoe_excluded	rs4743021	rs4743021	9	109414561	FALSE	0.108	0.0194	-0.0118255	0.00729457	30.991603783611435
DBP	WMH	apoe_excluded	rs10980408	rs10980408	9	113249071	FALSE	0.3745	0.0477	0.0179124	0.0180508	61.64060405486773
DBP	WMH	apoe_excluded	rs10759697	rs10759697	9	117172307	FALSE	0.1308	0.0173	0.00455881	0.00665243	57.16408834241038
DBP	WMH	apoe_excluded	rs2133386	rs2133386	9	128173838	FALSE	0.1322	0.0176	9.42654e-4	0.00674058	56.420583677685954
DBP	WMH	apoe_excluded	rs507666	rs992108547	9	136149399	FALSE	0.2854	0.0223	0.0040051	0.00862467	163.79408393492727
DBP	WMH	apoe_excluded	rs6271	rs6271	9	136522274	FALSE	0.4313	0.0352	2.45697e-4	0.0126434	150.13211034349172
DBP	WMH	apoe_excluded	rs11145807	rs11145807	9	139520789	FALSE	0.155	0.0184	1.1629e-4	0.00681705	70.96231096408319
DBP	WMH	apoe_excluded	rs11252324	rs11252324	10	4124568	FALSE	0.2339	0.0328	0.0151308	0.0126622	50.85255242415227
DBP	WMH	apoe_excluded	rs1623474	rs1623474	10	18471794	FALSE	0.2234	0.0184	-0.0010252	0.00711403	147.4112712665406
DBP	WMH	apoe_excluded	rs12258967	rs12258967	10	18727959	FALSE	0.354	0.0193	0.0187782	0.00733473	336.4278235657332
DBP	WMH	apoe_excluded	rs11596400	rs11596400	10	28245420	FALSE	0.1278	0.0174	0.0122563	0.00668979	53.94649227110583
DBP	WMH	apoe_excluded	rs1265842	rs1265842	10	28924901	FALSE	0.1113	0.0174	-4.62117e-4	0.00671092	40.91587395957195
DBP	WMH	apoe_excluded	rs2487926	rs2487926	10	30300787	FALSE	0.0972	0.0176	-1.76119e-4	0.00679024	30.500516528925615
DBP	WMH	apoe_excluded	rs3006583	rs3006583	10	31280845	FALSE	0.1303	0.0222	-0.00259785	0.00857561	34.44949679409138
DBP	WMH	apoe_excluded	rs4948643	rs4948643	10	45379759	FALSE	0.1591	0.0194	-0.0103028	0.00758619	67.25690827930704
DBP	WMH	apoe_excluded	rs72831343	rs72831343	10	63515681	FALSE	0.4936	0.0248	0.0276184	0.00946325	396.13839750260144
DBP	WMH	apoe_excluded	rs2236295	rs2236295	10	64564892	FALSE	0.207	0.0177	-0.00898538	0.00685036	136.771042803792
DBP	WMH	apoe_excluded	rs35506078	rs35506078	10	65210552	FALSE	0.1348	0.0183	-0.0014516	0.00703335	54.2597270745618
DBP	WMH	apoe_excluded	rs12247028	rs12247028	10	75410052	FALSE	0.1396	0.0188	-0.00970212	0.00707155	55.13852421910367
DBP	WMH	apoe_excluded	rs11187838	rs11187838	10	96038686	FALSE	0.2781	0.0174	-0.011326	0.0067262	255.44857312722954
DBP	WMH	apoe_excluded	rs1006545	rs1006545	10	102553647	FALSE	0.3633	0.0275	-0.0154274	0.0105589	174.52811900826447
DBP	WMH	apoe_excluded	rs11190746	rs11190746	10	102663565	FALSE	0.11	0.0175	0.00520675	0.00670873	39.51020408163265
DBP	WMH	apoe_excluded	rs12414028	rs12414028	10	104957629	FALSE	0.5141	0.0313	-0.0511869	0.0124981	269.7780012044626
DBP	WMH	apoe_excluded	rs4918065	rs4918065	10	105617578	FALSE	0.1327	0.0201	-0.00135702	0.00773662	43.586272617014444
DBP	WMH	apoe_excluded	rs117464403	rs117464403	10	107158054	FALSE	0.4537	0.0682	-0.0115567	0.0240805	44.255658706065475
DBP	WMH	apoe_excluded	rs2484294	rs2484294	10	115792062	FALSE	0.3165	0.0196	0.0202203	0.00757688	260.7565857975844
DBP	WMH	apoe_excluded	rs72842207	rs72842207	10	121433675	FALSE	0.2112	0.0211	-0.0050535	0.0081051	100.18966330495722
DBP	WMH	apoe_excluded	rs11592107	rs11592107	10	122968964	FALSE	0.1203	0.0187	0.00956461	0.0072233	41.385484286081955
DBP	WMH	apoe_excluded	rs10490923	rs10490923	10	124214251	FALSE	0.1533	0.0262	-0.0363482	0.0101367	34.23589825767728
DBP	WMH	apoe_excluded	rs9419374	rs9419374	10	133729749	FALSE	0.1164	0.0185	-0.00232179	0.00705862	39.587903579254935
DBP	WMH	apoe_excluded	rs1133400	rs1133400	10	134459388	FALSE	0.1318	0.0215	-0.0112387	0.00801336	37.579751216873994
DBP	WMH	apoe_excluded	rs28570096	rs28570096	11	1616088	FALSE	0.1396	0.0188	0.0034413	0.00724185	55.13852421910367
DBP	WMH	apoe_excluded	rs79889784	rs79889784	11	1702117	FALSE	0.3941	0.0717	0.0547295	0.0256002	30.211657903592567
DBP	WMH	apoe_excluded	rs569550	rs569550	11	1887068	FALSE	0.2688	0.0181	0.0102489	0.0068389	220.54711394646066
DBP	WMH	apoe_excluded	rs147081004	rs147081004	11	1919980	FALSE	0.1411	0.0257	-0.0113848	0.00967767	30.143090735665947
DBP	WMH	apoe_excluded	rs360153	rs360153	11	9762274	FALSE	0.2198	0.0175	0.016998	0.0067101	157.75359999999998
DBP	WMH	apoe_excluded	rs7107711	rs7107711	11	13255538	FALSE	0.1263	0.021	-8.43821e-4	0.00800052	36.171632653061216
DBP	WMH	apoe_excluded	rs4756782	rs4756782	11	14254606	FALSE	0.1551	0.0234	0.00584607	0.00908343	43.93310322156476
DBP	WMH	apoe_excluded	rs10832586	rs10832586	11	16304089	FALSE	0.3083	0.0216	-0.0131013	0.00833274	203.72275805898494
DBP	WMH	apoe_excluded	rs7926335	rs7926335	11	16917869	FALSE	0.1804	0.0195	0.0149199	0.00752981	85.58621959237345
DBP	WMH	apoe_excluded	rs10500932	rs10500932	11	22501446	FALSE	0.2784	0.0333	0.0263575	0.0131459	69.89562535508479
DBP	WMH	apoe_excluded	rs962369	rs962369	11	27734420	FALSE	0.1684	0.0189	-0.00358576	0.00723018	79.38904285994232
DBP	WMH	apoe_excluded	rs7933758	rs7933758	11	31000774	FALSE	0.1138	0.0191	8.00241e-4	0.00729714	35.49913653682739
DBP	WMH	apoe_excluded	rs10838702	rs10838702	11	47410888	FALSE	0.2375	0.0178	-0.0178935	0.00682567	178.02755333922485
DBP	WMH	apoe_excluded	rs11040503	rs11040503	11	49760350	FALSE	0.17	0.0236	-0.0127938	0.00874751	51.888825050272914
DBP	WMH	apoe_excluded	rs751984	rs751984	11	61278246	FALSE	0.3937	0.0275	-0.0117048	0.0105365	204.95826776859505
DBP	WMH	apoe_excluded	rs35927325	rs35927325	11	63882495	FALSE	0.2221	0.0364	0.0233897	0.0139629	37.23011260717304
DBP	WMH	apoe_excluded	rs2306363	rs2306363	11	65405600	FALSE	0.2643	0.0216	0.0197821	0.00823592	149.72241512345673
DBP	WMH	apoe_excluded	rs11228613	rs11228613	11	69068492	FALSE	0.1741	0.0212	0.0030128	0.00815482	67.44128248487006
DBP	WMH	apoe_excluded	rs504217	rs504217	11	72006086	FALSE	0.2745	0.0335	0.00273402	0.0130045	67.14212519492092
DBP	WMH	apoe_excluded	rs7115331	rs7115331	11	76218590	FALSE	0.1266	0.0192	0.00396146	0.00736735	43.4775390625
DBP	WMH	apoe_excluded	rs11021221	rs11021221	11	95308854	FALSE	0.1877	0.0233	0.00558232	0.00891396	64.8958168321391
DBP	WMH	apoe_excluded	rs61909958	rs61909958	11	96151677	FALSE	0.1275	0.0228	0.00226183	0.00864603	31.271641274238227
DBP	WMH	apoe_excluded	rs604723	rs604723	11	100610546	FALSE	0.3848	0.0194	-0.00251353	0.00747315	393.4292698480177
DBP	WMH	apoe_excluded	rs66682451	rs66682451	11	107097540	FALSE	0.1348	0.0194	0.00591023	0.00746275	48.28100754596663
DBP	WMH	apoe_excluded	rs7106104	rs7106104	11	111635655	FALSE	0.1186	0.0193	0.00737215	0.00745838	37.76198018738758
DBP	WMH	apoe_excluded	rs12790943	rs12790943	11	120058623	FALSE	0.1002	0.0175	4.60711e-4	0.00673947	32.783804081632645
DBP	WMH	apoe_excluded	rs12574332	rs12574332	11	122521123	FALSE	0.2072	0.0266	-0.0171682	0.0103445	60.67590027700832
DBP	WMH	apoe_excluded	rs4936099	rs4936099	11	130280725	FALSE	0.1745	0.0178	-0.0208272	0.00682288	96.10607877793205
DBP	WMH	apoe_excluded	rs55935819	rs55935819	12	2521579	FALSE	0.1271	0.0181	0.00123002	0.00691493	49.30988065077376
DBP	WMH	apoe_excluded	rs7971147	rs7971147	12	19669330	FALSE	0.1187	0.0177	-0.00684798	0.00670551	44.97331545852085
DBP	WMH	apoe_excluded	rs4306343	rs4306343	12	20190630	FALSE	0.317	0.0193	0.0246208	0.00746035	269.77636983543175
DBP	WMH	apoe_excluded	rs6487076	rs6487076	12	20470857	FALSE	0.174	0.0209	0.0117453	0.00796966	69.3116000091573
DBP	WMH	apoe_excluded	rs12229480	rs12229480	12	26472908	FALSE	0.1359	0.0193	0.00154003	0.00742148	49.58202904775966
DBP	WMH	apoe_excluded	rs1669907	rs1669907	12	42777933	FALSE	0.1158	0.0191	-0.00208872	0.0072293	36.757873961788334
DBP	WMH	apoe_excluded	rs61917655	rs61917655	12	48210787	FALSE	0.2246	0.0297	-0.0148843	0.0115934	57.18822342391366
DBP	WMH	apoe_excluded	rs7967705	rs7967705	12	50511408	FALSE	0.2694	0.0178	-0.00376738	0.00687661	229.06312334301222
DBP	WMH	apoe_excluded	rs7306947	rs7306947	12	53385046	FALSE	0.205	0.0342	-0.0298247	0.0130166	35.929858759960325
DBP	WMH	apoe_excluded	rs6580970	rs6580970	12	54434277	FALSE	0.1661	0.0191	0.00798855	0.00731152	75.62624379814152
DBP	WMH	apoe_excluded	rs6581101	rs6581101	12	57136374	FALSE	0.1261	0.0179	-0.00933909	0.00684123	49.62769576480134
DBP	WMH	apoe_excluded	rs7959649	rs7959649	12	67783108	FALSE	0.1166	0.0202	0.00701861	0.00778885	33.31918439368689
DBP	WMH	apoe_excluded	rs521033	rs521033	12	69951428	FALSE	0.1802	0.0253	-0.0108538	0.00992945	50.730428533487476
DBP	WMH	apoe_excluded	rs710698	rs710698	12	70369918	FALSE	0.1059	0.0176	0.01649	0.0067457	36.20483600206611
DBP	WMH	apoe_excluded	rs2681485	rs2681485	12	90025622	FALSE	0.2945	0.0176	0.0225907	0.00678465	279.99176782024784
DBP	WMH	apoe_excluded	rs11108209	rs11108209	12	96109855	FALSE	0.1901	0.03	0.0092174	0.0113792	40.15334444444445
DBP	WMH	apoe_excluded	rs11112548	rs11112548	12	105871914	FALSE	0.2742	0.0443	-0.0274072	0.0167451	38.311349357194175
DBP	WMH	apoe_excluded	rs116063464	rs116063464	12	109860182	FALSE	0.2017	0.0369	0.00634384	0.0141973	29.878518812288387
DBP	WMH	apoe_excluded	rs7137828	rs7137828	12	111932800	FALSE	0.5027	0.0176	0.00583119	0.00665897	815.81640625
DBP	WMH	apoe_excluded	rs35443	rs35443	12	115552878	FALSE	0.2661	0.0178	0.00856939	0.00683538	223.48570256280775
DBP	WMH	apoe_excluded	rs6490019	rs6490019	12	115920472	FALSE	0.1778	0.0178	-0.0133611	0.0068689	99.77540714556244
DBP	WMH	apoe_excluded	rs1790123	rs1790123	12	123659542	FALSE	0.1991	0.0218	-0.0190394	0.00834779	83.41219173470247
DBP	WMH	apoe_excluded	rs2271139	rs2271139	12	124839540	FALSE	0.1247	0.0192	-0.0102244	0.00737937	42.18231879340279
DBP	WMH	apoe_excluded	rs682681	rs682681	13	22294062	FALSE	0.1454	0.0185	0.0169598	0.00715908	61.77110299488679
DBP	WMH	apoe_excluded	rs61948065	rs61948065	13	25255052	FALSE	0.1737	0.027	0.00129795	0.0103433	41.38777777777778
DBP	WMH	apoe_excluded	rs9508495	rs9508495	13	30146201	FALSE	0.1944	0.0204	0.0195917	0.00783879	90.80968858131484
DBP	WMH	apoe_excluded	rs56256111	rs56256111	13	41478963	FALSE	0.1926	0.0263	0.0126013	0.00962766	53.629169136462856
DBP	WMH	apoe_excluded	rs7992292	rs7992292	13	41968013	FALSE	0.1367	0.0231	0.0232597	0.00875454	35.01975225351848
DBP	WMH	apoe_excluded	rs9526707	rs9526707	13	51489186	FALSE	0.1217	0.0186	0.00195475	0.00708225	42.81098970979305
DBP	WMH	apoe_excluded	rs9563529	rs9563529	13	58316637	FALSE	0.1222	0.0215	-0.00523809	0.00830785	32.30468361276366
DBP	WMH	apoe_excluded	rs3861113	rs3861113	13	72364382	FALSE	0.2126	0.0322	-0.0165268	0.012704	43.59280120365727
DBP	WMH	apoe_excluded	rs12866098	rs12866098	13	73119617	FALSE	0.1033	0.0186	-0.00860011	0.00701771	30.844288357035506
DBP	WMH	apoe_excluded	rs1215469	rs1215469	13	80707408	FALSE	0.1383	0.0211	0.0074217	0.00798905	42.96150131398666
DBP	WMH	apoe_excluded	rs55684003	rs55684003	13	97988689	FALSE	0.122	0.0189	-1.8631e-5	0.00724901	41.6673665350914
DBP	WMH	apoe_excluded	rs675605	rs675605	13	110873556	FALSE	0.1205	0.0196	0.00585751	0.00735894	37.79740212411495
DBP	WMH	apoe_excluded	rs7990017	rs7990017	13	110959705	FALSE	0.1039	0.0185	0.00966161	0.00680138	31.541884587290003
DBP	WMH	apoe_excluded	rs7491960	rs7491960	13	114470370	FALSE	0.1288	0.018	0.0051504	0.00670485	51.20197530864198
DBP	WMH	apoe_excluded	rs7321688	rs7321688	13	115000365	FALSE	0.1507	0.0205	0.0111767	0.0078829	54.04042831647828
DBP	WMH	apoe_excluded	rs7350752	rs7350752	14	21841154	FALSE	0.1504	0.0268	0.0200911	0.0100097	31.49387391401203
DBP	WMH	apoe_excluded	rs17880989	rs17880989	14	23313633	FALSE	0.4014	0.0591	-0.0672192	0.0208519	46.12960911128861
DBP	WMH	apoe_excluded	rs1950500	rs1950500	14	24830850	FALSE	0.1396	0.019	0.0121159	0.00733949	53.98382271468145
DBP	WMH	apoe_excluded	rs4424827	rs4424827	14	35110857	FALSE	0.0981	0.0175	0.00685972	0.00669705	31.424032653061225
DBP	WMH	apoe_excluded	rs7155504	rs7155504	14	36158828	FALSE	0.2286	0.0317	-0.0200314	0.0118678	52.00366209236832
DBP	WMH	apoe_excluded	rs72683923	rs72683923	14	50735947	FALSE	0.5325	0.0635	0.0504462	0.0236262	70.32209064418127
DBP	WMH	apoe_excluded	rs35413927	rs35413927	14	53420358	FALSE	0.1274	0.0189	0.00394489	0.00724551	45.43758573388204
DBP	WMH	apoe_excluded	rs12148044	rs12148044	14	69214219	FALSE	0.1371	0.023	-0.00535606	0.00892334	35.53196597353498
DBP	WMH	apoe_excluded	rs227426	rs227426	14	70456664	FALSE	0.1119	0.0175	-0.0031624	0.00677684	40.88688979591836
DBP	WMH	apoe_excluded	rs2239268	rs2239268	14	72469591	FALSE	0.1097	0.019	3.94403e-4	0.00739926	33.335429362880895
DBP	WMH	apoe_excluded	rs4903064	rs4903064	14	73279420	FALSE	0.1543	0.0206	-6.85225e-4	0.00788646	56.10446319162974
DBP	WMH	apoe_excluded	rs8014182	rs8014182	14	103859962	FALSE	0.1942	0.0257	0.0241421	0.0101017	57.09948674468956
DBP	WMH	apoe_excluded	rs10873612	rs10873612	15	26105602	FALSE	0.1096	0.0179	0.0195542	0.0068434	37.48996598108673
DBP	WMH	apoe_excluded	rs11070245	rs11070245	15	40317792	FALSE	0.1287	0.0174	-0.00764189	0.00671493	54.70897740784782
DBP	WMH	apoe_excluded	rs2925345	rs2925345	15	41311799	FALSE	0.189	0.0174	-0.0174925	0.00668548	117.98454221165281
DBP	WMH	apoe_excluded	rs17678552	rs17678552	15	42066190	FALSE	0.1649	0.0182	-0.00817424	0.00706586	82.09156502837821
DBP	WMH	apoe_excluded	rs7169864	rs7169864	15	53902901	FALSE	0.1132	0.0205	0.0130007	0.00785338	30.491945270672215
DBP	WMH	apoe_excluded	rs28429256	rs28429256	15	66931617	FALSE	0.1636	0.0188	0.00811402	0.007182	75.72702580353099
DBP	WMH	apoe_excluded	rs2469141	rs2469141	15	66967398	FALSE	0.1351	0.0238	-0.00743365	0.00919418	32.22231833910034
DBP	WMH	apoe_excluded	rs3743111	rs3743111	15	71587373	FALSE	0.1517	0.0178	0.00597513	0.00684904	72.63252745865422
DBP	WMH	apoe_excluded	rs11636952	rs11636952	15	75114322	FALSE	0.3997	0.0189	-0.0199533	0.00728209	447.244170096022
DBP	WMH	apoe_excluded	rs57708073	rs57708073	15	79066653	FALSE	0.1907	0.0214	0.017397	0.00765808	79.40975194340119
DBP	WMH	apoe_excluded	rs2627313	rs2627313	15	81006712	FALSE	0.151	0.0175	0.0193737	0.00672412	74.45224489795918
DBP	WMH	apoe_excluded	rs77032376	rs77032376	15	90010780	FALSE	0.173	0.0249	0.0278933	0.00959454	48.27180206770859
DBP	WMH	apoe_excluded	rs4932373	rs4932373	15	91429287	FALSE	0.3664	0.0189	-0.0042875	0.00713519	375.8264326306654
DBP	WMH	apoe_excluded	rs3743369	rs3743369	15	92707569	FALSE	0.104	0.0179	-0.00260079	0.00688207	33.75674916513218
DBP	WMH	apoe_excluded	rs12906962	rs12906962	15	95312071	FALSE	0.2378	0.0188	-0.00310008	0.00720315	159.9955862381168
DBP	WMH	apoe_excluded	rs2589218	rs2589218	15	96785017	FALSE	0.1207	0.0196	0.021817	0.00751993	37.92297480216577
DBP	WMH	apoe_excluded	rs12596630	rs12596630	16	2065666	FALSE	0.2606	0.0314	0.00319618	0.0117649	68.87942715728833
DBP	WMH	apoe_excluded	rs917522	rs917522	16	4097222	FALSE	0.1665	0.0273	0.00465648	0.0105056	37.19659461417703
DBP	WMH	apoe_excluded	rs12446456	rs12446456	16	4922201	FALSE	0.181	0.0175	0.00838745	0.00672263	106.97469387755099
DBP	WMH	apoe_excluded	rs77924615	rs77924615	16	20392332	FALSE	0.3163	0.0224	0.00769075	0.00849402	199.3895288584184
DBP	WMH	apoe_excluded	rs9937801	rs9937801	16	21088130	FALSE	0.1554	0.0174	-0.0137627	0.00669633	79.76337693222358
DBP	WMH	apoe_excluded	rs80095680	rs80095680	16	30902353	FALSE	0.1566	0.0198	0.0097387	0.00755974	62.55371900826445
DBP	WMH	apoe_excluded	rs7192407	rs7192407	16	49783926	FALSE	0.1019	0.0174	0.00665727	0.00667488	34.29650548289075
DBP	WMH	apoe_excluded	rs62030049	rs62030049	16	50572709	FALSE	0.1336	0.0209	0.0113836	0.00786217	40.86206817609487
DBP	WMH	apoe_excluded	rs9932220	rs9932220	16	51758116	FALSE	0.1591	0.021	0.0130577	0.00807112	57.39866213151926
DBP	WMH	apoe_excluded	rs12919839	rs12919839	16	56859216	FALSE	0.1098	0.0192	0.0110454	0.00742925	32.7041015625
DBP	WMH	apoe_excluded	rs45474499	rs45474499	16	66914492	FALSE	0.3562	0.0415	0.012289	0.0159616	73.67016402961242
DBP	WMH	apoe_excluded	rs28544928	rs28544928	16	69329268	FALSE	0.1543	0.0199	-7.75675e-4	0.00764795	60.120931289613885
DBP	WMH	apoe_excluded	rs12444212	rs12444212	16	71437689	FALSE	0.1291	0.0226	-0.00704409	0.00850124	32.63139243480304
DBP	WMH	apoe_excluded	rs11859505	rs11859505	16	74195719	FALSE	0.1037	0.0181	0.0111897	0.00686369	32.82466957663075
DBP	WMH	apoe_excluded	rs8046697	rs8046697	16	75442144	FALSE	0.1289	0.0179	0.00181864	0.0068106	51.85609063387535
DBP	WMH	apoe_excluded	rs12929303	rs12929303	16	81602264	FALSE	0.1572	0.0174	0.019379	0.00669017	81.62187871581452
DBP	WMH	apoe_excluded	rs79286081	rs79286081	16	86555837	FALSE	0.1631	0.0299	0.00577674	0.0110643	29.755383049406603
DBP	WMH	apoe_excluded	rs908951	rs908951	16	89697625	FALSE	0.1983	0.0181	8.12505e-4	0.00677949	120.02957785171391
DBP	WMH	apoe_excluded	rs4362428	rs4362428	17	2090341	FALSE	0.1127	0.0176	0.0105538	0.00683582	41.00364798553718
DBP	WMH	apoe_excluded	rs12601936	rs12601936	17	7172609	FALSE	0.1429	0.0178	0.0150839	0.00682888	64.45022724403485
DBP	WMH	apoe_excluded	rs138420351	rs138420351	17	7700063	FALSE	0.5568	0.0854	0.0615566	0.0342775	42.50917846310789
DBP	WMH	apoe_excluded	rs74439044	rs74439044	17	7781019	FALSE	0.3496	0.0294	0.0185968	0.0113887	141.39960201767786
DBP	WMH	apoe_excluded	rs12949537	rs12949537	17	16240488	FALSE	0.1197	0.0177	0.00171293	0.00667604	45.73427176098822
DBP	WMH	apoe_excluded	rs1043809	rs1043809	17	19239432	FALSE	0.159	0.0223	0.0522693	0.00856161	50.8375394638943
DBP	WMH	apoe_excluded	rs76954792	rs76954792	17	30033514	FALSE	0.1213	0.0208	0.00896632	0.00803542	34.00908376479291
DBP	WMH	apoe_excluded	rs28661492	rs28661492	17	30609932	FALSE	0.1359	0.0222	0.00928295	0.00849356	37.474251278305324
DBP	WMH	apoe_excluded	rs2239917	rs2239917	17	43165887	FALSE	0.1731	0.0176	-0.0479712	0.00679231	96.73169550619832
DBP	WMH	apoe_excluded	rs62064603	rs62064603	17	43484496	FALSE	0.1335	0.0229	-0.0506286	0.00864964	33.985335901298605
DBP	WMH	apoe_excluded	rs55938136	rs55938136	17	43798360	FALSE	0.1408	0.0225	-0.0473037	0.00801746	39.159782716049385
DBP	WMH	apoe_excluded	rs3916033	rs3916033	17	44889703	FALSE	0.1233	0.0185	0.0148239	0.00677294	44.42042366691016
DBP	WMH	apoe_excluded	rs8081301	rs8081301	17	47039302	FALSE	0.1278	0.0197	0.00920589	0.00747098	42.085186425829065
DBP	WMH	apoe_excluded	rs9889262	rs9889262	17	47398070	FALSE	0.2283	0.018	0.0170309	0.00693276	160.86694444444444
DBP	WMH	apoe_excluded	rs3785837	rs3785837	17	59468942	FALSE	0.1453	0.0213	0.0131174	0.00802033	46.53417531794839
DBP	WMH	apoe_excluded	rs6504163	rs6504163	17	61545779	FALSE	0.1842	0.0183	0.00120167	0.00697183	101.31577532921256
DBP	WMH	apoe_excluded	rs1867624	rs1867624	17	62387091	FALSE	0.1412	0.0178	-0.0028649	0.0068563	62.925893195303615
DBP	WMH	apoe_excluded	rs1436138	rs1436138	17	75316880	FALSE	0.1991	0.0182	0.00460408	0.00699541	119.6739826107958
DBP	WMH	apoe_excluded	rs7217916	rs7217916	17	76769434	FALSE	0.1111	0.0179	0.00319125	0.00688119	38.52317343403764
DBP	WMH	apoe_excluded	rs11077961	rs11077961	17	81012749	FALSE	0.1073	0.0186	-0.00293211	0.006971	33.27925193664008
DBP	WMH	apoe_excluded	rs7227492	rs7227492	18	772064	FALSE	0.181	0.0227	0.0028348	0.00862764	63.5777911467329
DBP	WMH	apoe_excluded	rs1903752	rs1903752	18	7129327	FALSE	0.0987	0.0178	-0.00604052	0.00670422	30.746401969448304
DBP	WMH	apoe_excluded	rs11665020	rs11665020	18	10879503	FALSE	0.1423	0.0187	0.0110577	0.00710064	57.9064028139209
DBP	WMH	apoe_excluded	rs4410190	rs4410190	18	20020200	FALSE	0.1068	0.0176	-0.00498356	0.00670055	36.8228305785124
DBP	WMH	apoe_excluded	rs10164193	rs10164193	18	31161426	FALSE	0.2196	0.0327	0.0137489	0.0126232	45.099234071206126
DBP	WMH	apoe_excluded	rs11661473	rs11661473	18	42177123	FALSE	0.2007	0.0196	0.0035384	0.00753235	104.85342044981259
DBP	WMH	apoe_excluded	rs58693787	rs58693787	18	48141710	FALSE	0.1584	0.0202	0.00455297	0.00780324	61.49044211351829
DBP	WMH	apoe_excluded	rs4102481	rs4102481	18	51774715	FALSE	0.1248	0.019	0.00988519	0.00734006	43.14415512465374
DBP	WMH	apoe_excluded	rs2062011	rs2062011	18	60876114	FALSE	0.1138	0.0209	-0.00621083	0.00783758	29.647764474256544
DBP	WMH	apoe_excluded	rs4891258	rs4891258	18	72995537	FALSE	0.1159	0.0187	-0.001249	0.00723517	38.41348051131001
DBP	WMH	apoe_excluded	rs10424224	rs10424224	19	7240481	FALSE	0.1042	0.0182	0.011106	0.00696523	32.77877067986958
DBP	WMH	apoe_excluded	rs7258382	rs7258382	19	7262569	FALSE	0.2624	0.0248	0.0168442	0.00895824	111.95005202913634
DBP	WMH	apoe_excluded	rs2009733	rs2009733	19	8398714	FALSE	0.1217	0.0176	-0.00968067	0.00662413	47.8140818698347
DBP	WMH	apoe_excluded	rs387865	rs387865	19	11284539	FALSE	0.1059	0.0191	0.00435253	0.00724779	30.741509278802667
DBP	WMH	apoe_excluded	rs167479	rs167479	19	11526765	FALSE	0.362	0.0188	0.013655	0.00665487	370.76731552738795
DBP	WMH	apoe_excluded	rs1077795	rs1077795	19	17222584	FALSE	0.1987	0.0199	0.00702431	0.00757797	99.69871972929974
DBP	WMH	apoe_excluded	rs72999033	rs72999033	19	19366632	FALSE	0.2793	0.0358	-0.0172769	0.0136385	60.866148060297746
DBP	WMH	apoe_excluded	rs7257694	rs7257694	19	30314666	FALSE	0.1837	0.0178	-0.016293	0.00679769	106.50703825274586
DBP	WMH	apoe_excluded	rs8108717	rs8108717	19	31911914	FALSE	0.1323	0.0179	0.00110659	0.00684763	54.62778939483786
DBP	WMH	apoe_excluded	rs2548459	rs2548459	19	49209339	FALSE	0.132	0.0176	0.0143432	0.00670999	56.25
DBP	WMH	apoe_excluded	rs73046792	rs73046792	19	49605705	FALSE	0.1518	0.0245	-0.00852802	0.00894685	38.389404414827155
DBP	WMH	apoe_excluded	rs6108168	rs6108168	20	8626271	FALSE	0.1901	0.0199	0.014858	0.00767164	91.2552965834196
DBP	WMH	apoe_excluded	rs693974	rs693974	20	10557252	FALSE	0.1847	0.0177	-0.00533811	0.00681126	108.88981454882058
DBP	WMH	apoe_excluded	rs1327235	rs1327235	20	10969030	FALSE	0.3018	0.0173	0.027587	0.00669209	304.33105015202653
DBP	WMH	apoe_excluded	rs6078393	rs6078393	20	11908101	FALSE	0.1205	0.0176	4.97387e-4	0.00675857	46.87580707644627
DBP	WMH	apoe_excluded	rs4814837	rs4814837	20	19241680	FALSE	0.1003	0.0184	0.0158199	0.00703541	29.714349007561438
DBP	WMH	apoe_excluded	rs13042148	rs13042148	20	32298286	FALSE	0.1674	0.0244	0.0173823	0.00916102	47.0685971513034
DBP	WMH	apoe_excluded	rs7265695	rs7265695	20	40043096	FALSE	0.1967	0.0219	0.0209676	0.00850509	80.67156648109925
DBP	WMH	apoe_excluded	rs6031431	rs6031431	20	42795152	FALSE	0.1153	0.0175	0.00954131	0.00672626	43.40927346938775
DBP	WMH	apoe_excluded	rs2598	rs2598	20	47241618	FALSE	0.1387	0.0175	0.00704774	0.00671062	62.81694693877549
DBP	WMH	apoe_excluded	rs79044887	rs79044887	20	47427831	FALSE	0.2427	0.0245	-0.00689857	0.00933165	98.1312619741774
DBP	WMH	apoe_excluded	rs234623	rs234623	20	57488964	FALSE	0.1191	0.0174	5.75975e-4	0.0066962	46.851664684898935
DBP	WMH	apoe_excluded	rs6026739	rs6026739	20	57739469	FALSE	0.5032	0.0266	0.0322578	0.0104096	357.8639832664367
DBP	WMH	apoe_excluded	rs79208229	rs79208229	20	62516236	FALSE	0.2128	0.0326	0.017833	0.0120953	42.609657871956045
DBP	WMH	apoe_excluded	rs35213536	rs35213536	20	62694319	FALSE	0.2044	0.0205	-0.00125406	0.00775418	99.41549077929804
DBP	WMH	apoe_excluded	rs1882961	rs1882961	21	16556367	FALSE	0.1272	0.0188	0.00270557	0.00724697	45.77818017202354
DBP	WMH	apoe_excluded	rs1003763	rs1003763	21	40073020	FALSE	0.1484	0.0203	0.0211801	0.00780077	53.44114149821642
DBP	WMH	apoe_excluded	rs12627514	rs12627514	21	44759440	FALSE	0.2164	0.0196	0.00756507	0.0074076	121.89962515618495
DBP	WMH	apoe_excluded	rs34487963	rs34487963	21	44838330	FALSE	0.5734	0.0712	0.0407789	0.0253541	64.8567810251231
DBP	WMH	apoe_excluded	rs7278003	rs7278003	21	44966069	FALSE	0.1293	0.0176	0.016344	0.00671198	53.97239798553718
DBP	WMH	apoe_excluded	rs5992929	rs5992929	22	18451977	FALSE	0.1684	0.0193	4.21612e-4	0.0073984	76.13240623909365
DBP	WMH	apoe_excluded	rs134041	rs134041	22	28056338	FALSE	0.1223	0.0175	0.00754941	0.00673082	48.8401306122449
DBP	WMH	apoe_excluded	rs2294239	rs2294239	22	29449477	FALSE	0.1458	0.0176	-5.76259e-4	0.00672495	68.62616219008267
DBP	WMH	apoe_excluded	rs5753630	rs5753630	22	31861950	FALSE	0.107	0.0175	-0.0113788	0.00670584	37.38448979591836
SBP	WMH	all_ivs	rs2072927	rs2072927	1	1684800	FALSE	0.3378	0.0314	-0.0140557	0.00665107	115.7337417339446
SBP	WMH	all_ivs	rs263532	rs263532	1	2164116	FALSE	0.1798	0.0307	-0.00436617	0.00673957	34.30067162516312
SBP	WMH	all_ivs	rs2493296	rs2493296	1	3327032	FALSE	0.4183	0.0442	0.00403886	0.00973327	89.56352756905059
SBP	WMH	all_ivs	rs2232460	rs2232460	1	6659505	FALSE	0.2171	0.032	0.00146795	0.00707906	46.027744140624996
SBP	WMH	all_ivs	rs488834	rs488834	1	10767902	FALSE	0.3799	0.0365	0.00533726	0.00788567	108.33102645899797
SBP	WMH	all_ivs	rs6699618	rs6699618	1	11881441	FALSE	0.9115	0.041	-0.0163246	0.00899831	494.2488102320047
SBP	WMH	all_ivs	rs75461554	rs75461554	1	15810172	FALSE	0.3016	0.0377	-1.85261e-4	0.00840311	64
SBP	WMH	all_ivs	rs1889785	rs1889785	1	16348729	FALSE	0.1782	0.0304	0.002133	0.00670435	34.36119286703601
SBP	WMH	all_ivs	rs404100	rs404100	1	25366987	FALSE	0.1935	0.0303	0.00434829	0.00672384	40.78276639545143
SBP	WMH	all_ivs	rs34079867	rs34079867	1	27407850	FALSE	0.1992	0.0354	0.0143386	0.00763252	31.66446423441539
SBP	WMH	all_ivs	rs4908348	rs4908348	1	28706949	FALSE	0.2366	0.033	0.00298406	0.00729291	51.40455463728191
SBP	WMH	all_ivs	rs11210029	rs11210029	1	41865293	FALSE	0.203	0.0313	-2.48667e-4	0.00693213	42.06330573957068
SBP	WMH	all_ivs	rs1408945	rs1408945	1	42364877	FALSE	0.3196	0.0304	-0.0109227	0.00671212	110.5264889196676
SBP	WMH	all_ivs	rs1209384	rs1209384	1	43765089	FALSE	0.2558	0.0313	0.0238578	0.00684365	66.79014790392881
SBP	WMH	all_ivs	rs778124	rs778124	1	56606206	FALSE	0.2965	0.0311	0.0189037	0.00690659	90.89261897623061
SBP	WMH	all_ivs	rs61772592	rs61772592	1	56979681	FALSE	0.3181	0.0455	0.0151006	0.010121	48.87700036227509
SBP	WMH	all_ivs	rs12063372	rs12063372	1	59621911	FALSE	0.1989	0.0318	-0.00355572	0.00692632	39.12148451406194
SBP	WMH	all_ivs	rs12136922	rs12136922	1	67007389	FALSE	0.2027	0.0304	-0.00239117	0.00668583	44.459065529778385
SBP	WMH	all_ivs	rs658780	rs658780	1	78555928	FALSE	0.2028	0.0347	-0.00725697	0.00770257	34.15678230032639
SBP	WMH	all_ivs	rs786923	rs786923	1	89242954	FALSE	0.3082	0.031	-0.0177534	0.00685298	98.84208116545264
SBP	WMH	all_ivs	rs7514579	rs7514579	1	94051350	FALSE	0.2243	0.0361	-0.0127097	0.00796238	38.60505214048388
SBP	WMH	all_ivs	rs10776752	rs10776752	1	113044328	FALSE	0.8211	0.0576	0.0329974	0.0127784	203.21096462673611
SBP	WMH	all_ivs	rs59980837	rs59980837	1	115827266	FALSE	1.0997	0.1163	0.036669	0.0256542	89.41060234265312
SBP	WMH	all_ivs	rs11204684	rs11204684	1	150608894	FALSE	0.1716	0.0305	0.0201371	0.00676083	31.65445847890352
SBP	WMH	all_ivs	rs76719272	rs76719272	1	156129796	FALSE	0.2738	0.0461	0.0163261	0.00996306	35.27483872182042
SBP	WMH	all_ivs	rs12731646	rs12731646	1	169090660	FALSE	0.189	0.0307	-1.79103e-4	0.0067923	37.90066738108627
SBP	WMH	all_ivs	rs1043069	rs1043069	1	180859368	FALSE	0.234	0.0311	-0.00140369	0.006854	56.61231790407461
SBP	WMH	all_ivs	rs4651224	rs4651224	1	184585182	FALSE	0.1986	0.0306	-0.00896399	0.00677257	42.122645136485964
SBP	WMH	all_ivs	rs12042924	rs12042924	1	197297417	FALSE	0.1807	0.0303	0.0040815	0.0067079	35.565674389221094
SBP	WMH	all_ivs	rs11120093	rs11120093	1	207211326	FALSE	0.1792	0.0307	0.00752167	0.00679507	34.072128086239644
SBP	WMH	all_ivs	rs2724377	rs2724377	1	207974818	FALSE	0.1938	0.0301	2.57635e-4	0.00667635	41.45477422986502
SBP	WMH	all_ivs	rs7555285	rs7555285	1	209970355	FALSE	0.2294	0.0376	0.0034465	0.00844913	37.222979855138064
SBP	WMH	all_ivs	rs68085857	rs68085857	1	217737629	FALSE	0.274	0.0357	-0.00634802	0.00793408	58.90669993487592
SBP	WMH	all_ivs	rs4595370	rs4595370	1	221298122	FALSE	0.2092	0.0328	0.00763046	0.00732934	40.67950624628196
SBP	WMH	all_ivs	rs1745417	rs1745417	1	228204279	FALSE	0.2871	0.0301	0.0130215	0.0067168	90.97737331817534
SBP	WMH	all_ivs	rs699	rs699	1	230845794	FALSE	0.3748	0.0308	0.0128009	0.00683796	148.08045201551695
SBP	WMH	all_ivs	rs1565440	rs1565440	1	243387788	FALSE	0.1746	0.0311	1.12379e-4	0.00693656	31.518656754996332
SBP	WMH	all_ivs	rs4926499	rs4926499	1	249155909	FALSE	0.2965	0.0438	-0.0196762	0.00901943	45.82486290944726
SBP	WMH	all_ivs	rs17760259	rs17760259	2	19744462	FALSE	0.2654	0.0304	0.0062851	0.00674741	76.21749480609421
SBP	WMH	all_ivs	rs2384063	rs2384063	2	25187115	FALSE	0.3266	0.0357	-0.00492242	0.00783065	83.69430909618748
SBP	WMH	all_ivs	rs1275988	rs1275988	2	26914364	FALSE	0.541	0.0308	0.0100877	0.00689282	308.52694383538545
SBP	WMH	all_ivs	rs13420463	rs13420463	2	37517566	FALSE	0.3143	0.036	-8.95377e-4	0.00794573	76.22260030864199
SBP	WMH	all_ivs	rs4952609	rs4952609	2	40555733	FALSE	0.2124	0.0347	-0.00358627	0.00779952	37.46709963540931
SBP	WMH	all_ivs	rs115262049	rs115262049	2	43196694	FALSE	0.5893	0.0552	0.0394053	0.0117698	113.97109653959254
SBP	WMH	all_ivs	rs12464602	rs12464602	2	43397614	FALSE	0.2437	0.0315	0.00355737	0.00696251	59.85355505165029
SBP	WMH	all_ivs	rs13016772	rs13016772	2	55779476	FALSE	0.2522	0.0355	0.00186182	0.00786909	50.47001785360048
SBP	WMH	all_ivs	rs2249105	rs2249105	2	65287896	FALSE	0.2927	0.0313	-0.0104369	0.0069023	87.44938705100594
SBP	WMH	all_ivs	rs10188003	rs10188003	2	66773469	FALSE	0.1883	0.0307	0.00261878	0.00685095	37.6204415961973
SBP	WMH	all_ivs	rs6731373	rs6731373	2	68503044	FALSE	0.1913	0.0326	0.0133853	0.00695603	34.43457600963529
SBP	WMH	all_ivs	rs6732123	rs6732123	2	69534650	FALSE	0.1737	0.0307	0.0136546	0.00680391	32.01274284077284
SBP	WMH	all_ivs	rs4577304	rs4577304	2	73403040	FALSE	0.1767	0.0302	-0.00397733	0.00670127	34.234123503355114
SBP	WMH	all_ivs	rs72847885	rs72847885	2	86326717	FALSE	0.2413	0.0318	0.0255994	0.00706663	57.578507574858584
SBP	WMH	all_ivs	rs10207726	rs10207726	2	112744260	FALSE	0.2142	0.033	0.00103684	0.00731869	42.13190082644627
SBP	WMH	all_ivs	rs6737318	rs6737318	2	114083120	FALSE	0.2348	0.0364	-0.0104537	0.00806077	41.60958821398382
SBP	WMH	all_ivs	rs2580350	rs2580350	2	121996007	FALSE	0.1769	0.0307	0.00171185	0.00676486	33.20312151853069
SBP	WMH	all_ivs	rs17257081	rs17257081	2	135630498	FALSE	0.2274	0.0392	0.0107703	0.00876575	33.651837775926694
SBP	WMH	all_ivs	rs55944332	rs55944332	2	145726621	FALSE	0.2613	0.0355	0.0084137	0.00786423	54.17789327514382
SBP	WMH	all_ivs	rs62170470	rs62170470	2	146989797	FALSE	0.1972	0.0321	0.00926131	0.00688745	37.74016168321348
SBP	WMH	all_ivs	rs55732192	rs55732192	2	162278233	FALSE	0.3358	0.0521	0.00175682	0.0114381	41.54185992536131
SBP	WMH	all_ivs	rs268263	rs268263	2	164954174	FALSE	0.5938	0.0353	0.0236729	0.00786588	282.96386296334936
SBP	WMH	all_ivs	rs10048760	rs10048760	2	174977976	FALSE	0.1862	0.0301	0.00930139	0.00670125	38.2671714440238
SBP	WMH	all_ivs	rs71421551	rs71421551	2	177053298	FALSE	0.2374	0.0333	0.00977083	0.00737659	50.824482139797446
SBP	WMH	all_ivs	rs4893914	rs4893914	2	177539076	FALSE	0.1736	0.0304	0.00814628	0.00676674	32.6101108033241
SBP	WMH	all_ivs	rs4894132	rs4894132	2	180738654	FALSE	0.2469	0.0342	0.00793561	0.00749512	52.118267159125885
SBP	WMH	all_ivs	rs12473915	rs12473915	2	182987704	FALSE	0.295	0.0375	-0.0279036	0.0082196	61.88444444444444
SBP	WMH	all_ivs	rs13412750	rs13412750	2	191634958	FALSE	0.2889	0.0341	0.00376738	0.00741909	71.77716909899297
SBP	WMH	all_ivs	rs2043444	rs2043444	2	204143126	FALSE	0.2435	0.031	-0.0151897	0.00683407	61.698491155046824
SBP	WMH	all_ivs	rs4675682	rs4675682	2	208402750	FALSE	0.2837	0.0303	-0.0031319	0.00670856	87.66644882310013
SBP	WMH	all_ivs	rs12694277	rs12694277	2	213188795	FALSE	0.2018	0.0335	0.0109737	0.00744374	36.287137447092896
SBP	WMH	all_ivs	rs2161967	rs2161967	2	218680529	FALSE	0.2836	0.0307	-0.00228821	0.00680576	85.33667200713006
SBP	WMH	all_ivs	rs10804330	rs10804330	2	227185749	FALSE	0.2351	0.0306	6.45903e-4	0.00681155	59.02858943141527
SBP	WMH	all_ivs	rs1044822	rs1044822	2	230629138	FALSE	0.248	0.0424	-0.00137834	0.0093383	34.21146315414738
SBP	WMH	all_ivs	rs3754944	rs3754944	2	231279616	FALSE	0.1768	0.0308	0.0155418	0.00678975	32.95058188564683
SBP	WMH	all_ivs	rs139354822	rs139354822	2	242344695	FALSE	0.6115	0.0975	-0.0172254	0.0211077	39.33541091387245
SBP	WMH	all_ivs	rs9848170	rs9848170	3	11495983	FALSE	0.3231	0.0307	-0.00749093	0.00683224	110.76362613926936
SBP	WMH	all_ivs	rs11925504	rs11925504	3	14943965	FALSE	0.2901	0.0305	0.0123404	0.00677733	90.46816447191617
SBP	WMH	all_ivs	rs189267552	rs189267552	3	20073193	FALSE	0.8664	0.139	0.0247925	0.0299236	38.85145489363904
SBP	WMH	all_ivs	rs2643826	rs2643826	3	27562988	FALSE	0.4473	0.0306	0.0014017	0.006722	213.67560553633217
SBP	WMH	all_ivs	rs68115553	rs68115553	3	27704702	FALSE	0.6445	0.1143	0.0145069	0.0253975	31.79460124352347
SBP	WMH	all_ivs	rs743395	rs743395	3	37598382	FALSE	0.2597	0.0317	-0.00331177	0.00700447	67.11589328185174
SBP	WMH	all_ivs	rs6788984	rs6788984	3	41107173	FALSE	0.2999	0.0432	0.00621239	0.00963183	48.19316379458161
SBP	WMH	all_ivs	rs1052501	rs1052501	3	41925398	FALSE	0.2262	0.0412	0.00889915	0.00912307	30.143298143086064
SBP	WMH	all_ivs	rs6771917	rs6771917	3	48108442	FALSE	0.3793	0.0355	0.00930315	0.00780436	114.15869073596514
SBP	WMH	all_ivs	rs7615099	rs7615099	3	53143901	FALSE	0.1891	0.0321	-0.00247641	0.00710625	34.70347725662601
SBP	WMH	all_ivs	rs6445583	rs6445583	3	53562894	FALSE	0.2774	0.0349	0.0103755	0.00765675	63.17744517696899
SBP	WMH	all_ivs	rs3772219	rs3772219	3	56771251	FALSE	0.2733	0.0324	0.00552011	0.0071137	71.15234910836763
SBP	WMH	all_ivs	rs7618284	rs7618284	3	66422246	FALSE	0.1891	0.0331	-0.00598875	0.00713753	32.63826544116976
SBP	WMH	all_ivs	rs4499560	rs4499560	3	70920485	FALSE	0.2199	0.0326	-0.0207654	0.00721301	45.500404606872685
SBP	WMH	all_ivs	rs1375564	rs1375564	3	85656311	FALSE	0.2579	0.0315	0.00373964	0.00698887	67.0319072814311
SBP	WMH	all_ivs	rs12637573	rs12637573	3	121682388	FALSE	0.1731	0.0302	0.00339977	0.00669135	32.853394587956664
SBP	WMH	all_ivs	rs6438857	rs6438857	3	124557643	FALSE	0.2736	0.0305	-0.00194639	0.0067723	80.46972319269014
SBP	WMH	all_ivs	rs9880098	rs9880098	3	133949366	FALSE	0.3081	0.0308	0.0175317	0.00684507	100.0649456063417
SBP	WMH	all_ivs	rs1199330	rs1199330	3	138101529	FALSE	0.2654	0.047	7.16585e-4	0.0103417	31.88644635581712
SBP	WMH	all_ivs	rs9876694	rs9876694	3	141152017	FALSE	0.4713	0.0651	0.018564	0.0142327	52.41226188706491
SBP	WMH	all_ivs	rs4408839	rs4408839	3	153729768	FALSE	0.2301	0.0345	8.64197e-4	0.00755989	44.48310018903591
SBP	WMH	all_ivs	rs79539362	rs79539362	3	154680449	FALSE	0.4003	0.0504	0.00730292	0.0107929	63.082675894431844
SBP	WMH	all_ivs	rs17684859	rs17684859	3	158213841	FALSE	0.2241	0.034	0.00183307	0.0075067	43.44360726643598
SBP	WMH	all_ivs	rs3980686	rs3980686	3	168697602	FALSE	0.4998	0.0487	7.20908e-5	0.010967	105.32575505230449
SBP	WMH	all_ivs	rs1290784	rs1290784	3	169096900	FALSE	0.4124	0.0303	9.83926e-4	0.00673404	185.24737226197865
SBP	WMH	all_ivs	rs2111557	rs2111557	3	169325621	FALSE	0.1764	0.0302	-3.45232e-4	0.00671859	34.117977281698174
SBP	WMH	all_ivs	rs4955575	rs4955575	3	169534538	FALSE	0.2158	0.0348	0.00222334	0.00771616	38.454254194741715
SBP	WMH	all_ivs	rs262986	rs262986	3	183435713	FALSE	0.2371	0.0305	-0.00766001	0.00671634	60.43150765923139
SBP	WMH	all_ivs	rs13091418	rs13091418	3	185329756	FALSE	0.2234	0.0325	5.15124e-4	0.00699213	47.24976094674555
SBP	WMH	all_ivs	rs9869437	rs9869437	3	196228360	FALSE	0.2001	0.0318	0.0065161	0.00702754	39.59496262014951
SBP	WMH	all_ivs	rs34535756	rs34535756	4	2246927	FALSE	0.478	0.0786	0.00943479	0.0175676	36.983729256906805
SBP	WMH	all_ivs	rs1290933	rs1290933	4	2668217	FALSE	0.2847	0.0327	0.00665275	0.00719732	75.80178436158573
SBP	WMH	all_ivs	rs2498323	rs2498323	4	3451109	FALSE	0.3171	0.0517	0.00505285	0.0111522	37.61935956960443
SBP	WMH	all_ivs	rs2610990	rs2610990	4	18008232	FALSE	0.2903	0.0343	0.00795537	0.00758689	71.63179457538953
SBP	WMH	all_ivs	rs55924432	rs55924432	4	26812737	FALSE	0.2651	0.0317	0.00662798	0.00680919	69.93602284827196
SBP	WMH	all_ivs	rs2291434	rs2291434	4	38387244	FALSE	0.2622	0.0303	-0.00347011	0.00669532	74.8824625036761
SBP	WMH	all_ivs	rs12511987	rs12511987	4	46595623	FALSE	0.2329	0.0399	0.00618342	0.0087681	34.07165155997764
SBP	WMH	all_ivs	rs62309747	rs62309747	4	48713862	FALSE	0.2244	0.0304	-0.00464302	0.00668119	54.48770775623267
SBP	WMH	all_ivs	rs60991988	rs60991988	4	54801228	FALSE	0.3789	0.0498	0.00597498	0.0109749	57.88826389896938
SBP	WMH	all_ivs	rs13107261	rs13107261	4	63768826	FALSE	0.1778	0.0314	-0.00299796	0.00692877	32.063004584364485
SBP	WMH	all_ivs	rs5020545	rs5020545	4	77414988	FALSE	0.2179	0.0305	0.00470262	0.00672288	51.04048374092987
SBP	WMH	all_ivs	rs12509595	rs12509595	4	81182554	FALSE	0.8367	0.0334	0.0212154	0.00731847	627.5475008067698
SBP	WMH	all_ivs	rs6823199	rs6823199	4	83925895	FALSE	0.2094	0.0348	-0.00292437	0.00754422	36.20719381688467
SBP	WMH	all_ivs	rs17010957	rs17010957	4	86719165	FALSE	0.534	0.043	0.0157916	0.00934205	154.22174148188216
SBP	WMH	all_ivs	rs13149209	rs13149209	4	89750668	FALSE	0.281	0.0367	0.0106689	0.00813602	58.62468353020662
SBP	WMH	all_ivs	rs13107325	rs13107325	4	103188709	FALSE	0.9086	0.0592	-0.0151286	0.0131051	235.56027437910882
SBP	WMH	all_ivs	rs11097909	rs11097909	4	106911321	FALSE	0.3628	0.043	0.0186664	0.00930833	71.18650081124935
SBP	WMH	all_ivs	rs1493132	rs1493132	4	108861082	FALSE	0.1766	0.0318	-0.00577264	0.00704703	30.840908191922786
SBP	WMH	all_ivs	rs1814951	rs1814951	4	111408718	FALSE	0.3231	0.0466	-0.00292178	0.0103594	48.073094917939166
SBP	WMH	all_ivs	rs2389873	rs2389873	4	120554714	FALSE	0.1972	0.0303	0.0131666	0.00667037	42.35732880218714
SBP	WMH	all_ivs	rs7439567	rs7439567	4	138464842	FALSE	0.2537	0.0309	0.0174519	0.00683684	67.40994543417014
SBP	WMH	all_ivs	rs72719160	rs72719160	4	144051276	FALSE	0.2243	0.0324	-0.002673	0.00720789	47.92570682822741
SBP	WMH	all_ivs	rs2353940	rs2353940	4	145740898	FALSE	0.2075	0.0358	-0.00409711	0.00764913	33.59465216441434
SBP	WMH	all_ivs	rs73855810	rs73855810	4	148383424	FALSE	0.2732	0.0434	-0.00767855	0.00952576	39.62615472828048
SBP	WMH	all_ivs	rs7683728	rs7683728	4	156402654	FALSE	0.3654	0.0304	0.00439644	0.00667683	144.47407375346262
SBP	WMH	all_ivs	rs12643599	rs12643599	4	156639846	FALSE	0.3134	0.0313	0.00862448	0.00689561	100.2557543712807
SBP	WMH	all_ivs	rs17035181	rs17035181	4	157678511	FALSE	0.3074	0.0429	-0.00159606	0.00943263	51.344406952798565
SBP	WMH	all_ivs	rs869396	rs869396	4	169688000	FALSE	0.2115	0.0305	0.0141327	0.00671814	48.086267132491265
SBP	WMH	all_ivs	rs4957026	rs4957026	5	361148	FALSE	0.1982	0.0323	-0.0105736	0.00704327	37.65323160386852
SBP	WMH	all_ivs	rs10069690	rs10069690	5	1279790	FALSE	0.3098	0.0369	-0.0162344	0.00763284	70.48717327281675
SBP	WMH	all_ivs	rs7725413	rs7725413	5	15695987	FALSE	0.1985	0.0359	0.00931234	0.00794014	30.57258245978849
SBP	WMH	all_ivs	rs12656497	rs12656497	5	32831939	FALSE	0.6382	0.0307	0.0123547	0.00679898	432.1523199185136
SBP	WMH	all_ivs	rs10941043	rs10941043	5	33194751	FALSE	0.2585	0.0332	0.0038252	0.00730826	60.62404739439687
SBP	WMH	all_ivs	rs2113077	rs2113077	5	50799442	FALSE	0.2097	0.0305	-0.00113759	0.00675081	47.27126041386724
SBP	WMH	all_ivs	rs1694068	rs1694068	5	53283630	FALSE	0.2657	0.0311	0.00997285	0.00687985	72.98982640791556
SBP	WMH	all_ivs	rs10043077	rs10043077	5	55692939	FALSE	0.1931	0.0324	0.0146425	0.00694662	35.52012841030331
SBP	WMH	all_ivs	rs34496659	rs34496659	5	61798934	FALSE	0.4545	0.0616	0.0280416	0.0137627	54.43852515179625
SBP	WMH	all_ivs	rs6870654	rs6870654	5	63831964	FALSE	0.2136	0.0347	-5.2539e-4	0.00764653	37.891652617329264
SBP	WMH	all_ivs	rs4286632	rs4286632	5	66291370	FALSE	0.211	0.0343	-9.53344e-4	0.00750781	37.842225603277555
SBP	WMH	all_ivs	rs7703560	rs7703560	5	67678506	FALSE	0.2246	0.0333	-0.00523624	0.00734218	45.49158167176184
SBP	WMH	all_ivs	rs246973	rs246973	5	68007803	FALSE	0.2479	0.0335	0.0125978	0.0074212	54.75999999999999
SBP	WMH	all_ivs	rs6452769	rs6452769	5	87389027	FALSE	0.3143	0.0377	0.00446425	0.00847106	69.5034018391743
SBP	WMH	all_ivs	rs76443575	rs76443575	5	96211594	FALSE	0.5233	0.0816	-0.0125808	0.0180967	41.126443254998065
SBP	WMH	all_ivs	rs1871190	rs1871190	5	97953719	FALSE	0.1954	0.0324	-4.95852e-4	0.00714409	36.37132296905959
SBP	WMH	all_ivs	rs11241313	rs11241313	5	114428167	FALSE	0.2071	0.0326	-2.31665e-4	0.00719164	40.35756897135761
SBP	WMH	all_ivs	rs1624823	rs1624823	5	122475438	FALSE	0.3371	0.0313	-4.06022e-4	0.00689414	115.99221182210698
SBP	WMH	all_ivs	rs9327297	rs9327297	5	122835051	FALSE	0.2747	0.0319	-0.0168625	0.00708078	74.15423394031114
SBP	WMH	all_ivs	rs758179	rs758179	5	127354424	FALSE	0.2091	0.0367	-0.0106925	0.00793658	32.46204961058438
SBP	WMH	all_ivs	rs6892983	rs6892983	5	127845030	FALSE	0.3427	0.0307	0.0114827	0.00681258	124.60958736962725
SBP	WMH	all_ivs	rs702395	rs702395	5	140086677	FALSE	0.2318	0.0305	-0.00229928	0.00674849	57.760000000000005
SBP	WMH	all_ivs	rs2913920	rs2913920	5	141726983	FALSE	0.2418	0.0359	0.0183965	0.00786427	45.365290461743776
SBP	WMH	all_ivs	rs1957563	rs1957563	5	157474590	FALSE	0.3629	0.0342	0.00926289	0.00751015	112.59567901234567
SBP	WMH	all_ivs	rs11960210	rs11960210	5	157817634	FALSE	0.4727	0.0313	0.00371679	0.00695146	228.07754493768437
SBP	WMH	all_ivs	rs13358657	rs13358657	5	157938070	FALSE	0.388	0.0445	0.0155667	0.00982361	76.0227244034844
SBP	WMH	all_ivs	rs3860770	rs3860770	5	173301427	FALSE	0.2663	0.0333	0.00948694	0.0073542	63.95196096997896
SBP	WMH	all_ivs	rs12153395	rs12153395	5	179411477	FALSE	0.3303	0.0486	-0.0169058	0.010435	46.18964334705076
SBP	WMH	all_ivs	rs2745599	rs2745599	6	1613686	FALSE	0.2164	0.0317	-0.0138682	0.00672122	46.601080715302174
SBP	WMH	all_ivs	rs1575290	rs1575290	6	7715689	FALSE	0.1973	0.0301	-3.39182e-4	0.00669083	42.965629518438
SBP	WMH	all_ivs	rs1630736	rs1630736	6	12295987	FALSE	0.1706	0.0309	1.70175e-4	0.00673175	30.481834082173417
SBP	WMH	all_ivs	rs9349379	rs9349379	6	12903957	FALSE	0.2664	0.0312	-0.00167886	0.00680636	72.905325443787
SBP	WMH	all_ivs	rs9368222	rs9368222	6	20686996	FALSE	0.2281	0.0339	-0.00860473	0.00755818	45.27424056525788
SBP	WMH	all_ivs	rs2655445	rs2655445	6	22377623	FALSE	0.2018	0.0312	0.0057042	0.00686444	41.834360618014465
SBP	WMH	all_ivs	rs79782817	rs79782817	6	25882678	FALSE	0.5324	0.0499	-0.00576129	0.0112286	113.83478781209713
SBP	WMH	all_ivs	rs116025100	rs116025100	6	30935290	FALSE	0.5365	0.0851	0.0175852	0.0171253	39.74480151228734
SBP	WMH	all_ivs	rs2753960	rs2753960	6	31762844	FALSE	0.4466	0.0309	0.0199653	0.00678386	208.89136058482842
SBP	WMH	all_ivs	rs2815063	rs2815063	6	39262535	FALSE	0.2755	0.0458	-0.00403166	0.00979011	36.1836397093877
SBP	WMH	all_ivs	rs7763558	rs7763558	6	43349215	FALSE	0.3363	0.0321	0.00929325	0.0071426	109.75989169359771
SBP	WMH	all_ivs	rs998584	rs998584	6	43757896	FALSE	0.1701	0.0312	0.00623033	0.00668662	29.723465236686398
SBP	WMH	all_ivs	rs78648104	rs78648104	6	50683009	FALSE	0.4287	0.0541	-0.00769416	0.0118542	62.79317413839642
SBP	WMH	all_ivs	rs1984195	rs1984195	6	79657391	FALSE	0.2409	0.0303	-1.46135e-4	0.00668252	63.21037153220272
SBP	WMH	all_ivs	rs9361836	rs9361836	6	82235408	FALSE	0.2196	0.0324	0.00226528	0.00722008	45.93827160493827
SBP	WMH	all_ivs	rs6921291	rs6921291	6	97066242	FALSE	0.3575	0.0385	-0.0303187	0.00853307	86.22448979591834
SBP	WMH	all_ivs	rs9486916	rs9486916	6	109013930	FALSE	0.2657	0.0385	-0.0273939	0.00854658	47.62792376454714
SBP	WMH	all_ivs	rs560955	rs560955	6	117481404	FALSE	0.1784	0.0307	-0.00559018	0.00677602	33.76859170919585
SBP	WMH	all_ivs	rs10782230	rs10782230	6	126228512	FALSE	0.2106	0.0302	0.00589305	0.00667547	48.62984079645629
SBP	WMH	all_ivs	rs9401913	rs9401913	6	127159982	FALSE	0.5202	0.0305	0.0111857	0.00672624	290.8981886589627
SBP	WMH	all_ivs	rs2327429	rs2327429	6	134209837	FALSE	0.2	0.0338	0.00694921	0.00735339	35.01277966457758
SBP	WMH	all_ivs	rs8180684	rs8180684	6	143200936	FALSE	0.2134	0.0335	-0.00132153	0.00735367	40.57880151481399
SBP	WMH	all_ivs	rs7765526	rs7765526	6	147713764	FALSE	0.201	0.0307	-0.00560867	0.00673227	42.86623730755764
SBP	WMH	all_ivs	rs17080102	rs17080102	6	151004770	FALSE	0.8085	0.0594	0.00946181	0.0128291	185.26234567901233
SBP	WMH	all_ivs	rs1293969	rs1293969	6	151959945	FALSE	0.1988	0.0347	-0.00155151	0.00774046	32.822662757767276
SBP	WMH	all_ivs	rs509833	rs509833	6	159711515	FALSE	0.329	0.044	0.00188143	0.00958193	55.90960743801654
SBP	WMH	all_ivs	rs12661036	rs12661036	6	163737476	FALSE	0.2104	0.0374	0.00708248	0.00815038	31.64814550030026
SBP	WMH	all_ivs	rs7744902	rs7744902	6	166176722	FALSE	0.4088	0.0593	0.0141167	0.0126758	47.52393437774599
SBP	WMH	all_ivs	rs6959688	rs6959688	7	1966831	FALSE	0.2344	0.031	0.00296028	0.00682676	57.17311134235172
SBP	WMH	all_ivs	rs10282122	rs10282122	7	2529623	FALSE	0.302	0.0327	0.0190049	0.00706604	85.29398011764816
SBP	WMH	all_ivs	rs73049928	rs73049928	7	4669949	FALSE	0.2382	0.0392	0.00678269	0.00853344	36.92422428154936
SBP	WMH	all_ivs	rs3807925	rs3807925	7	18543250	FALSE	0.1859	0.0319	0.0076338	0.00700804	33.96076099881095
SBP	WMH	all_ivs	rs28688791	rs28688791	7	19039605	FALSE	0.3222	0.038	-0.00557983	0.00853579	71.89254847645428
SBP	WMH	all_ivs	rs112509803	rs112509803	7	24735004	FALSE	0.2641	0.0477	3.78702e-4	0.0103691	30.654909923570187
SBP	WMH	all_ivs	rs3735533	rs3735533	7	27245893	FALSE	0.91	0.0577	0.00603687	0.0126997	248.73171156612972
SBP	WMH	all_ivs	rs6961048	rs6961048	7	27328187	FALSE	0.5304	0.0497	0.0146896	0.0110184	113.8922711318211
SBP	WMH	all_ivs	rs977184	rs977184	7	28650761	FALSE	0.184	0.0314	0.00599225	0.00693143	34.33810702259727
SBP	WMH	all_ivs	rs11977526	rs11977526	7	46008110	FALSE	0.3213	0.0312	-0.00491098	0.00678936	106.05038831360947
SBP	WMH	all_ivs	rs12668436	rs12668436	7	47548893	FALSE	0.2151	0.035	0.0083623	0.00774335	37.76980408163266
SBP	WMH	all_ivs	rs848445	rs848445	7	77572461	FALSE	0.2025	0.0339	0.0109092	0.00735644	35.68212076121858
SBP	WMH	all_ivs	rs42377	rs42377	7	92243672	FALSE	0.3153	0.0331	0.0139527	0.00737373	90.73857485784177
SBP	WMH	all_ivs	rs2392929	rs2392929	7	106414069	FALSE	0.7507	0.0379	-0.0144678	0.00836425	392.3326139472713
SBP	WMH	all_ivs	rs34072724	rs34072724	7	130432469	FALSE	0.2422	0.0303	-0.0113956	0.00666494	63.8944330076572
SBP	WMH	all_ivs	rs35680304	rs35680304	7	130973495	FALSE	0.2694	0.031	0.00125812	0.00684311	75.52170655567116
SBP	WMH	all_ivs	rs75672964	rs75672964	7	131321010	FALSE	0.5885	0.0839	-0.00526485	0.0168347	49.200442947433025
SBP	WMH	all_ivs	rs73727605	rs73727605	7	149474622	FALSE	0.3616	0.0623	-0.00434825	0.013305	33.688428331817505
SBP	WMH	all_ivs	rs3918226	rs3918226	7	150690176	FALSE	0.664	0.0575	0.0199625	0.0123048	133.3522873345936
SBP	WMH	all_ivs	rs10224210	rs10224210	7	151413194	FALSE	0.3831	0.034	0.0146559	0.00740298	126.95987024221454
SBP	WMH	all_ivs	rs62480403	rs62480403	7	155744252	FALSE	0.2056	0.0326	0.00389282	0.00718546	39.77507621664347
SBP	WMH	all_ivs	rs71499040	rs71499040	8	1711918	FALSE	0.2215	0.0338	-0.00350838	0.0073823099999999996	42.94514372746053
SBP	WMH	all_ivs	rs1821002	rs1821002	8	10640065	FALSE	0.3794	0.0307	0.0195888	0.00679767	152.72773185922395
SBP	WMH	all_ivs	rs10866828	rs10866828	8	23401534	FALSE	0.2476	0.0355	5.9166e-4	0.00767802	48.64571315215236
SBP	WMH	all_ivs	rs7821832	rs7821832	8	25889446	FALSE	0.4222	0.0348	-0.00796521	0.00765442	147.18988637864982
SBP	WMH	all_ivs	rs77375686	rs77375686	8	26043622	FALSE	0.3467	0.0485	-6.8266e-4	0.0107292	51.1003889892656
SBP	WMH	all_ivs	rs1906672	rs1906672	8	38130025	FALSE	0.2966	0.0358	-0.0134244	0.007785	68.6398364595362
SBP	WMH	all_ivs	rs4873492	rs4873492	8	51947549	FALSE	0.3431	0.0403	0.0101105	0.00889309	72.48219618370904
SBP	WMH	all_ivs	rs2354862	rs2354862	8	64501744	FALSE	0.2507	0.0317	0.00695021	0.00695972	62.54464667774582
SBP	WMH	all_ivs	rs13253358	rs13253358	8	68920135	FALSE	0.2127	0.033	-0.00140552	0.00730007	41.54388429752066
SBP	WMH	all_ivs	rs2126474	rs2126474	8	76878957	FALSE	0.2601	0.0306	-0.00488809	0.00674577	72.25
SBP	WMH	all_ivs	rs9918879	rs9918879	8	77681093	FALSE	0.2984	0.0499	-0.00649875	0.011272	35.75992064288898
SBP	WMH	all_ivs	rs148401029	rs148401029	8	81386066	FALSE	0.4623	0.0848	-0.0111625	0.0179789	29.72049800863296
SBP	WMH	all_ivs	rs10091532	rs10091532	8	82853793	FALSE	0.2067	0.0305	1.12428e-4	0.00677773	45.92839559258264
SBP	WMH	all_ivs	rs843093	rs843093	8	92528310	FALSE	0.2085	0.0338	-0.00937791	0.00730346	38.052107769335805
SBP	WMH	all_ivs	rs2613203	rs2613203	8	95253197	FALSE	0.2681	0.0389	-0.00166297	0.00858032	47.50008921431924
SBP	WMH	all_ivs	rs79069610	rs79069610	8	105921209	FALSE	0.4005	0.0727	-0.0139251	0.015727	30.34842931986703
SBP	WMH	all_ivs	rs35783704	rs35783704	8	105966258	FALSE	0.4619	0.0507	-9.44902e-4	0.0111983	83.00036568903204
SBP	WMH	all_ivs	rs7830607	rs7830607	8	110097287	FALSE	0.206	0.0327	0.00852457	0.00718956	39.686146882510826
SBP	WMH	all_ivs	rs2470004	rs2470004	8	120358445	FALSE	0.3454	0.0392	0.0109964	0.00861895	77.63767700957935
SBP	WMH	all_ivs	rs4598218	rs4598218	8	129483956	FALSE	0.1911	0.0313	0.0149294	0.00688661	37.27629147995793
SBP	WMH	all_ivs	rs7012866	rs7012866	8	135616959	FALSE	0.2325	0.0301	-0.0109562	0.00666194	59.664076555446414
SBP	WMH	all_ivs	rs4440615	rs4440615	8	141057641	FALSE	0.2201	0.0312	0.00308945	0.00692769	49.76578936554898
SBP	WMH	all_ivs	rs4961293	rs4961293	8	141812374	FALSE	0.2268	0.0303	0.0047892	0.00668598	56.027448289383386
SBP	WMH	all_ivs	rs3802228	rs3802228	8	143992218	FALSE	0.2747	0.0305	0.0104873	0.00667713	81.118075786079
SBP	WMH	all_ivs	rs60191654	rs60191654	9	753648	FALSE	0.2382	0.0385	-0.00615623	0.00851076	38.27912970146736
SBP	WMH	all_ivs	rs927315	rs927315	9	4117713	FALSE	0.1689	0.0303	-0.0066261	0.00674387	31.072345848446226
SBP	WMH	all_ivs	rs1332813	rs1332813	9	9350706	FALSE	0.2203	0.0314	-0.00228626	0.00700531	49.22318349628788
SBP	WMH	all_ivs	rs9886665	rs9886665	9	22942770	FALSE	0.2048	0.0343	0.0027646	0.00760648	35.65099575856999
SBP	WMH	all_ivs	rs4553000	rs4553000	9	34223553	FALSE	0.2035	0.03	0.0147812	0.00663662	46.01361111111111
SBP	WMH	all_ivs	rs76452347	rs76452347	9	35906471	FALSE	0.2974	0.0397	0.0178772	0.00854549	56.117835910385836
SBP	WMH	all_ivs	rs10746963	rs10746963	9	77238558	FALSE	0.2177	0.0388	-0.00246593	0.00852611	31.48135428844723
SBP	WMH	all_ivs	rs7045409	rs7045409	9	95201540	FALSE	0.1862	0.0313	0.00938343	0.00687227	35.38919454113036
SBP	WMH	all_ivs	rs10980408	rs10980408	9	113249071	FALSE	0.7606	0.0827	0.0179124	0.0180508	84.5866105984686
SBP	WMH	all_ivs	rs2900568	rs2900568	9	116689758	FALSE	0.1889	0.03	-9.09796e-4	0.00669204	39.648011111111124
SBP	WMH	all_ivs	rs34025993	rs34025993	9	123516572	FALSE	0.223	0.0308	0.0305025	0.0067551	52.42136110642603
SBP	WMH	all_ivs	rs7854147	rs7854147	9	125863350	FALSE	0.3056	0.0461	-0.008302	0.0102987	43.94453254031366
SBP	WMH	all_ivs	rs13289468	rs13289468	9	128180332	FALSE	0.2488	0.0306	3.50011e-4	0.00674912	66.10859071297364
SBP	WMH	all_ivs	rs6271	rs6271	9	136522274	FALSE	0.5547	0.0611	2.45697e-4	0.0126434	82.4202469188714
SBP	WMH	all_ivs	rs11145807	rs11145807	9	139520789	FALSE	0.2135	0.0322	1.1629e-4	0.00681705	43.96266540642722
SBP	WMH	all_ivs	rs11252324	rs11252324	10	4124568	FALSE	0.4164	0.0573	0.0151308	0.0126622	52.80951728296922
SBP	WMH	all_ivs	rs1623474	rs1623474	10	18471794	FALSE	0.3827	0.0321	-0.0010252	0.00711403	142.13690666821947
SBP	WMH	all_ivs	rs12258967	rs12258967	10	18727959	FALSE	0.6327	0.0337	0.0187782	0.00733473	352.48112601149967
SBP	WMH	all_ivs	rs11596400	rs11596400	10	28245420	FALSE	0.2518	0.0303	0.0122563	0.00668979	69.05993965733208
SBP	WMH	all_ivs	rs12264186	rs12264186	10	32289986	FALSE	0.2135	0.0387	-0.0187102	0.00854267	30.435036623066186
SBP	WMH	all_ivs	rs4948643	rs4948643	10	45379759	FALSE	0.2258	0.0338	-0.0103028	0.00758619	44.62872448443683
SBP	WMH	all_ivs	rs4245599	rs4245599	10	60365755	FALSE	0.1794	0.0305	0.0191854	0.00674992	34.597538296156955
SBP	WMH	all_ivs	rs57946343	rs57946343	10	63499951	FALSE	0.716	0.0426	0.0222429	0.00931666	282.4924507923912
SBP	WMH	all_ivs	rs2236295	rs2236295	10	64564892	FALSE	0.3028	0.0309	-0.00898538	0.00685036	96.02731433478912
SBP	WMH	all_ivs	rs2177843	rs2177843	10	75409877	FALSE	0.4394	0.0432	-0.0112128	0.00946107	103.45526834705075
SBP	WMH	all_ivs	rs10749572	rs10749572	10	82136664	FALSE	0.203	0.0302	0.0120389	0.00670353	45.18332529275032
SBP	WMH	all_ivs	rs111866816	rs111866816	10	94441507	FALSE	0.3569	0.0597	0.00393621	0.0130626	35.73916764167009
SBP	WMH	all_ivs	rs2689690	rs2689690	10	95899706	FALSE	0.2702	0.0316	0.00222367	0.00693968	73.11332318538693
SBP	WMH	all_ivs	rs57866767	rs57866767	10	96023077	FALSE	0.4501	0.0304	-0.0112958	0.00672635	219.215298216759
SBP	WMH	all_ivs	rs1006545	rs1006545	10	102553647	FALSE	0.6846	0.048	-0.0154274	0.0105589	203.41890625
SBP	WMH	all_ivs	rs11191580	rs11191580	10	104906211	FALSE	1.0995	0.055	-0.0503397	0.012446	399.63644628099166
SBP	WMH	all_ivs	rs117464403	rs117464403	10	107158054	FALSE	0.864	0.1199	-0.0115567	0.0240805	51.92650812012511
SBP	WMH	all_ivs	rs12255372	rs12255372	10	114808902	FALSE	0.2358	0.0335	-0.00375592	0.00734391	49.54478948540877
SBP	WMH	all_ivs	rs1801253	rs1801253	10	115805056	FALSE	0.4626	0.0344	0.0203095	0.00761142	180.83994726879394
SBP	WMH	all_ivs	rs72842207	rs72842207	10	121433675	FALSE	0.203	0.0367	-0.0050535	0.0081051	30.595668540118343
SBP	WMH	all_ivs	rs11592107	rs11592107	10	122968964	FALSE	0.3024	0.0326	0.00956461	0.0072233	86.04554179683092
SBP	WMH	all_ivs	rs7093894	rs7093894	10	124234880	FALSE	0.236	0.0427	-0.0318088	0.0094809	30.54697826456569
SBP	WMH	all_ivs	rs7912283	rs7912283	10	133773019	FALSE	0.2144	0.0322	-8.9122e-4	0.00701221	44.33409204891787
SBP	WMH	all_ivs	rs1133400	rs1133400	10	134459388	FALSE	0.2975	0.0376	-0.0112387	0.00801336	62.60344754413761
SBP	WMH	all_ivs	rs569550	rs569550	11	1887068	FALSE	0.5765	0.0318	0.0102489	0.0068389	328.65813258969183
SBP	WMH	all_ivs	rs74048190	rs74048190	11	2114221	FALSE	0.4404	0.0757	-0.0102531	0.0158986	33.84565019745257
SBP	WMH	all_ivs	rs360153	rs360153	11	9762274	FALSE	0.3445	0.0306	0.016998	0.0067101	126.74639027724378
SBP	WMH	all_ivs	rs2014408	rs2014408	11	16365282	FALSE	0.5169	0.0373	-0.0147493	0.00821405	192.04163761688795
SBP	WMH	all_ivs	rs7926335	rs7926335	11	16917869	FALSE	0.3135	0.0339	0.0149199	0.00752981	85.52157569112694
SBP	WMH	all_ivs	rs17762	rs17762	11	22492454	FALSE	0.4117	0.0571	0.0291045	0.0129492	51.986372879484485
SBP	WMH	all_ivs	rs1382472	rs1382472	11	27273967	FALSE	0.1917	0.0307	0.0138678	0.00678092	38.99127842205222
SBP	WMH	all_ivs	rs871004	rs871004	11	28512458	FALSE	0.2336	0.0317	0.00254495	0.00701269	54.303416294320776
SBP	WMH	all_ivs	rs10501122	rs10501122	11	30192151	FALSE	0.1916	0.0315	-0.00627606	0.00693426	36.99728898966994
SBP	WMH	all_ivs	rs11604310	rs11604310	11	45351420	FALSE	0.2778	0.0411	0.0114924	0.00916278	45.68575843145612
SBP	WMH	all_ivs	rs7107356	rs7107356	11	47676170	FALSE	0.4598	0.0301	0.0019263	0.00664787	233.34846193750624
SBP	WMH	all_ivs	rs2904315	rs2904315	11	48109948	FALSE	0.2081	0.0325	-0.0146938	0.00718756	40.99939408284023
SBP	WMH	all_ivs	rs4427587	rs4427587	11	58436648	FALSE	0.2062	0.0313	0.00533533	0.00679044	43.399891802508954
SBP	WMH	all_ivs	rs7125196	rs7125196	11	61272565	FALSE	0.4422	0.0472	-0.013137	0.0104998	87.77149166906062
SBP	WMH	all_ivs	rs2306363	rs2306363	11	65405600	FALSE	0.4358	0.0376	0.0197821	0.00823592	134.33796401086465
SBP	WMH	all_ivs	rs7395791	rs7395791	11	69262916	FALSE	0.2162	0.0308	0.00361377	0.00670685	49.273106763366506
SBP	WMH	all_ivs	rs10501410	rs10501410	11	72088806	FALSE	0.4122	0.0607	-6.70008e-4	0.0134718	46.114615591303014
SBP	WMH	all_ivs	rs7927515	rs7927515	11	76125330	FALSE	0.2271	0.0319	3.66011e-4	0.00703603	50.68190171087155
SBP	WMH	all_ivs	rs2289124	rs2289124	11	89224477	FALSE	0.308	0.0415	0.0019372	0.00905033	55.08143417041661
SBP	WMH	all_ivs	rs604723	rs604723	11	100610546	FALSE	0.655	0.0339	-0.00251353	0.00747315	373.3216731493809
SBP	WMH	all_ivs	rs629864	rs629864	11	100699139	FALSE	0.1868	0.0319	0.00938831	0.00704744	34.290386297304465
SBP	WMH	all_ivs	rs7926110	rs7926110	11	107086143	FALSE	0.2603	0.0321	0.00521641	0.00711108	65.75643675818363
SBP	WMH	all_ivs	rs236916	rs236916	11	117089628	FALSE	0.3166	0.0446	-0.00593583	0.00993798	50.390898670795714
SBP	WMH	all_ivs	rs573455	rs573455	11	117267884	FALSE	0.1994	0.0303	-0.00285499	0.0066834	43.30769314555218
SBP	WMH	all_ivs	rs11222084	rs11222084	11	130273230	FALSE	0.3363	0.0316	0.0183561	0.00691216	113.26078553116484
SBP	WMH	all_ivs	rs7944927	rs7944927	11	130490917	FALSE	0.2235	0.0392	-0.00177617	0.00832401	32.50745132236568
SBP	WMH	all_ivs	rs78998485	rs78998485	12	434755	FALSE	0.2449	0.0346	-2.30778e-4	0.00764158	50.09857496074043
SBP	WMH	all_ivs	rs3819532	rs3819532	12	2436837	FALSE	0.1875	0.0306	-0.00280664	0.00682553	37.54565551710881
SBP	WMH	all_ivs	rs10845621	rs10845621	12	12887977	FALSE	0.2879	0.0337	-0.0110874	0.00740132	72.98330530338383
SBP	WMH	all_ivs	rs1010064	rs1010064	12	20000315	FALSE	0.3571	0.0387	0.00437918	0.00855321	85.14472955017393
SBP	WMH	all_ivs	rs73075659	rs73075659	12	20373541	FALSE	0.3962	0.0321	0.00107569	0.00703058	152.34172804999957
SBP	WMH	all_ivs	rs2129869	rs2129869	12	26457650	FALSE	0.2643	0.0361	-0.00916568	0.00806567	53.60186769592007
SBP	WMH	all_ivs	rs9651825	rs9651825	12	27159784	FALSE	0.2042	0.034	-0.0148849	0.00746556	36.07062283737023
SBP	WMH	all_ivs	rs61917655	rs61917655	12	48210787	FALSE	0.3427	0.0514	-0.0148843	0.0115934	44.45309164408243
SBP	WMH	all_ivs	rs12426261	rs12426261	12	50573037	FALSE	0.3775	0.0309	-0.00573669	0.0068616	149.25089808443568
SBP	WMH	all_ivs	rs7134440	rs7134440	12	53450097	FALSE	0.4788	0.0562	-0.0221341	0.0123628	72.5831233140411
SBP	WMH	all_ivs	rs7134677	rs7134677	12	54441498	FALSE	0.3851	0.0332	0.00817864	0.00730144	134.5460244592829
SBP	WMH	all_ivs	rs7306710	rs7306710	12	66376091	FALSE	0.2429	0.0303	-0.004345	0.00671979	64.26429870709843
SBP	WMH	all_ivs	rs4143175	rs4143175	12	67782397	FALSE	0.2187	0.0352	0.00516795	0.00778765	38.60221623192149
SBP	WMH	all_ivs	rs7963801	rs7963801	12	79685226	FALSE	0.2362	0.0311	-0.0130616	0.00676569	57.68182711096866
SBP	WMH	all_ivs	rs6539467	rs6539467	12	79955306	FALSE	0.265	0.0404	-0.00427735	0.00912156	43.02580629350065
SBP	WMH	all_ivs	rs17249754	rs17249754	12	90060586	FALSE	0.8446	0.0403	0.032452	0.00888297	439.23006729922605
SBP	WMH	all_ivs	rs10777213	rs10777213	12	90349999	FALSE	0.1786	0.0299	-0.0020753	0.00667064	35.67964564154764
SBP	WMH	all_ivs	rs3184504	rs3184504	12	111884608	FALSE	0.5779	0.0303	0.00526676	0.00665184	363.7643477219008
SBP	WMH	all_ivs	rs1896326	rs1896326	12	115342956	FALSE	0.2797	0.0371	-0.00550043	0.00798139	56.83778089377438
SBP	WMH	all_ivs	rs35444	rs35444	12	115552437	FALSE	0.4368	0.031	0.00891707	0.00683397	198.53719042663894
SBP	WMH	all_ivs	rs6490019	rs6490019	12	115920472	FALSE	0.2897	0.0309	-0.0133611	0.0068689	87.89821011510143
SBP	WMH	all_ivs	rs1169078	rs1169078	12	122416254	FALSE	0.1971	0.0327	-0.00386259	0.00720925	36.33103274135174
SBP	WMH	all_ivs	rs117206641	rs117206641	12	133086888	FALSE	0.3154	0.0499	0.00204361	0.0107988	39.95050622286658
SBP	WMH	all_ivs	rs483071	rs483071	13	22294117	FALSE	0.2709	0.0313	0.0168321	0.00694892	74.90819544958097
SBP	WMH	all_ivs	rs9507885	rs9507885	13	27951090	FALSE	0.3208	0.0542	0.00923839	0.0115665	35.03242058250841
SBP	WMH	all_ivs	rs9508495	rs9508495	13	30146201	FALSE	0.3557	0.0353	0.0195917	0.00783879	101.53559534223051
SBP	WMH	all_ivs	rs2065498	rs2065498	13	41893105	FALSE	0.2934	0.0403	0.0279368	0.00890236	53.004180802788014
SBP	WMH	all_ivs	rs7491248	rs7491248	13	47180671	FALSE	0.2163	0.0362	-0.0057206	0.00804539	35.70227557156374
SBP	WMH	all_ivs	rs9526707	rs9526707	13	51489186	FALSE	0.2039	0.0323	0.00195475	0.00708225	39.850099205398294
SBP	WMH	all_ivs	rs75961402	rs75961402	13	56398286	FALSE	0.2659	0.0418	-0.00140785	0.00919554	40.46542547102861
SBP	WMH	all_ivs	rs17245822	rs17245822	13	73131694	FALSE	0.1899	0.0312	-0.00541761	0.00693954	37.04595044378699
SBP	WMH	all_ivs	rs78474310	rs78474310	13	73826901	FALSE	0.4699	0.0734	0.0191251	0.0157446	40.984417806947846
SBP	WMH	all_ivs	rs6562778	rs6562778	13	74223828	FALSE	0.178	0.0304	-0.00476891	0.0066947	34.28410664819944
SBP	WMH	all_ivs	rs9549627	rs9549627	13	113652369	FALSE	0.2846	0.05	0.00992889	0.0104255	32.398864
SBP	WMH	all_ivs	rs7331680	rs7331680	13	115000650	FALSE	0.4101	0.0423	0.0136811	0.00933895	93.99371258990998
SBP	WMH	all_ivs	rs365990	rs365990	14	23861811	FALSE	0.225	0.0312	-0.00747665	0.00687937	52.006286982248525
SBP	WMH	all_ivs	rs8904	rs8904	14	35871217	FALSE	0.3061	0.0314	-4.78992e-4	0.00692235	95.03145158018582
SBP	WMH	all_ivs	rs7493678	rs7493678	14	39400917	FALSE	0.189	0.0316	-0.00243906	0.00697897	35.77251241788175
SBP	WMH	all_ivs	rs72683923	rs72683923	14	50735947	FALSE	0.9587	0.1101	0.0504462	0.0236262	75.82122849263446
SBP	WMH	all_ivs	rs35413927	rs35413927	14	53420358	FALSE	0.3002	0.0328	0.00394489	0.00724551	83.76714009518143
SBP	WMH	all_ivs	rs57140819	rs57140819	14	68018247	FALSE	0.2415	0.0398	0.00192548	0.008805	36.81867250826999
SBP	WMH	all_ivs	rs11847049	rs11847049	14	69259406	FALSE	0.2272	0.0364	9.05295e-4	0.00814285	38.959545948556936
SBP	WMH	all_ivs	rs11159091	rs11159091	14	75074316	FALSE	0.1978	0.0303	-0.00942396	0.00668556	42.615473428530976
SBP	WMH	all_ivs	rs7154723	rs7154723	14	98590629	FALSE	0.253	0.0309	0.00287976	0.00687832	67.03846838638054
SBP	WMH	all_ivs	rs17562391	rs17562391	14	100133250	FALSE	0.1967	0.0306	0.0113353	0.00675148	41.32052842923663
SBP	WMH	all_ivs	rs75016974	rs75016974	14	100197940	FALSE	0.2513	0.0439	-0.015627	0.0096008	32.768452841153795
SBP	WMH	all_ivs	rs12885878	rs12885878	14	104007555	FALSE	0.2291	0.0367	0.013521	0.00819845	38.96889129773032
SBP	WMH	all_ivs	rs8030856	rs8030856	15	40314967	FALSE	0.1764	0.031	-0.00792211	0.00685318	32.37977107180021
SBP	WMH	all_ivs	rs28866311	rs28866311	15	41442195	FALSE	0.2762	0.0302	-0.0187555	0.00668	83.64374369545195
SBP	WMH	all_ivs	rs4775769	rs4775769	15	48939888	FALSE	0.4162	0.0517	0.00961349	0.0116421	64.80717126406248
SBP	WMH	all_ivs	rs3098186	rs3098186	15	50810621	FALSE	0.2422	0.0303	0.00539912	0.00668007	63.8944330076572
SBP	WMH	all_ivs	rs2652812	rs2652812	15	63406170	FALSE	0.2516	0.0353	-0.00883076	0.00789217	50.80095338217946
SBP	WMH	all_ivs	rs28429256	rs28429256	15	66931617	FALSE	0.215	0.0325	0.00811402	0.007182	43.76331360946745
SBP	WMH	all_ivs	rs11636952	rs11636952	15	75114322	FALSE	0.5313	0.0328	-0.0199533	0.00728209	262.38073505353947
SBP	WMH	all_ivs	rs2627313	rs2627313	15	81006712	FALSE	0.3208	0.0303	0.0193737	0.00672412	112.09428269559628
SBP	WMH	all_ivs	rs2046341	rs2046341	15	86040872	FALSE	0.2542	0.0382	-0.00309373	0.00848277	44.28170828650531
SBP	WMH	all_ivs	rs77032376	rs77032376	15	90010780	FALSE	0.2727	0.043	0.0278933	0.00959454	40.21919415900487
SBP	WMH	all_ivs	rs4932373	rs4932373	15	91429287	FALSE	0.635	0.0328	-0.0042875	0.00713519	374.80015615704934
SBP	WMH	all_ivs	rs12906962	rs12906962	15	95312071	FALSE	0.2653	0.0325	-0.00310008	0.00720315	66.63582485207098
SBP	WMH	all_ivs	rs2589218	rs2589218	15	96785017	FALSE	0.2258	0.0339	0.021817	0.00751993	44.36581651743372
SBP	WMH	all_ivs	rs4606697	rs4606697	15	100087596	FALSE	0.3196	0.0523	0.0159538	0.0106449	37.34308245195208
SBP	WMH	all_ivs	rs11641374	rs11641374	16	1347717	FALSE	0.1943	0.0309	0.0116897	0.00687017	39.5392695929033
SBP	WMH	all_ivs	rs12596630	rs12596630	16	2065666	FALSE	0.4278	0.0547	0.00319618	0.0117649	61.165553175205304
SBP	WMH	all_ivs	rs72778133	rs72778133	16	3578718	FALSE	0.2417	0.0443	-0.00198723	0.00969779	29.767738943892706
SBP	WMH	all_ivs	rs111929315	rs111929315	16	4136871	FALSE	0.3146	0.0485	0.00859614	0.0109715	42.07595281113827
SBP	WMH	all_ivs	rs12446456	rs12446456	16	4922201	FALSE	0.3003	0.0302	0.00838745	0.00672263	98.8773409061006
SBP	WMH	all_ivs	rs77924615	rs77924615	16	20392332	FALSE	0.4081	0.039	0.00769075	0.00849402	109.49744247205786
SBP	WMH	all_ivs	rs7186298	rs7186298	16	21088031	FALSE	0.2315	0.0302	-0.0138739	0.00670622	58.76085478707074
SBP	WMH	all_ivs	rs8044992	rs8044992	16	24811207	FALSE	0.2138	0.0331	0.0203446	0.00734402	41.7214519765245
SBP	WMH	all_ivs	rs34941092	rs34941092	16	50550137	FALSE	0.3225	0.0425	0.0189686	0.00940432	57.58131487889273
SBP	WMH	all_ivs	rs4784541	rs4784541	16	51704452	FALSE	0.2015	0.0307	0.0176899	0.00678083	43.079767424588056
SBP	WMH	all_ivs	rs2060664	rs2060664	16	60652439	FALSE	0.216	0.0345	-0.00144892	0.00771127	39.1984877126654
SBP	WMH	all_ivs	rs146550789	rs146550789	16	66781040	FALSE	0.4824	0.0778	0.00664682	0.0169497	38.44637558567549
SBP	WMH	all_ivs	rs62047964	rs62047964	16	70729954	FALSE	0.5115	0.0686	0.002543	0.0143163	55.595935792059436
SBP	WMH	all_ivs	rs12103229	rs12103229	16	74167594	FALSE	0.1791	0.0301	0.0106841	0.00672736	35.40447677177957
SBP	WMH	all_ivs	rs4888408	rs4888408	16	75432824	FALSE	0.3653	0.0307	0.00189403	0.00681147	141.58674362592708
SBP	WMH	all_ivs	rs12926550	rs12926550	16	81510155	FALSE	0.2548	0.0324	0.00388242	0.00715599	61.84560280445056
SBP	WMH	all_ivs	rs3950627	rs3950627	16	86436343	FALSE	0.1851	0.0308	0.00242135	0.0067581	36.11697798954292
SBP	WMH	all_ivs	rs6540119	rs6540119	16	87984477	FALSE	0.2016	0.0322	-0.0168065	0.00716235	39.19848771266541
SBP	WMH	all_ivs	rs908951	rs908951	16	89697625	FALSE	0.2261	0.0315	8.12505e-4	0.00677949	51.520493827160486
SBP	WMH	all_ivs	rs9303175	rs9303175	17	1372987	FALSE	0.2048	0.0327	-0.00391875	0.00707605	39.22513069419895
SBP	WMH	all_ivs	rs11653927	rs11653927	17	2012094	FALSE	0.2796	0.0308	0.0148075	0.00692088	82.4086692528251
SBP	WMH	all_ivs	rs113086489	rs113086489	17	7171356	FALSE	0.3249	0.0307	0.0191161	0.00676129	112.00119895171301
SBP	WMH	all_ivs	rs4511593	rs4511593	17	7455536	FALSE	0.2881	0.0318	0.00413136	0.0070335	82.07904157272259
SBP	WMH	all_ivs	rs117285318	rs117285318	17	7870642	FALSE	0.4413	0.0589	-0.00410584	0.0124886	56.135457351961975
SBP	WMH	all_ivs	rs4925159	rs4925159	17	18185510	FALSE	0.2174	0.0305	-0.0149501	0.00671135	50.806514377855414
SBP	WMH	all_ivs	rs7218708	rs7218708	17	19926836	FALSE	0.1781	0.0303	0.0140138	0.00668428	34.54956485747585
SBP	WMH	all_ivs	rs1551355	rs1551355	17	30032420	FALSE	0.2098	0.0356	0.00804678	0.00798406	34.730494887009215
SBP	WMH	all_ivs	rs9899540	rs9899540	17	30777924	FALSE	0.2011	0.0316	0.00512613	0.0069237	40.499529322224
SBP	WMH	all_ivs	rs7213273	rs7213273	17	43155914	FALSE	0.4	0.0315	-0.0514933	0.00704102	161.2496850592089
SBP	WMH	all_ivs	rs17608766	rs17608766	17	45013271	FALSE	0.6903	0.0433	0.0216193	0.00936032	254.1557584711637
SBP	WMH	all_ivs	rs3764400	rs3764400	17	46123932	FALSE	0.3748	0.0445	-0.00714038	0.00999024	70.93803307663175
SBP	WMH	all_ivs	rs9897429	rs9897429	17	47518378	FALSE	0.2645	0.0319	0.00830077	0.0067916	68.74957007104886
SBP	WMH	all_ivs	rs1000423	rs1000423	17	59475642	FALSE	0.4138	0.0346	0.00909072	0.00754057	143.03053894216313
SBP	WMH	all_ivs	rs56288724	rs56288724	17	60767135	FALSE	0.2178	0.031	-0.0114377	0.00673128	49.36195629552549
SBP	WMH	all_ivs	rs62076622	rs62076622	17	61090958	FALSE	0.2363	0.0377	0.0107844	0.00840218	39.286626937500444
SBP	WMH	all_ivs	rs6504213	rs6504213	17	62381714	FALSE	0.2982	0.0312	-4.72717e-4	0.00679106	91.34948224852073
SBP	WMH	all_ivs	rs1436138	rs1436138	17	75316880	FALSE	0.3119	0.0315	0.00460408	0.00699541	98.0414310909549
SBP	WMH	all_ivs	rs9302885	rs9302885	17	76799898	FALSE	0.2242	0.0302	0.00850792	0.00671275	55.11341607824219
SBP	WMH	all_ivs	rs11655604	rs11655604	17	79365861	FALSE	0.2033	0.0333	0.0107757	0.00690416	37.27230834438041
SBP	WMH	all_ivs	rs34413141	rs34413141	18	777282	FALSE	0.3531	0.0393	0.00276829	0.00862805	80.72542392634463
SBP	WMH	all_ivs	rs62082230	rs62082230	18	22676071	FALSE	0.1884	0.0345	-0.0109101	0.00743939	29.821096408317576
SBP	WMH	all_ivs	rs1154214	rs1154214	18	24546824	FALSE	0.2031	0.0306	-0.00493807	0.00679763	44.053152633602465
SBP	WMH	all_ivs	rs56407827	rs56407827	18	42179819	FALSE	0.3603	0.034	0.00346779	0.00753238	112.29765570934254
SBP	WMH	all_ivs	rs11874246	rs11874246	18	42596789	FALSE	0.2856	0.0328	-0.00118122	0.00729621	75.81737061273051
SBP	WMH	all_ivs	rs7245140	rs7245140	18	43095231	FALSE	0.3367	0.0391	-0.0161924	0.00876888	74.15368162165343
SBP	WMH	all_ivs	rs1437649	rs1437649	18	48132646	FALSE	0.2189	0.0357	0.00686063	0.00793031	37.597164355938446
SBP	WMH	all_ivs	rs665445	rs665445	18	51842682	FALSE	0.1909	0.0334	0.00374326	0.00742047	32.667727419412664
SBP	WMH	all_ivs	rs10048404	rs10048404	18	54578482	FALSE	0.2607	0.0317	0.00501697	0.00687854	67.63376090915423
SBP	WMH	all_ivs	rs10460108	rs10460108	18	73034151	FALSE	0.2141	0.0301	0.00486855	0.0067051	50.5941545899052
SBP	WMH	all_ivs	rs698748	rs698748	19	1424888	FALSE	0.1871	0.0325	-0.0160204	0.00678778	33.14216331360946
SBP	WMH	all_ivs	rs149339216	rs149339216	19	2144046	FALSE	0.6912	0.0779	0.00553134	0.0169337	78.7286027147144
SBP	WMH	all_ivs	rs68096471	rs68096471	19	5175709	FALSE	0.2098	0.0343	-0.00283889	0.00745488	37.4130166852247
SBP	WMH	all_ivs	rs12985940	rs12985940	19	7262734	FALSE	0.4642	0.0434	0.0167752	0.00897108	114.40126144110089
SBP	WMH	all_ivs	rs167479	rs167479	19	11526765	FALSE	0.5642	0.0327	0.013655	0.00665487	297.6943953464449
SBP	WMH	all_ivs	rs1077795	rs1077795	19	17222584	FALSE	0.2507	0.0344	0.00702431	0.00757797	53.11189325310978
SBP	WMH	all_ivs	rs62112908	rs62112908	19	22213956	FALSE	0.2388	0.0419	-0.0211196	0.00937055	32.481838221472884
SBP	WMH	all_ivs	rs28572357	rs28572357	19	31867447	FALSE	0.2733	0.0308	-3.08539e-4	0.00680817	78.73681270028669
SBP	WMH	all_ivs	rs1433121	rs1433121	19	32591878	FALSE	0.228	0.0326	-5.57482e-4	0.00727953	48.91414806729648
SBP	WMH	all_ivs	rs33836	rs33836	19	34008600	FALSE	0.1766	0.0304	-0.0038442	0.00677235	33.74692693905817
SBP	WMH	all_ivs	rs10420519	rs10420519	19	45298461	TRUE	0.4921	0.0887	0.013405	0.0179679	30.77935327904378
SBP	WMH	all_ivs	rs7255933	rs7255933	19	45766729	TRUE	0.2306	0.0345	-2.30082e-4	0.0076219	44.67663095988237
SBP	WMH	all_ivs	rs11672660	rs11672660	19	46180184	FALSE	0.2212	0.0381	0.00918077	0.00843447	33.707014969585494
SBP	WMH	all_ivs	rs571689	rs571689	19	49207554	FALSE	0.228	0.0304	0.0147473	0.00670667	56.25
SBP	WMH	all_ivs	rs73046792	rs73046792	19	49605705	FALSE	0.3554	0.0426	-0.00852802	0.00894685	69.60102713306443
SBP	WMH	all_ivs	rs6054139	rs6054139	20	6327810	FALSE	0.2094	0.0306	0.0122597	0.00675149	46.82852748942715
SBP	WMH	all_ivs	rs2423514	rs2423514	20	10693337	FALSE	0.3011	0.0302	-0.00391348	0.00668189	99.4048616288759
SBP	WMH	all_ivs	rs6108787	rs6108787	20	10967214	FALSE	0.4274	0.03	0.0270496	0.00669695	202.96751111111115
SBP	WMH	all_ivs	rs6078093	rs6078093	20	11168669	FALSE	0.1849	0.0304	-0.00831716	0.00676177	36.99360500346261
SBP	WMH	all_ivs	rs8125763	rs8125763	20	17883531	FALSE	0.1761	0.0301	-0.0010448	0.00668116	34.22833081312569
SBP	WMH	all_ivs	rs17812022	rs17812022	20	19007099	FALSE	0.3613	0.0525	0.0160175	0.0113194	47.36061315192744
SBP	WMH	all_ivs	rs6058088	rs6058088	20	30139886	FALSE	0.2832	0.0417	0.0172401	0.00942685	46.12266445836137
SBP	WMH	all_ivs	rs79384779	rs79384779	20	31214944	FALSE	0.3179	0.0428	-0.00509895	0.00960657	55.16879749323086
SBP	WMH	all_ivs	rs6029756	rs6029756	20	40266681	FALSE	0.2712	0.033	0.0139466	0.00720121	67.53851239669419
SBP	WMH	all_ivs	rs6031431	rs6031431	20	42795152	FALSE	0.2617	0.0304	0.00954131	0.00672626	74.10717841066482
SBP	WMH	all_ivs	rs2598	rs2598	20	47241618	FALSE	0.168	0.0303	0.00704774	0.00671062	30.742084109401045
SBP	WMH	all_ivs	rs6090907	rs6090907	20	47410231	FALSE	0.3854	0.0425	-0.0068687	0.00933983	82.23289134948097
SBP	WMH	all_ivs	rs234623	rs234623	20	57488964	FALSE	0.1804	0.0302	5.75975e-4	0.0066962	35.68282092890662
SBP	WMH	all_ivs	rs6026744	rs6026744	20	57742388	FALSE	0.7131	0.0461	0.0327141	0.0103375	239.27593508406224
SBP	WMH	all_ivs	rs28374392	rs28374392	20	61189717	FALSE	0.1924	0.0338	0.0106752	0.00685112	32.40236686390533
SBP	WMH	all_ivs	rs6062324	rs6062324	20	62446351	FALSE	0.3294	0.0363	0.0083185	0.00786977	82.34437538419509
SBP	WMH	all_ivs	rs2776037	rs2776037	21	16317933	FALSE	0.1851	0.0309	9.09969e-4	0.0068065	35.883589405221976
SBP	WMH	all_ivs	rs1882961	rs1882961	21	16556367	FALSE	0.2443	0.0326	0.00270557	0.00724697	56.15801309797133
SBP	WMH	all_ivs	rs2833834	rs2833834	21	33814378	FALSE	0.2177	0.0338	-9.0564e-4	0.00746471	41.484270508735705
SBP	WMH	all_ivs	rs12627651	rs12627651	21	44760603	FALSE	0.3498	0.0341	0.00861417	0.00739726	105.22788761706555
SBP	WMH	all_ivs	rs34487963	rs34487963	21	44838330	FALSE	0.8819	0.1244	0.0407789	0.0253541	50.25715783025403
SBP	WMH	all_ivs	rs7278003	rs7278003	21	44966069	FALSE	0.1876	0.0304	0.016344	0.00671198	38.081890581717445
SBP	WMH	all_ivs	rs2238787	rs2238787	22	19976406	FALSE	0.2552	0.0332	0.0125433	0.00734523	59.08607925678618
SBP	WMH	all_ivs	rs4823007	rs4823007	22	29452278	FALSE	0.2205	0.0301	0.00295083	0.00664771	53.664142779881026
SBP	WMH	all_ivs	rs2240365	rs2240365	22	30188741	FALSE	0.4187	0.069	-0.0254997	0.0157266	36.82203108590632
SBP	WMH	all_ivs	rs8142376	rs8142376	22	32001037	FALSE	0.1676	0.03	-0.011273	0.00663403	31.210844444444447
SBP	WMH	all_ivs	rs148140538	rs148140538	22	50228044	FALSE	0.3252	0.0562	-0.0101944	0.0121798	33.4833145476881
SBP	WMH	all_ivs	rs28578714	rs28578714	22	50727921	FALSE	0.2066	0.0327	-0.00174498	0.00680967	39.91766499265868
SBP	WMH	apoe_excluded	rs2072927	rs2072927	1	1684800	FALSE	0.3378	0.0314	-0.0140557	0.00665107	115.7337417339446
SBP	WMH	apoe_excluded	rs263532	rs263532	1	2164116	FALSE	0.1798	0.0307	-0.00436617	0.00673957	34.30067162516312
SBP	WMH	apoe_excluded	rs2493296	rs2493296	1	3327032	FALSE	0.4183	0.0442	0.00403886	0.00973327	89.56352756905059
SBP	WMH	apoe_excluded	rs2232460	rs2232460	1	6659505	FALSE	0.2171	0.032	0.00146795	0.00707906	46.027744140624996
SBP	WMH	apoe_excluded	rs488834	rs488834	1	10767902	FALSE	0.3799	0.0365	0.00533726	0.00788567	108.33102645899797
SBP	WMH	apoe_excluded	rs6699618	rs6699618	1	11881441	FALSE	0.9115	0.041	-0.0163246	0.00899831	494.2488102320047
SBP	WMH	apoe_excluded	rs75461554	rs75461554	1	15810172	FALSE	0.3016	0.0377	-1.85261e-4	0.00840311	64
SBP	WMH	apoe_excluded	rs1889785	rs1889785	1	16348729	FALSE	0.1782	0.0304	0.002133	0.00670435	34.36119286703601
SBP	WMH	apoe_excluded	rs404100	rs404100	1	25366987	FALSE	0.1935	0.0303	0.00434829	0.00672384	40.78276639545143
SBP	WMH	apoe_excluded	rs34079867	rs34079867	1	27407850	FALSE	0.1992	0.0354	0.0143386	0.00763252	31.66446423441539
SBP	WMH	apoe_excluded	rs4908348	rs4908348	1	28706949	FALSE	0.2366	0.033	0.00298406	0.00729291	51.40455463728191
SBP	WMH	apoe_excluded	rs11210029	rs11210029	1	41865293	FALSE	0.203	0.0313	-2.48667e-4	0.00693213	42.06330573957068
SBP	WMH	apoe_excluded	rs1408945	rs1408945	1	42364877	FALSE	0.3196	0.0304	-0.0109227	0.00671212	110.5264889196676
SBP	WMH	apoe_excluded	rs1209384	rs1209384	1	43765089	FALSE	0.2558	0.0313	0.0238578	0.00684365	66.79014790392881
SBP	WMH	apoe_excluded	rs778124	rs778124	1	56606206	FALSE	0.2965	0.0311	0.0189037	0.00690659	90.89261897623061
SBP	WMH	apoe_excluded	rs61772592	rs61772592	1	56979681	FALSE	0.3181	0.0455	0.0151006	0.010121	48.87700036227509
SBP	WMH	apoe_excluded	rs12063372	rs12063372	1	59621911	FALSE	0.1989	0.0318	-0.00355572	0.00692632	39.12148451406194
SBP	WMH	apoe_excluded	rs12136922	rs12136922	1	67007389	FALSE	0.2027	0.0304	-0.00239117	0.00668583	44.459065529778385
SBP	WMH	apoe_excluded	rs658780	rs658780	1	78555928	FALSE	0.2028	0.0347	-0.00725697	0.00770257	34.15678230032639
SBP	WMH	apoe_excluded	rs786923	rs786923	1	89242954	FALSE	0.3082	0.031	-0.0177534	0.00685298	98.84208116545264
SBP	WMH	apoe_excluded	rs7514579	rs7514579	1	94051350	FALSE	0.2243	0.0361	-0.0127097	0.00796238	38.60505214048388
SBP	WMH	apoe_excluded	rs10776752	rs10776752	1	113044328	FALSE	0.8211	0.0576	0.0329974	0.0127784	203.21096462673611
SBP	WMH	apoe_excluded	rs59980837	rs59980837	1	115827266	FALSE	1.0997	0.1163	0.036669	0.0256542	89.41060234265312
SBP	WMH	apoe_excluded	rs11204684	rs11204684	1	150608894	FALSE	0.1716	0.0305	0.0201371	0.00676083	31.65445847890352
SBP	WMH	apoe_excluded	rs76719272	rs76719272	1	156129796	FALSE	0.2738	0.0461	0.0163261	0.00996306	35.27483872182042
SBP	WMH	apoe_excluded	rs12731646	rs12731646	1	169090660	FALSE	0.189	0.0307	-1.79103e-4	0.0067923	37.90066738108627
SBP	WMH	apoe_excluded	rs1043069	rs1043069	1	180859368	FALSE	0.234	0.0311	-0.00140369	0.006854	56.61231790407461
SBP	WMH	apoe_excluded	rs4651224	rs4651224	1	184585182	FALSE	0.1986	0.0306	-0.00896399	0.00677257	42.122645136485964
SBP	WMH	apoe_excluded	rs12042924	rs12042924	1	197297417	FALSE	0.1807	0.0303	0.0040815	0.0067079	35.565674389221094
SBP	WMH	apoe_excluded	rs11120093	rs11120093	1	207211326	FALSE	0.1792	0.0307	0.00752167	0.00679507	34.072128086239644
SBP	WMH	apoe_excluded	rs2724377	rs2724377	1	207974818	FALSE	0.1938	0.0301	2.57635e-4	0.00667635	41.45477422986502
SBP	WMH	apoe_excluded	rs7555285	rs7555285	1	209970355	FALSE	0.2294	0.0376	0.0034465	0.00844913	37.222979855138064
SBP	WMH	apoe_excluded	rs68085857	rs68085857	1	217737629	FALSE	0.274	0.0357	-0.00634802	0.00793408	58.90669993487592
SBP	WMH	apoe_excluded	rs4595370	rs4595370	1	221298122	FALSE	0.2092	0.0328	0.00763046	0.00732934	40.67950624628196
SBP	WMH	apoe_excluded	rs1745417	rs1745417	1	228204279	FALSE	0.2871	0.0301	0.0130215	0.0067168	90.97737331817534
SBP	WMH	apoe_excluded	rs699	rs699	1	230845794	FALSE	0.3748	0.0308	0.0128009	0.00683796	148.08045201551695
SBP	WMH	apoe_excluded	rs1565440	rs1565440	1	243387788	FALSE	0.1746	0.0311	1.12379e-4	0.00693656	31.518656754996332
SBP	WMH	apoe_excluded	rs4926499	rs4926499	1	249155909	FALSE	0.2965	0.0438	-0.0196762	0.00901943	45.82486290944726
SBP	WMH	apoe_excluded	rs17760259	rs17760259	2	19744462	FALSE	0.2654	0.0304	0.0062851	0.00674741	76.21749480609421
SBP	WMH	apoe_excluded	rs2384063	rs2384063	2	25187115	FALSE	0.3266	0.0357	-0.00492242	0.00783065	83.69430909618748
SBP	WMH	apoe_excluded	rs1275988	rs1275988	2	26914364	FALSE	0.541	0.0308	0.0100877	0.00689282	308.52694383538545
SBP	WMH	apoe_excluded	rs13420463	rs13420463	2	37517566	FALSE	0.3143	0.036	-8.95377e-4	0.00794573	76.22260030864199
SBP	WMH	apoe_excluded	rs4952609	rs4952609	2	40555733	FALSE	0.2124	0.0347	-0.00358627	0.00779952	37.46709963540931
SBP	WMH	apoe_excluded	rs115262049	rs115262049	2	43196694	FALSE	0.5893	0.0552	0.0394053	0.0117698	113.97109653959254
SBP	WMH	apoe_excluded	rs12464602	rs12464602	2	43397614	FALSE	0.2437	0.0315	0.00355737	0.00696251	59.85355505165029
SBP	WMH	apoe_excluded	rs13016772	rs13016772	2	55779476	FALSE	0.2522	0.0355	0.00186182	0.00786909	50.47001785360048
SBP	WMH	apoe_excluded	rs2249105	rs2249105	2	65287896	FALSE	0.2927	0.0313	-0.0104369	0.0069023	87.44938705100594
SBP	WMH	apoe_excluded	rs10188003	rs10188003	2	66773469	FALSE	0.1883	0.0307	0.00261878	0.00685095	37.6204415961973
SBP	WMH	apoe_excluded	rs6731373	rs6731373	2	68503044	FALSE	0.1913	0.0326	0.0133853	0.00695603	34.43457600963529
SBP	WMH	apoe_excluded	rs6732123	rs6732123	2	69534650	FALSE	0.1737	0.0307	0.0136546	0.00680391	32.01274284077284
SBP	WMH	apoe_excluded	rs4577304	rs4577304	2	73403040	FALSE	0.1767	0.0302	-0.00397733	0.00670127	34.234123503355114
SBP	WMH	apoe_excluded	rs72847885	rs72847885	2	86326717	FALSE	0.2413	0.0318	0.0255994	0.00706663	57.578507574858584
SBP	WMH	apoe_excluded	rs10207726	rs10207726	2	112744260	FALSE	0.2142	0.033	0.00103684	0.00731869	42.13190082644627
SBP	WMH	apoe_excluded	rs6737318	rs6737318	2	114083120	FALSE	0.2348	0.0364	-0.0104537	0.00806077	41.60958821398382
SBP	WMH	apoe_excluded	rs2580350	rs2580350	2	121996007	FALSE	0.1769	0.0307	0.00171185	0.00676486	33.20312151853069
SBP	WMH	apoe_excluded	rs17257081	rs17257081	2	135630498	FALSE	0.2274	0.0392	0.0107703	0.00876575	33.651837775926694
SBP	WMH	apoe_excluded	rs55944332	rs55944332	2	145726621	FALSE	0.2613	0.0355	0.0084137	0.00786423	54.17789327514382
SBP	WMH	apoe_excluded	rs62170470	rs62170470	2	146989797	FALSE	0.1972	0.0321	0.00926131	0.00688745	37.74016168321348
SBP	WMH	apoe_excluded	rs55732192	rs55732192	2	162278233	FALSE	0.3358	0.0521	0.00175682	0.0114381	41.54185992536131
SBP	WMH	apoe_excluded	rs268263	rs268263	2	164954174	FALSE	0.5938	0.0353	0.0236729	0.00786588	282.96386296334936
SBP	WMH	apoe_excluded	rs10048760	rs10048760	2	174977976	FALSE	0.1862	0.0301	0.00930139	0.00670125	38.2671714440238
SBP	WMH	apoe_excluded	rs71421551	rs71421551	2	177053298	FALSE	0.2374	0.0333	0.00977083	0.00737659	50.824482139797446
SBP	WMH	apoe_excluded	rs4893914	rs4893914	2	177539076	FALSE	0.1736	0.0304	0.00814628	0.00676674	32.6101108033241
SBP	WMH	apoe_excluded	rs4894132	rs4894132	2	180738654	FALSE	0.2469	0.0342	0.00793561	0.00749512	52.118267159125885
SBP	WMH	apoe_excluded	rs12473915	rs12473915	2	182987704	FALSE	0.295	0.0375	-0.0279036	0.0082196	61.88444444444444
SBP	WMH	apoe_excluded	rs13412750	rs13412750	2	191634958	FALSE	0.2889	0.0341	0.00376738	0.00741909	71.77716909899297
SBP	WMH	apoe_excluded	rs2043444	rs2043444	2	204143126	FALSE	0.2435	0.031	-0.0151897	0.00683407	61.698491155046824
SBP	WMH	apoe_excluded	rs4675682	rs4675682	2	208402750	FALSE	0.2837	0.0303	-0.0031319	0.00670856	87.66644882310013
SBP	WMH	apoe_excluded	rs12694277	rs12694277	2	213188795	FALSE	0.2018	0.0335	0.0109737	0.00744374	36.287137447092896
SBP	WMH	apoe_excluded	rs2161967	rs2161967	2	218680529	FALSE	0.2836	0.0307	-0.00228821	0.00680576	85.33667200713006
SBP	WMH	apoe_excluded	rs10804330	rs10804330	2	227185749	FALSE	0.2351	0.0306	6.45903e-4	0.00681155	59.02858943141527
SBP	WMH	apoe_excluded	rs1044822	rs1044822	2	230629138	FALSE	0.248	0.0424	-0.00137834	0.0093383	34.21146315414738
SBP	WMH	apoe_excluded	rs3754944	rs3754944	2	231279616	FALSE	0.1768	0.0308	0.0155418	0.00678975	32.95058188564683
SBP	WMH	apoe_excluded	rs139354822	rs139354822	2	242344695	FALSE	0.6115	0.0975	-0.0172254	0.0211077	39.33541091387245
SBP	WMH	apoe_excluded	rs9848170	rs9848170	3	11495983	FALSE	0.3231	0.0307	-0.00749093	0.00683224	110.76362613926936
SBP	WMH	apoe_excluded	rs11925504	rs11925504	3	14943965	FALSE	0.2901	0.0305	0.0123404	0.00677733	90.46816447191617
SBP	WMH	apoe_excluded	rs189267552	rs189267552	3	20073193	FALSE	0.8664	0.139	0.0247925	0.0299236	38.85145489363904
SBP	WMH	apoe_excluded	rs2643826	rs2643826	3	27562988	FALSE	0.4473	0.0306	0.0014017	0.006722	213.67560553633217
SBP	WMH	apoe_excluded	rs68115553	rs68115553	3	27704702	FALSE	0.6445	0.1143	0.0145069	0.0253975	31.79460124352347
SBP	WMH	apoe_excluded	rs743395	rs743395	3	37598382	FALSE	0.2597	0.0317	-0.00331177	0.00700447	67.11589328185174
SBP	WMH	apoe_excluded	rs6788984	rs6788984	3	41107173	FALSE	0.2999	0.0432	0.00621239	0.00963183	48.19316379458161
SBP	WMH	apoe_excluded	rs1052501	rs1052501	3	41925398	FALSE	0.2262	0.0412	0.00889915	0.00912307	30.143298143086064
SBP	WMH	apoe_excluded	rs6771917	rs6771917	3	48108442	FALSE	0.3793	0.0355	0.00930315	0.00780436	114.15869073596514
SBP	WMH	apoe_excluded	rs7615099	rs7615099	3	53143901	FALSE	0.1891	0.0321	-0.00247641	0.00710625	34.70347725662601
SBP	WMH	apoe_excluded	rs6445583	rs6445583	3	53562894	FALSE	0.2774	0.0349	0.0103755	0.00765675	63.17744517696899
SBP	WMH	apoe_excluded	rs3772219	rs3772219	3	56771251	FALSE	0.2733	0.0324	0.00552011	0.0071137	71.15234910836763
SBP	WMH	apoe_excluded	rs7618284	rs7618284	3	66422246	FALSE	0.1891	0.0331	-0.00598875	0.00713753	32.63826544116976
SBP	WMH	apoe_excluded	rs4499560	rs4499560	3	70920485	FALSE	0.2199	0.0326	-0.0207654	0.00721301	45.500404606872685
SBP	WMH	apoe_excluded	rs1375564	rs1375564	3	85656311	FALSE	0.2579	0.0315	0.00373964	0.00698887	67.0319072814311
SBP	WMH	apoe_excluded	rs12637573	rs12637573	3	121682388	FALSE	0.1731	0.0302	0.00339977	0.00669135	32.853394587956664
SBP	WMH	apoe_excluded	rs6438857	rs6438857	3	124557643	FALSE	0.2736	0.0305	-0.00194639	0.0067723	80.46972319269014
SBP	WMH	apoe_excluded	rs9880098	rs9880098	3	133949366	FALSE	0.3081	0.0308	0.0175317	0.00684507	100.0649456063417
SBP	WMH	apoe_excluded	rs1199330	rs1199330	3	138101529	FALSE	0.2654	0.047	7.16585e-4	0.0103417	31.88644635581712
SBP	WMH	apoe_excluded	rs9876694	rs9876694	3	141152017	FALSE	0.4713	0.0651	0.018564	0.0142327	52.41226188706491
SBP	WMH	apoe_excluded	rs4408839	rs4408839	3	153729768	FALSE	0.2301	0.0345	8.64197e-4	0.00755989	44.48310018903591
SBP	WMH	apoe_excluded	rs79539362	rs79539362	3	154680449	FALSE	0.4003	0.0504	0.00730292	0.0107929	63.082675894431844
SBP	WMH	apoe_excluded	rs17684859	rs17684859	3	158213841	FALSE	0.2241	0.034	0.00183307	0.0075067	43.44360726643598
SBP	WMH	apoe_excluded	rs3980686	rs3980686	3	168697602	FALSE	0.4998	0.0487	7.20908e-5	0.010967	105.32575505230449
SBP	WMH	apoe_excluded	rs1290784	rs1290784	3	169096900	FALSE	0.4124	0.0303	9.83926e-4	0.00673404	185.24737226197865
SBP	WMH	apoe_excluded	rs2111557	rs2111557	3	169325621	FALSE	0.1764	0.0302	-3.45232e-4	0.00671859	34.117977281698174
SBP	WMH	apoe_excluded	rs4955575	rs4955575	3	169534538	FALSE	0.2158	0.0348	0.00222334	0.00771616	38.454254194741715
SBP	WMH	apoe_excluded	rs262986	rs262986	3	183435713	FALSE	0.2371	0.0305	-0.00766001	0.00671634	60.43150765923139
SBP	WMH	apoe_excluded	rs13091418	rs13091418	3	185329756	FALSE	0.2234	0.0325	5.15124e-4	0.00699213	47.24976094674555
SBP	WMH	apoe_excluded	rs9869437	rs9869437	3	196228360	FALSE	0.2001	0.0318	0.0065161	0.00702754	39.59496262014951
SBP	WMH	apoe_excluded	rs34535756	rs34535756	4	2246927	FALSE	0.478	0.0786	0.00943479	0.0175676	36.983729256906805
SBP	WMH	apoe_excluded	rs1290933	rs1290933	4	2668217	FALSE	0.2847	0.0327	0.00665275	0.00719732	75.80178436158573
SBP	WMH	apoe_excluded	rs2498323	rs2498323	4	3451109	FALSE	0.3171	0.0517	0.00505285	0.0111522	37.61935956960443
SBP	WMH	apoe_excluded	rs2610990	rs2610990	4	18008232	FALSE	0.2903	0.0343	0.00795537	0.00758689	71.63179457538953
SBP	WMH	apoe_excluded	rs55924432	rs55924432	4	26812737	FALSE	0.2651	0.0317	0.00662798	0.00680919	69.93602284827196
SBP	WMH	apoe_excluded	rs2291434	rs2291434	4	38387244	FALSE	0.2622	0.0303	-0.00347011	0.00669532	74.8824625036761
SBP	WMH	apoe_excluded	rs12511987	rs12511987	4	46595623	FALSE	0.2329	0.0399	0.00618342	0.0087681	34.07165155997764
SBP	WMH	apoe_excluded	rs62309747	rs62309747	4	48713862	FALSE	0.2244	0.0304	-0.00464302	0.00668119	54.48770775623267
SBP	WMH	apoe_excluded	rs60991988	rs60991988	4	54801228	FALSE	0.3789	0.0498	0.00597498	0.0109749	57.88826389896938
SBP	WMH	apoe_excluded	rs13107261	rs13107261	4	63768826	FALSE	0.1778	0.0314	-0.00299796	0.00692877	32.063004584364485
SBP	WMH	apoe_excluded	rs5020545	rs5020545	4	77414988	FALSE	0.2179	0.0305	0.00470262	0.00672288	51.04048374092987
SBP	WMH	apoe_excluded	rs12509595	rs12509595	4	81182554	FALSE	0.8367	0.0334	0.0212154	0.00731847	627.5475008067698
SBP	WMH	apoe_excluded	rs6823199	rs6823199	4	83925895	FALSE	0.2094	0.0348	-0.00292437	0.00754422	36.20719381688467
SBP	WMH	apoe_excluded	rs17010957	rs17010957	4	86719165	FALSE	0.534	0.043	0.0157916	0.00934205	154.22174148188216
SBP	WMH	apoe_excluded	rs13149209	rs13149209	4	89750668	FALSE	0.281	0.0367	0.0106689	0.00813602	58.62468353020662
SBP	WMH	apoe_excluded	rs13107325	rs13107325	4	103188709	FALSE	0.9086	0.0592	-0.0151286	0.0131051	235.56027437910882
SBP	WMH	apoe_excluded	rs11097909	rs11097909	4	106911321	FALSE	0.3628	0.043	0.0186664	0.00930833	71.18650081124935
SBP	WMH	apoe_excluded	rs1493132	rs1493132	4	108861082	FALSE	0.1766	0.0318	-0.00577264	0.00704703	30.840908191922786
SBP	WMH	apoe_excluded	rs1814951	rs1814951	4	111408718	FALSE	0.3231	0.0466	-0.00292178	0.0103594	48.073094917939166
SBP	WMH	apoe_excluded	rs2389873	rs2389873	4	120554714	FALSE	0.1972	0.0303	0.0131666	0.00667037	42.35732880218714
SBP	WMH	apoe_excluded	rs7439567	rs7439567	4	138464842	FALSE	0.2537	0.0309	0.0174519	0.00683684	67.40994543417014
SBP	WMH	apoe_excluded	rs72719160	rs72719160	4	144051276	FALSE	0.2243	0.0324	-0.002673	0.00720789	47.92570682822741
SBP	WMH	apoe_excluded	rs2353940	rs2353940	4	145740898	FALSE	0.2075	0.0358	-0.00409711	0.00764913	33.59465216441434
SBP	WMH	apoe_excluded	rs73855810	rs73855810	4	148383424	FALSE	0.2732	0.0434	-0.00767855	0.00952576	39.62615472828048
SBP	WMH	apoe_excluded	rs7683728	rs7683728	4	156402654	FALSE	0.3654	0.0304	0.00439644	0.00667683	144.47407375346262
SBP	WMH	apoe_excluded	rs12643599	rs12643599	4	156639846	FALSE	0.3134	0.0313	0.00862448	0.00689561	100.2557543712807
SBP	WMH	apoe_excluded	rs17035181	rs17035181	4	157678511	FALSE	0.3074	0.0429	-0.00159606	0.00943263	51.344406952798565
SBP	WMH	apoe_excluded	rs869396	rs869396	4	169688000	FALSE	0.2115	0.0305	0.0141327	0.00671814	48.086267132491265
SBP	WMH	apoe_excluded	rs4957026	rs4957026	5	361148	FALSE	0.1982	0.0323	-0.0105736	0.00704327	37.65323160386852
SBP	WMH	apoe_excluded	rs10069690	rs10069690	5	1279790	FALSE	0.3098	0.0369	-0.0162344	0.00763284	70.48717327281675
SBP	WMH	apoe_excluded	rs7725413	rs7725413	5	15695987	FALSE	0.1985	0.0359	0.00931234	0.00794014	30.57258245978849
SBP	WMH	apoe_excluded	rs12656497	rs12656497	5	32831939	FALSE	0.6382	0.0307	0.0123547	0.00679898	432.1523199185136
SBP	WMH	apoe_excluded	rs10941043	rs10941043	5	33194751	FALSE	0.2585	0.0332	0.0038252	0.00730826	60.62404739439687
SBP	WMH	apoe_excluded	rs2113077	rs2113077	5	50799442	FALSE	0.2097	0.0305	-0.00113759	0.00675081	47.27126041386724
SBP	WMH	apoe_excluded	rs1694068	rs1694068	5	53283630	FALSE	0.2657	0.0311	0.00997285	0.00687985	72.98982640791556
SBP	WMH	apoe_excluded	rs10043077	rs10043077	5	55692939	FALSE	0.1931	0.0324	0.0146425	0.00694662	35.52012841030331
SBP	WMH	apoe_excluded	rs34496659	rs34496659	5	61798934	FALSE	0.4545	0.0616	0.0280416	0.0137627	54.43852515179625
SBP	WMH	apoe_excluded	rs6870654	rs6870654	5	63831964	FALSE	0.2136	0.0347	-5.2539e-4	0.00764653	37.891652617329264
SBP	WMH	apoe_excluded	rs4286632	rs4286632	5	66291370	FALSE	0.211	0.0343	-9.53344e-4	0.00750781	37.842225603277555
SBP	WMH	apoe_excluded	rs7703560	rs7703560	5	67678506	FALSE	0.2246	0.0333	-0.00523624	0.00734218	45.49158167176184
SBP	WMH	apoe_excluded	rs246973	rs246973	5	68007803	FALSE	0.2479	0.0335	0.0125978	0.0074212	54.75999999999999
SBP	WMH	apoe_excluded	rs6452769	rs6452769	5	87389027	FALSE	0.3143	0.0377	0.00446425	0.00847106	69.5034018391743
SBP	WMH	apoe_excluded	rs76443575	rs76443575	5	96211594	FALSE	0.5233	0.0816	-0.0125808	0.0180967	41.126443254998065
SBP	WMH	apoe_excluded	rs1871190	rs1871190	5	97953719	FALSE	0.1954	0.0324	-4.95852e-4	0.00714409	36.37132296905959
SBP	WMH	apoe_excluded	rs11241313	rs11241313	5	114428167	FALSE	0.2071	0.0326	-2.31665e-4	0.00719164	40.35756897135761
SBP	WMH	apoe_excluded	rs1624823	rs1624823	5	122475438	FALSE	0.3371	0.0313	-4.06022e-4	0.00689414	115.99221182210698
SBP	WMH	apoe_excluded	rs9327297	rs9327297	5	122835051	FALSE	0.2747	0.0319	-0.0168625	0.00708078	74.15423394031114
SBP	WMH	apoe_excluded	rs758179	rs758179	5	127354424	FALSE	0.2091	0.0367	-0.0106925	0.00793658	32.46204961058438
SBP	WMH	apoe_excluded	rs6892983	rs6892983	5	127845030	FALSE	0.3427	0.0307	0.0114827	0.00681258	124.60958736962725
SBP	WMH	apoe_excluded	rs702395	rs702395	5	140086677	FALSE	0.2318	0.0305	-0.00229928	0.00674849	57.760000000000005
SBP	WMH	apoe_excluded	rs2913920	rs2913920	5	141726983	FALSE	0.2418	0.0359	0.0183965	0.00786427	45.365290461743776
SBP	WMH	apoe_excluded	rs1957563	rs1957563	5	157474590	FALSE	0.3629	0.0342	0.00926289	0.00751015	112.59567901234567
SBP	WMH	apoe_excluded	rs11960210	rs11960210	5	157817634	FALSE	0.4727	0.0313	0.00371679	0.00695146	228.07754493768437
SBP	WMH	apoe_excluded	rs13358657	rs13358657	5	157938070	FALSE	0.388	0.0445	0.0155667	0.00982361	76.0227244034844
SBP	WMH	apoe_excluded	rs3860770	rs3860770	5	173301427	FALSE	0.2663	0.0333	0.00948694	0.0073542	63.95196096997896
SBP	WMH	apoe_excluded	rs12153395	rs12153395	5	179411477	FALSE	0.3303	0.0486	-0.0169058	0.010435	46.18964334705076
SBP	WMH	apoe_excluded	rs2745599	rs2745599	6	1613686	FALSE	0.2164	0.0317	-0.0138682	0.00672122	46.601080715302174
SBP	WMH	apoe_excluded	rs1575290	rs1575290	6	7715689	FALSE	0.1973	0.0301	-3.39182e-4	0.00669083	42.965629518438
SBP	WMH	apoe_excluded	rs1630736	rs1630736	6	12295987	FALSE	0.1706	0.0309	1.70175e-4	0.00673175	30.481834082173417
SBP	WMH	apoe_excluded	rs9349379	rs9349379	6	12903957	FALSE	0.2664	0.0312	-0.00167886	0.00680636	72.905325443787
SBP	WMH	apoe_excluded	rs9368222	rs9368222	6	20686996	FALSE	0.2281	0.0339	-0.00860473	0.00755818	45.27424056525788
SBP	WMH	apoe_excluded	rs2655445	rs2655445	6	22377623	FALSE	0.2018	0.0312	0.0057042	0.00686444	41.834360618014465
SBP	WMH	apoe_excluded	rs79782817	rs79782817	6	25882678	FALSE	0.5324	0.0499	-0.00576129	0.0112286	113.83478781209713
SBP	WMH	apoe_excluded	rs116025100	rs116025100	6	30935290	FALSE	0.5365	0.0851	0.0175852	0.0171253	39.74480151228734
SBP	WMH	apoe_excluded	rs2753960	rs2753960	6	31762844	FALSE	0.4466	0.0309	0.0199653	0.00678386	208.89136058482842
SBP	WMH	apoe_excluded	rs2815063	rs2815063	6	39262535	FALSE	0.2755	0.0458	-0.00403166	0.00979011	36.1836397093877
SBP	WMH	apoe_excluded	rs7763558	rs7763558	6	43349215	FALSE	0.3363	0.0321	0.00929325	0.0071426	109.75989169359771
SBP	WMH	apoe_excluded	rs998584	rs998584	6	43757896	FALSE	0.1701	0.0312	0.00623033	0.00668662	29.723465236686398
SBP	WMH	apoe_excluded	rs78648104	rs78648104	6	50683009	FALSE	0.4287	0.0541	-0.00769416	0.0118542	62.79317413839642
SBP	WMH	apoe_excluded	rs1984195	rs1984195	6	79657391	FALSE	0.2409	0.0303	-1.46135e-4	0.00668252	63.21037153220272
SBP	WMH	apoe_excluded	rs9361836	rs9361836	6	82235408	FALSE	0.2196	0.0324	0.00226528	0.00722008	45.93827160493827
SBP	WMH	apoe_excluded	rs6921291	rs6921291	6	97066242	FALSE	0.3575	0.0385	-0.0303187	0.00853307	86.22448979591834
SBP	WMH	apoe_excluded	rs9486916	rs9486916	6	109013930	FALSE	0.2657	0.0385	-0.0273939	0.00854658	47.62792376454714
SBP	WMH	apoe_excluded	rs560955	rs560955	6	117481404	FALSE	0.1784	0.0307	-0.00559018	0.00677602	33.76859170919585
SBP	WMH	apoe_excluded	rs10782230	rs10782230	6	126228512	FALSE	0.2106	0.0302	0.00589305	0.00667547	48.62984079645629
SBP	WMH	apoe_excluded	rs9401913	rs9401913	6	127159982	FALSE	0.5202	0.0305	0.0111857	0.00672624	290.8981886589627
SBP	WMH	apoe_excluded	rs2327429	rs2327429	6	134209837	FALSE	0.2	0.0338	0.00694921	0.00735339	35.01277966457758
SBP	WMH	apoe_excluded	rs8180684	rs8180684	6	143200936	FALSE	0.2134	0.0335	-0.00132153	0.00735367	40.57880151481399
SBP	WMH	apoe_excluded	rs7765526	rs7765526	6	147713764	FALSE	0.201	0.0307	-0.00560867	0.00673227	42.86623730755764
SBP	WMH	apoe_excluded	rs17080102	rs17080102	6	151004770	FALSE	0.8085	0.0594	0.00946181	0.0128291	185.26234567901233
SBP	WMH	apoe_excluded	rs1293969	rs1293969	6	151959945	FALSE	0.1988	0.0347	-0.00155151	0.00774046	32.822662757767276
SBP	WMH	apoe_excluded	rs509833	rs509833	6	159711515	FALSE	0.329	0.044	0.00188143	0.00958193	55.90960743801654
SBP	WMH	apoe_excluded	rs12661036	rs12661036	6	163737476	FALSE	0.2104	0.0374	0.00708248	0.00815038	31.64814550030026
SBP	WMH	apoe_excluded	rs7744902	rs7744902	6	166176722	FALSE	0.4088	0.0593	0.0141167	0.0126758	47.52393437774599
SBP	WMH	apoe_excluded	rs6959688	rs6959688	7	1966831	FALSE	0.2344	0.031	0.00296028	0.00682676	57.17311134235172
SBP	WMH	apoe_excluded	rs10282122	rs10282122	7	2529623	FALSE	0.302	0.0327	0.0190049	0.00706604	85.29398011764816
SBP	WMH	apoe_excluded	rs73049928	rs73049928	7	4669949	FALSE	0.2382	0.0392	0.00678269	0.00853344	36.92422428154936
SBP	WMH	apoe_excluded	rs3807925	rs3807925	7	18543250	FALSE	0.1859	0.0319	0.0076338	0.00700804	33.96076099881095
SBP	WMH	apoe_excluded	rs28688791	rs28688791	7	19039605	FALSE	0.3222	0.038	-0.00557983	0.00853579	71.89254847645428
SBP	WMH	apoe_excluded	rs112509803	rs112509803	7	24735004	FALSE	0.2641	0.0477	3.78702e-4	0.0103691	30.654909923570187
SBP	WMH	apoe_excluded	rs3735533	rs3735533	7	27245893	FALSE	0.91	0.0577	0.00603687	0.0126997	248.73171156612972
SBP	WMH	apoe_excluded	rs6961048	rs6961048	7	27328187	FALSE	0.5304	0.0497	0.0146896	0.0110184	113.8922711318211
SBP	WMH	apoe_excluded	rs977184	rs977184	7	28650761	FALSE	0.184	0.0314	0.00599225	0.00693143	34.33810702259727
SBP	WMH	apoe_excluded	rs11977526	rs11977526	7	46008110	FALSE	0.3213	0.0312	-0.00491098	0.00678936	106.05038831360947
SBP	WMH	apoe_excluded	rs12668436	rs12668436	7	47548893	FALSE	0.2151	0.035	0.0083623	0.00774335	37.76980408163266
SBP	WMH	apoe_excluded	rs848445	rs848445	7	77572461	FALSE	0.2025	0.0339	0.0109092	0.00735644	35.68212076121858
SBP	WMH	apoe_excluded	rs42377	rs42377	7	92243672	FALSE	0.3153	0.0331	0.0139527	0.00737373	90.73857485784177
SBP	WMH	apoe_excluded	rs2392929	rs2392929	7	106414069	FALSE	0.7507	0.0379	-0.0144678	0.00836425	392.3326139472713
SBP	WMH	apoe_excluded	rs34072724	rs34072724	7	130432469	FALSE	0.2422	0.0303	-0.0113956	0.00666494	63.8944330076572
SBP	WMH	apoe_excluded	rs35680304	rs35680304	7	130973495	FALSE	0.2694	0.031	0.00125812	0.00684311	75.52170655567116
SBP	WMH	apoe_excluded	rs75672964	rs75672964	7	131321010	FALSE	0.5885	0.0839	-0.00526485	0.0168347	49.200442947433025
SBP	WMH	apoe_excluded	rs73727605	rs73727605	7	149474622	FALSE	0.3616	0.0623	-0.00434825	0.013305	33.688428331817505
SBP	WMH	apoe_excluded	rs3918226	rs3918226	7	150690176	FALSE	0.664	0.0575	0.0199625	0.0123048	133.3522873345936
SBP	WMH	apoe_excluded	rs10224210	rs10224210	7	151413194	FALSE	0.3831	0.034	0.0146559	0.00740298	126.95987024221454
SBP	WMH	apoe_excluded	rs62480403	rs62480403	7	155744252	FALSE	0.2056	0.0326	0.00389282	0.00718546	39.77507621664347
SBP	WMH	apoe_excluded	rs71499040	rs71499040	8	1711918	FALSE	0.2215	0.0338	-0.00350838	0.0073823099999999996	42.94514372746053
SBP	WMH	apoe_excluded	rs1821002	rs1821002	8	10640065	FALSE	0.3794	0.0307	0.0195888	0.00679767	152.72773185922395
SBP	WMH	apoe_excluded	rs10866828	rs10866828	8	23401534	FALSE	0.2476	0.0355	5.9166e-4	0.00767802	48.64571315215236
SBP	WMH	apoe_excluded	rs7821832	rs7821832	8	25889446	FALSE	0.4222	0.0348	-0.00796521	0.00765442	147.18988637864982
SBP	WMH	apoe_excluded	rs77375686	rs77375686	8	26043622	FALSE	0.3467	0.0485	-6.8266e-4	0.0107292	51.1003889892656
SBP	WMH	apoe_excluded	rs1906672	rs1906672	8	38130025	FALSE	0.2966	0.0358	-0.0134244	0.007785	68.6398364595362
SBP	WMH	apoe_excluded	rs4873492	rs4873492	8	51947549	FALSE	0.3431	0.0403	0.0101105	0.00889309	72.48219618370904
SBP	WMH	apoe_excluded	rs2354862	rs2354862	8	64501744	FALSE	0.2507	0.0317	0.00695021	0.00695972	62.54464667774582
SBP	WMH	apoe_excluded	rs13253358	rs13253358	8	68920135	FALSE	0.2127	0.033	-0.00140552	0.00730007	41.54388429752066
SBP	WMH	apoe_excluded	rs2126474	rs2126474	8	76878957	FALSE	0.2601	0.0306	-0.00488809	0.00674577	72.25
SBP	WMH	apoe_excluded	rs9918879	rs9918879	8	77681093	FALSE	0.2984	0.0499	-0.00649875	0.011272	35.75992064288898
SBP	WMH	apoe_excluded	rs148401029	rs148401029	8	81386066	FALSE	0.4623	0.0848	-0.0111625	0.0179789	29.72049800863296
SBP	WMH	apoe_excluded	rs10091532	rs10091532	8	82853793	FALSE	0.2067	0.0305	1.12428e-4	0.00677773	45.92839559258264
SBP	WMH	apoe_excluded	rs843093	rs843093	8	92528310	FALSE	0.2085	0.0338	-0.00937791	0.00730346	38.052107769335805
SBP	WMH	apoe_excluded	rs2613203	rs2613203	8	95253197	FALSE	0.2681	0.0389	-0.00166297	0.00858032	47.50008921431924
SBP	WMH	apoe_excluded	rs79069610	rs79069610	8	105921209	FALSE	0.4005	0.0727	-0.0139251	0.015727	30.34842931986703
SBP	WMH	apoe_excluded	rs35783704	rs35783704	8	105966258	FALSE	0.4619	0.0507	-9.44902e-4	0.0111983	83.00036568903204
SBP	WMH	apoe_excluded	rs7830607	rs7830607	8	110097287	FALSE	0.206	0.0327	0.00852457	0.00718956	39.686146882510826
SBP	WMH	apoe_excluded	rs2470004	rs2470004	8	120358445	FALSE	0.3454	0.0392	0.0109964	0.00861895	77.63767700957935
SBP	WMH	apoe_excluded	rs4598218	rs4598218	8	129483956	FALSE	0.1911	0.0313	0.0149294	0.00688661	37.27629147995793
SBP	WMH	apoe_excluded	rs7012866	rs7012866	8	135616959	FALSE	0.2325	0.0301	-0.0109562	0.00666194	59.664076555446414
SBP	WMH	apoe_excluded	rs4440615	rs4440615	8	141057641	FALSE	0.2201	0.0312	0.00308945	0.00692769	49.76578936554898
SBP	WMH	apoe_excluded	rs4961293	rs4961293	8	141812374	FALSE	0.2268	0.0303	0.0047892	0.00668598	56.027448289383386
SBP	WMH	apoe_excluded	rs3802228	rs3802228	8	143992218	FALSE	0.2747	0.0305	0.0104873	0.00667713	81.118075786079
SBP	WMH	apoe_excluded	rs60191654	rs60191654	9	753648	FALSE	0.2382	0.0385	-0.00615623	0.00851076	38.27912970146736
SBP	WMH	apoe_excluded	rs927315	rs927315	9	4117713	FALSE	0.1689	0.0303	-0.0066261	0.00674387	31.072345848446226
SBP	WMH	apoe_excluded	rs1332813	rs1332813	9	9350706	FALSE	0.2203	0.0314	-0.00228626	0.00700531	49.22318349628788
SBP	WMH	apoe_excluded	rs9886665	rs9886665	9	22942770	FALSE	0.2048	0.0343	0.0027646	0.00760648	35.65099575856999
SBP	WMH	apoe_excluded	rs4553000	rs4553000	9	34223553	FALSE	0.2035	0.03	0.0147812	0.00663662	46.01361111111111
SBP	WMH	apoe_excluded	rs76452347	rs76452347	9	35906471	FALSE	0.2974	0.0397	0.0178772	0.00854549	56.117835910385836
SBP	WMH	apoe_excluded	rs10746963	rs10746963	9	77238558	FALSE	0.2177	0.0388	-0.00246593	0.00852611	31.48135428844723
SBP	WMH	apoe_excluded	rs7045409	rs7045409	9	95201540	FALSE	0.1862	0.0313	0.00938343	0.00687227	35.38919454113036
SBP	WMH	apoe_excluded	rs10980408	rs10980408	9	113249071	FALSE	0.7606	0.0827	0.0179124	0.0180508	84.5866105984686
SBP	WMH	apoe_excluded	rs2900568	rs2900568	9	116689758	FALSE	0.1889	0.03	-9.09796e-4	0.00669204	39.648011111111124
SBP	WMH	apoe_excluded	rs34025993	rs34025993	9	123516572	FALSE	0.223	0.0308	0.0305025	0.0067551	52.42136110642603
SBP	WMH	apoe_excluded	rs7854147	rs7854147	9	125863350	FALSE	0.3056	0.0461	-0.008302	0.0102987	43.94453254031366
SBP	WMH	apoe_excluded	rs13289468	rs13289468	9	128180332	FALSE	0.2488	0.0306	3.50011e-4	0.00674912	66.10859071297364
SBP	WMH	apoe_excluded	rs6271	rs6271	9	136522274	FALSE	0.5547	0.0611	2.45697e-4	0.0126434	82.4202469188714
SBP	WMH	apoe_excluded	rs11145807	rs11145807	9	139520789	FALSE	0.2135	0.0322	1.1629e-4	0.00681705	43.96266540642722
SBP	WMH	apoe_excluded	rs11252324	rs11252324	10	4124568	FALSE	0.4164	0.0573	0.0151308	0.0126622	52.80951728296922
SBP	WMH	apoe_excluded	rs1623474	rs1623474	10	18471794	FALSE	0.3827	0.0321	-0.0010252	0.00711403	142.13690666821947
SBP	WMH	apoe_excluded	rs12258967	rs12258967	10	18727959	FALSE	0.6327	0.0337	0.0187782	0.00733473	352.48112601149967
SBP	WMH	apoe_excluded	rs11596400	rs11596400	10	28245420	FALSE	0.2518	0.0303	0.0122563	0.00668979	69.05993965733208
SBP	WMH	apoe_excluded	rs12264186	rs12264186	10	32289986	FALSE	0.2135	0.0387	-0.0187102	0.00854267	30.435036623066186
SBP	WMH	apoe_excluded	rs4948643	rs4948643	10	45379759	FALSE	0.2258	0.0338	-0.0103028	0.00758619	44.62872448443683
SBP	WMH	apoe_excluded	rs4245599	rs4245599	10	60365755	FALSE	0.1794	0.0305	0.0191854	0.00674992	34.597538296156955
SBP	WMH	apoe_excluded	rs57946343	rs57946343	10	63499951	FALSE	0.716	0.0426	0.0222429	0.00931666	282.4924507923912
SBP	WMH	apoe_excluded	rs2236295	rs2236295	10	64564892	FALSE	0.3028	0.0309	-0.00898538	0.00685036	96.02731433478912
SBP	WMH	apoe_excluded	rs2177843	rs2177843	10	75409877	FALSE	0.4394	0.0432	-0.0112128	0.00946107	103.45526834705075
SBP	WMH	apoe_excluded	rs10749572	rs10749572	10	82136664	FALSE	0.203	0.0302	0.0120389	0.00670353	45.18332529275032
SBP	WMH	apoe_excluded	rs111866816	rs111866816	10	94441507	FALSE	0.3569	0.0597	0.00393621	0.0130626	35.73916764167009
SBP	WMH	apoe_excluded	rs2689690	rs2689690	10	95899706	FALSE	0.2702	0.0316	0.00222367	0.00693968	73.11332318538693
SBP	WMH	apoe_excluded	rs57866767	rs57866767	10	96023077	FALSE	0.4501	0.0304	-0.0112958	0.00672635	219.215298216759
SBP	WMH	apoe_excluded	rs1006545	rs1006545	10	102553647	FALSE	0.6846	0.048	-0.0154274	0.0105589	203.41890625
SBP	WMH	apoe_excluded	rs11191580	rs11191580	10	104906211	FALSE	1.0995	0.055	-0.0503397	0.012446	399.63644628099166
SBP	WMH	apoe_excluded	rs117464403	rs117464403	10	107158054	FALSE	0.864	0.1199	-0.0115567	0.0240805	51.92650812012511
SBP	WMH	apoe_excluded	rs12255372	rs12255372	10	114808902	FALSE	0.2358	0.0335	-0.00375592	0.00734391	49.54478948540877
SBP	WMH	apoe_excluded	rs1801253	rs1801253	10	115805056	FALSE	0.4626	0.0344	0.0203095	0.00761142	180.83994726879394
SBP	WMH	apoe_excluded	rs72842207	rs72842207	10	121433675	FALSE	0.203	0.0367	-0.0050535	0.0081051	30.595668540118343
SBP	WMH	apoe_excluded	rs11592107	rs11592107	10	122968964	FALSE	0.3024	0.0326	0.00956461	0.0072233	86.04554179683092
SBP	WMH	apoe_excluded	rs7093894	rs7093894	10	124234880	FALSE	0.236	0.0427	-0.0318088	0.0094809	30.54697826456569
SBP	WMH	apoe_excluded	rs7912283	rs7912283	10	133773019	FALSE	0.2144	0.0322	-8.9122e-4	0.00701221	44.33409204891787
SBP	WMH	apoe_excluded	rs1133400	rs1133400	10	134459388	FALSE	0.2975	0.0376	-0.0112387	0.00801336	62.60344754413761
SBP	WMH	apoe_excluded	rs569550	rs569550	11	1887068	FALSE	0.5765	0.0318	0.0102489	0.0068389	328.65813258969183
SBP	WMH	apoe_excluded	rs74048190	rs74048190	11	2114221	FALSE	0.4404	0.0757	-0.0102531	0.0158986	33.84565019745257
SBP	WMH	apoe_excluded	rs360153	rs360153	11	9762274	FALSE	0.3445	0.0306	0.016998	0.0067101	126.74639027724378
SBP	WMH	apoe_excluded	rs2014408	rs2014408	11	16365282	FALSE	0.5169	0.0373	-0.0147493	0.00821405	192.04163761688795
SBP	WMH	apoe_excluded	rs7926335	rs7926335	11	16917869	FALSE	0.3135	0.0339	0.0149199	0.00752981	85.52157569112694
SBP	WMH	apoe_excluded	rs17762	rs17762	11	22492454	FALSE	0.4117	0.0571	0.0291045	0.0129492	51.986372879484485
SBP	WMH	apoe_excluded	rs1382472	rs1382472	11	27273967	FALSE	0.1917	0.0307	0.0138678	0.00678092	38.99127842205222
SBP	WMH	apoe_excluded	rs871004	rs871004	11	28512458	FALSE	0.2336	0.0317	0.00254495	0.00701269	54.303416294320776
SBP	WMH	apoe_excluded	rs10501122	rs10501122	11	30192151	FALSE	0.1916	0.0315	-0.00627606	0.00693426	36.99728898966994
SBP	WMH	apoe_excluded	rs11604310	rs11604310	11	45351420	FALSE	0.2778	0.0411	0.0114924	0.00916278	45.68575843145612
SBP	WMH	apoe_excluded	rs7107356	rs7107356	11	47676170	FALSE	0.4598	0.0301	0.0019263	0.00664787	233.34846193750624
SBP	WMH	apoe_excluded	rs2904315	rs2904315	11	48109948	FALSE	0.2081	0.0325	-0.0146938	0.00718756	40.99939408284023
SBP	WMH	apoe_excluded	rs4427587	rs4427587	11	58436648	FALSE	0.2062	0.0313	0.00533533	0.00679044	43.399891802508954
SBP	WMH	apoe_excluded	rs7125196	rs7125196	11	61272565	FALSE	0.4422	0.0472	-0.013137	0.0104998	87.77149166906062
SBP	WMH	apoe_excluded	rs2306363	rs2306363	11	65405600	FALSE	0.4358	0.0376	0.0197821	0.00823592	134.33796401086465
SBP	WMH	apoe_excluded	rs7395791	rs7395791	11	69262916	FALSE	0.2162	0.0308	0.00361377	0.00670685	49.273106763366506
SBP	WMH	apoe_excluded	rs10501410	rs10501410	11	72088806	FALSE	0.4122	0.0607	-6.70008e-4	0.0134718	46.114615591303014
SBP	WMH	apoe_excluded	rs7927515	rs7927515	11	76125330	FALSE	0.2271	0.0319	3.66011e-4	0.00703603	50.68190171087155
SBP	WMH	apoe_excluded	rs2289124	rs2289124	11	89224477	FALSE	0.308	0.0415	0.0019372	0.00905033	55.08143417041661
SBP	WMH	apoe_excluded	rs604723	rs604723	11	100610546	FALSE	0.655	0.0339	-0.00251353	0.00747315	373.3216731493809
SBP	WMH	apoe_excluded	rs629864	rs629864	11	100699139	FALSE	0.1868	0.0319	0.00938831	0.00704744	34.290386297304465
SBP	WMH	apoe_excluded	rs7926110	rs7926110	11	107086143	FALSE	0.2603	0.0321	0.00521641	0.00711108	65.75643675818363
SBP	WMH	apoe_excluded	rs236916	rs236916	11	117089628	FALSE	0.3166	0.0446	-0.00593583	0.00993798	50.390898670795714
SBP	WMH	apoe_excluded	rs573455	rs573455	11	117267884	FALSE	0.1994	0.0303	-0.00285499	0.0066834	43.30769314555218
SBP	WMH	apoe_excluded	rs11222084	rs11222084	11	130273230	FALSE	0.3363	0.0316	0.0183561	0.00691216	113.26078553116484
SBP	WMH	apoe_excluded	rs7944927	rs7944927	11	130490917	FALSE	0.2235	0.0392	-0.00177617	0.00832401	32.50745132236568
SBP	WMH	apoe_excluded	rs78998485	rs78998485	12	434755	FALSE	0.2449	0.0346	-2.30778e-4	0.00764158	50.09857496074043
SBP	WMH	apoe_excluded	rs3819532	rs3819532	12	2436837	FALSE	0.1875	0.0306	-0.00280664	0.00682553	37.54565551710881
SBP	WMH	apoe_excluded	rs10845621	rs10845621	12	12887977	FALSE	0.2879	0.0337	-0.0110874	0.00740132	72.98330530338383
SBP	WMH	apoe_excluded	rs1010064	rs1010064	12	20000315	FALSE	0.3571	0.0387	0.00437918	0.00855321	85.14472955017393
SBP	WMH	apoe_excluded	rs73075659	rs73075659	12	20373541	FALSE	0.3962	0.0321	0.00107569	0.00703058	152.34172804999957
SBP	WMH	apoe_excluded	rs2129869	rs2129869	12	26457650	FALSE	0.2643	0.0361	-0.00916568	0.00806567	53.60186769592007
SBP	WMH	apoe_excluded	rs9651825	rs9651825	12	27159784	FALSE	0.2042	0.034	-0.0148849	0.00746556	36.07062283737023
SBP	WMH	apoe_excluded	rs61917655	rs61917655	12	48210787	FALSE	0.3427	0.0514	-0.0148843	0.0115934	44.45309164408243
SBP	WMH	apoe_excluded	rs12426261	rs12426261	12	50573037	FALSE	0.3775	0.0309	-0.00573669	0.0068616	149.25089808443568
SBP	WMH	apoe_excluded	rs7134440	rs7134440	12	53450097	FALSE	0.4788	0.0562	-0.0221341	0.0123628	72.5831233140411
SBP	WMH	apoe_excluded	rs7134677	rs7134677	12	54441498	FALSE	0.3851	0.0332	0.00817864	0.00730144	134.5460244592829
SBP	WMH	apoe_excluded	rs7306710	rs7306710	12	66376091	FALSE	0.2429	0.0303	-0.004345	0.00671979	64.26429870709843
SBP	WMH	apoe_excluded	rs4143175	rs4143175	12	67782397	FALSE	0.2187	0.0352	0.00516795	0.00778765	38.60221623192149
SBP	WMH	apoe_excluded	rs7963801	rs7963801	12	79685226	FALSE	0.2362	0.0311	-0.0130616	0.00676569	57.68182711096866
SBP	WMH	apoe_excluded	rs6539467	rs6539467	12	79955306	FALSE	0.265	0.0404	-0.00427735	0.00912156	43.02580629350065
SBP	WMH	apoe_excluded	rs17249754	rs17249754	12	90060586	FALSE	0.8446	0.0403	0.032452	0.00888297	439.23006729922605
SBP	WMH	apoe_excluded	rs10777213	rs10777213	12	90349999	FALSE	0.1786	0.0299	-0.0020753	0.00667064	35.67964564154764
SBP	WMH	apoe_excluded	rs3184504	rs3184504	12	111884608	FALSE	0.5779	0.0303	0.00526676	0.00665184	363.7643477219008
SBP	WMH	apoe_excluded	rs1896326	rs1896326	12	115342956	FALSE	0.2797	0.0371	-0.00550043	0.00798139	56.83778089377438
SBP	WMH	apoe_excluded	rs35444	rs35444	12	115552437	FALSE	0.4368	0.031	0.00891707	0.00683397	198.53719042663894
SBP	WMH	apoe_excluded	rs6490019	rs6490019	12	115920472	FALSE	0.2897	0.0309	-0.0133611	0.0068689	87.89821011510143
SBP	WMH	apoe_excluded	rs1169078	rs1169078	12	122416254	FALSE	0.1971	0.0327	-0.00386259	0.00720925	36.33103274135174
SBP	WMH	apoe_excluded	rs117206641	rs117206641	12	133086888	FALSE	0.3154	0.0499	0.00204361	0.0107988	39.95050622286658
SBP	WMH	apoe_excluded	rs483071	rs483071	13	22294117	FALSE	0.2709	0.0313	0.0168321	0.00694892	74.90819544958097
SBP	WMH	apoe_excluded	rs9507885	rs9507885	13	27951090	FALSE	0.3208	0.0542	0.00923839	0.0115665	35.03242058250841
SBP	WMH	apoe_excluded	rs9508495	rs9508495	13	30146201	FALSE	0.3557	0.0353	0.0195917	0.00783879	101.53559534223051
SBP	WMH	apoe_excluded	rs2065498	rs2065498	13	41893105	FALSE	0.2934	0.0403	0.0279368	0.00890236	53.004180802788014
SBP	WMH	apoe_excluded	rs7491248	rs7491248	13	47180671	FALSE	0.2163	0.0362	-0.0057206	0.00804539	35.70227557156374
SBP	WMH	apoe_excluded	rs9526707	rs9526707	13	51489186	FALSE	0.2039	0.0323	0.00195475	0.00708225	39.850099205398294
SBP	WMH	apoe_excluded	rs75961402	rs75961402	13	56398286	FALSE	0.2659	0.0418	-0.00140785	0.00919554	40.46542547102861
SBP	WMH	apoe_excluded	rs17245822	rs17245822	13	73131694	FALSE	0.1899	0.0312	-0.00541761	0.00693954	37.04595044378699
SBP	WMH	apoe_excluded	rs78474310	rs78474310	13	73826901	FALSE	0.4699	0.0734	0.0191251	0.0157446	40.984417806947846
SBP	WMH	apoe_excluded	rs6562778	rs6562778	13	74223828	FALSE	0.178	0.0304	-0.00476891	0.0066947	34.28410664819944
SBP	WMH	apoe_excluded	rs9549627	rs9549627	13	113652369	FALSE	0.2846	0.05	0.00992889	0.0104255	32.398864
SBP	WMH	apoe_excluded	rs7331680	rs7331680	13	115000650	FALSE	0.4101	0.0423	0.0136811	0.00933895	93.99371258990998
SBP	WMH	apoe_excluded	rs365990	rs365990	14	23861811	FALSE	0.225	0.0312	-0.00747665	0.00687937	52.006286982248525
SBP	WMH	apoe_excluded	rs8904	rs8904	14	35871217	FALSE	0.3061	0.0314	-4.78992e-4	0.00692235	95.03145158018582
SBP	WMH	apoe_excluded	rs7493678	rs7493678	14	39400917	FALSE	0.189	0.0316	-0.00243906	0.00697897	35.77251241788175
SBP	WMH	apoe_excluded	rs72683923	rs72683923	14	50735947	FALSE	0.9587	0.1101	0.0504462	0.0236262	75.82122849263446
SBP	WMH	apoe_excluded	rs35413927	rs35413927	14	53420358	FALSE	0.3002	0.0328	0.00394489	0.00724551	83.76714009518143
SBP	WMH	apoe_excluded	rs57140819	rs57140819	14	68018247	FALSE	0.2415	0.0398	0.00192548	0.008805	36.81867250826999
SBP	WMH	apoe_excluded	rs11847049	rs11847049	14	69259406	FALSE	0.2272	0.0364	9.05295e-4	0.00814285	38.959545948556936
SBP	WMH	apoe_excluded	rs11159091	rs11159091	14	75074316	FALSE	0.1978	0.0303	-0.00942396	0.00668556	42.615473428530976
SBP	WMH	apoe_excluded	rs7154723	rs7154723	14	98590629	FALSE	0.253	0.0309	0.00287976	0.00687832	67.03846838638054
SBP	WMH	apoe_excluded	rs17562391	rs17562391	14	100133250	FALSE	0.1967	0.0306	0.0113353	0.00675148	41.32052842923663
SBP	WMH	apoe_excluded	rs75016974	rs75016974	14	100197940	FALSE	0.2513	0.0439	-0.015627	0.0096008	32.768452841153795
SBP	WMH	apoe_excluded	rs12885878	rs12885878	14	104007555	FALSE	0.2291	0.0367	0.013521	0.00819845	38.96889129773032
SBP	WMH	apoe_excluded	rs8030856	rs8030856	15	40314967	FALSE	0.1764	0.031	-0.00792211	0.00685318	32.37977107180021
SBP	WMH	apoe_excluded	rs28866311	rs28866311	15	41442195	FALSE	0.2762	0.0302	-0.0187555	0.00668	83.64374369545195
SBP	WMH	apoe_excluded	rs4775769	rs4775769	15	48939888	FALSE	0.4162	0.0517	0.00961349	0.0116421	64.80717126406248
SBP	WMH	apoe_excluded	rs3098186	rs3098186	15	50810621	FALSE	0.2422	0.0303	0.00539912	0.00668007	63.8944330076572
SBP	WMH	apoe_excluded	rs2652812	rs2652812	15	63406170	FALSE	0.2516	0.0353	-0.00883076	0.00789217	50.80095338217946
SBP	WMH	apoe_excluded	rs28429256	rs28429256	15	66931617	FALSE	0.215	0.0325	0.00811402	0.007182	43.76331360946745
SBP	WMH	apoe_excluded	rs11636952	rs11636952	15	75114322	FALSE	0.5313	0.0328	-0.0199533	0.00728209	262.38073505353947
SBP	WMH	apoe_excluded	rs2627313	rs2627313	15	81006712	FALSE	0.3208	0.0303	0.0193737	0.00672412	112.09428269559628
SBP	WMH	apoe_excluded	rs2046341	rs2046341	15	86040872	FALSE	0.2542	0.0382	-0.00309373	0.00848277	44.28170828650531
SBP	WMH	apoe_excluded	rs77032376	rs77032376	15	90010780	FALSE	0.2727	0.043	0.0278933	0.00959454	40.21919415900487
SBP	WMH	apoe_excluded	rs4932373	rs4932373	15	91429287	FALSE	0.635	0.0328	-0.0042875	0.00713519	374.80015615704934
SBP	WMH	apoe_excluded	rs12906962	rs12906962	15	95312071	FALSE	0.2653	0.0325	-0.00310008	0.00720315	66.63582485207098
SBP	WMH	apoe_excluded	rs2589218	rs2589218	15	96785017	FALSE	0.2258	0.0339	0.021817	0.00751993	44.36581651743372
SBP	WMH	apoe_excluded	rs4606697	rs4606697	15	100087596	FALSE	0.3196	0.0523	0.0159538	0.0106449	37.34308245195208
SBP	WMH	apoe_excluded	rs11641374	rs11641374	16	1347717	FALSE	0.1943	0.0309	0.0116897	0.00687017	39.5392695929033
SBP	WMH	apoe_excluded	rs12596630	rs12596630	16	2065666	FALSE	0.4278	0.0547	0.00319618	0.0117649	61.165553175205304
SBP	WMH	apoe_excluded	rs72778133	rs72778133	16	3578718	FALSE	0.2417	0.0443	-0.00198723	0.00969779	29.767738943892706
SBP	WMH	apoe_excluded	rs111929315	rs111929315	16	4136871	FALSE	0.3146	0.0485	0.00859614	0.0109715	42.07595281113827
SBP	WMH	apoe_excluded	rs12446456	rs12446456	16	4922201	FALSE	0.3003	0.0302	0.00838745	0.00672263	98.8773409061006
SBP	WMH	apoe_excluded	rs77924615	rs77924615	16	20392332	FALSE	0.4081	0.039	0.00769075	0.00849402	109.49744247205786
SBP	WMH	apoe_excluded	rs7186298	rs7186298	16	21088031	FALSE	0.2315	0.0302	-0.0138739	0.00670622	58.76085478707074
SBP	WMH	apoe_excluded	rs8044992	rs8044992	16	24811207	FALSE	0.2138	0.0331	0.0203446	0.00734402	41.7214519765245
SBP	WMH	apoe_excluded	rs34941092	rs34941092	16	50550137	FALSE	0.3225	0.0425	0.0189686	0.00940432	57.58131487889273
SBP	WMH	apoe_excluded	rs4784541	rs4784541	16	51704452	FALSE	0.2015	0.0307	0.0176899	0.00678083	43.079767424588056
SBP	WMH	apoe_excluded	rs2060664	rs2060664	16	60652439	FALSE	0.216	0.0345	-0.00144892	0.00771127	39.1984877126654
SBP	WMH	apoe_excluded	rs146550789	rs146550789	16	66781040	FALSE	0.4824	0.0778	0.00664682	0.0169497	38.44637558567549
SBP	WMH	apoe_excluded	rs62047964	rs62047964	16	70729954	FALSE	0.5115	0.0686	0.002543	0.0143163	55.595935792059436
SBP	WMH	apoe_excluded	rs12103229	rs12103229	16	74167594	FALSE	0.1791	0.0301	0.0106841	0.00672736	35.40447677177957
SBP	WMH	apoe_excluded	rs4888408	rs4888408	16	75432824	FALSE	0.3653	0.0307	0.00189403	0.00681147	141.58674362592708
SBP	WMH	apoe_excluded	rs12926550	rs12926550	16	81510155	FALSE	0.2548	0.0324	0.00388242	0.00715599	61.84560280445056
SBP	WMH	apoe_excluded	rs3950627	rs3950627	16	86436343	FALSE	0.1851	0.0308	0.00242135	0.0067581	36.11697798954292
SBP	WMH	apoe_excluded	rs6540119	rs6540119	16	87984477	FALSE	0.2016	0.0322	-0.0168065	0.00716235	39.19848771266541
SBP	WMH	apoe_excluded	rs908951	rs908951	16	89697625	FALSE	0.2261	0.0315	8.12505e-4	0.00677949	51.520493827160486
SBP	WMH	apoe_excluded	rs9303175	rs9303175	17	1372987	FALSE	0.2048	0.0327	-0.00391875	0.00707605	39.22513069419895
SBP	WMH	apoe_excluded	rs11653927	rs11653927	17	2012094	FALSE	0.2796	0.0308	0.0148075	0.00692088	82.4086692528251
SBP	WMH	apoe_excluded	rs113086489	rs113086489	17	7171356	FALSE	0.3249	0.0307	0.0191161	0.00676129	112.00119895171301
SBP	WMH	apoe_excluded	rs4511593	rs4511593	17	7455536	FALSE	0.2881	0.0318	0.00413136	0.0070335	82.07904157272259
SBP	WMH	apoe_excluded	rs117285318	rs117285318	17	7870642	FALSE	0.4413	0.0589	-0.00410584	0.0124886	56.135457351961975
SBP	WMH	apoe_excluded	rs4925159	rs4925159	17	18185510	FALSE	0.2174	0.0305	-0.0149501	0.00671135	50.806514377855414
SBP	WMH	apoe_excluded	rs7218708	rs7218708	17	19926836	FALSE	0.1781	0.0303	0.0140138	0.00668428	34.54956485747585
SBP	WMH	apoe_excluded	rs1551355	rs1551355	17	30032420	FALSE	0.2098	0.0356	0.00804678	0.00798406	34.730494887009215
SBP	WMH	apoe_excluded	rs9899540	rs9899540	17	30777924	FALSE	0.2011	0.0316	0.00512613	0.0069237	40.499529322224
SBP	WMH	apoe_excluded	rs7213273	rs7213273	17	43155914	FALSE	0.4	0.0315	-0.0514933	0.00704102	161.2496850592089
SBP	WMH	apoe_excluded	rs17608766	rs17608766	17	45013271	FALSE	0.6903	0.0433	0.0216193	0.00936032	254.1557584711637
SBP	WMH	apoe_excluded	rs3764400	rs3764400	17	46123932	FALSE	0.3748	0.0445	-0.00714038	0.00999024	70.93803307663175
SBP	WMH	apoe_excluded	rs9897429	rs9897429	17	47518378	FALSE	0.2645	0.0319	0.00830077	0.0067916	68.74957007104886
SBP	WMH	apoe_excluded	rs1000423	rs1000423	17	59475642	FALSE	0.4138	0.0346	0.00909072	0.00754057	143.03053894216313
SBP	WMH	apoe_excluded	rs56288724	rs56288724	17	60767135	FALSE	0.2178	0.031	-0.0114377	0.00673128	49.36195629552549
SBP	WMH	apoe_excluded	rs62076622	rs62076622	17	61090958	FALSE	0.2363	0.0377	0.0107844	0.00840218	39.286626937500444
SBP	WMH	apoe_excluded	rs6504213	rs6504213	17	62381714	FALSE	0.2982	0.0312	-4.72717e-4	0.00679106	91.34948224852073
SBP	WMH	apoe_excluded	rs1436138	rs1436138	17	75316880	FALSE	0.3119	0.0315	0.00460408	0.00699541	98.0414310909549
SBP	WMH	apoe_excluded	rs9302885	rs9302885	17	76799898	FALSE	0.2242	0.0302	0.00850792	0.00671275	55.11341607824219
SBP	WMH	apoe_excluded	rs11655604	rs11655604	17	79365861	FALSE	0.2033	0.0333	0.0107757	0.00690416	37.27230834438041
SBP	WMH	apoe_excluded	rs34413141	rs34413141	18	777282	FALSE	0.3531	0.0393	0.00276829	0.00862805	80.72542392634463
SBP	WMH	apoe_excluded	rs62082230	rs62082230	18	22676071	FALSE	0.1884	0.0345	-0.0109101	0.00743939	29.821096408317576
SBP	WMH	apoe_excluded	rs1154214	rs1154214	18	24546824	FALSE	0.2031	0.0306	-0.00493807	0.00679763	44.053152633602465
SBP	WMH	apoe_excluded	rs56407827	rs56407827	18	42179819	FALSE	0.3603	0.034	0.00346779	0.00753238	112.29765570934254
SBP	WMH	apoe_excluded	rs11874246	rs11874246	18	42596789	FALSE	0.2856	0.0328	-0.00118122	0.00729621	75.81737061273051
SBP	WMH	apoe_excluded	rs7245140	rs7245140	18	43095231	FALSE	0.3367	0.0391	-0.0161924	0.00876888	74.15368162165343
SBP	WMH	apoe_excluded	rs1437649	rs1437649	18	48132646	FALSE	0.2189	0.0357	0.00686063	0.00793031	37.597164355938446
SBP	WMH	apoe_excluded	rs665445	rs665445	18	51842682	FALSE	0.1909	0.0334	0.00374326	0.00742047	32.667727419412664
SBP	WMH	apoe_excluded	rs10048404	rs10048404	18	54578482	FALSE	0.2607	0.0317	0.00501697	0.00687854	67.63376090915423
SBP	WMH	apoe_excluded	rs10460108	rs10460108	18	73034151	FALSE	0.2141	0.0301	0.00486855	0.0067051	50.5941545899052
SBP	WMH	apoe_excluded	rs698748	rs698748	19	1424888	FALSE	0.1871	0.0325	-0.0160204	0.00678778	33.14216331360946
SBP	WMH	apoe_excluded	rs149339216	rs149339216	19	2144046	FALSE	0.6912	0.0779	0.00553134	0.0169337	78.7286027147144
SBP	WMH	apoe_excluded	rs68096471	rs68096471	19	5175709	FALSE	0.2098	0.0343	-0.00283889	0.00745488	37.4130166852247
SBP	WMH	apoe_excluded	rs12985940	rs12985940	19	7262734	FALSE	0.4642	0.0434	0.0167752	0.00897108	114.40126144110089
SBP	WMH	apoe_excluded	rs167479	rs167479	19	11526765	FALSE	0.5642	0.0327	0.013655	0.00665487	297.6943953464449
SBP	WMH	apoe_excluded	rs1077795	rs1077795	19	17222584	FALSE	0.2507	0.0344	0.00702431	0.00757797	53.11189325310978
SBP	WMH	apoe_excluded	rs62112908	rs62112908	19	22213956	FALSE	0.2388	0.0419	-0.0211196	0.00937055	32.481838221472884
SBP	WMH	apoe_excluded	rs28572357	rs28572357	19	31867447	FALSE	0.2733	0.0308	-3.08539e-4	0.00680817	78.73681270028669
SBP	WMH	apoe_excluded	rs1433121	rs1433121	19	32591878	FALSE	0.228	0.0326	-5.57482e-4	0.00727953	48.91414806729648
SBP	WMH	apoe_excluded	rs33836	rs33836	19	34008600	FALSE	0.1766	0.0304	-0.0038442	0.00677235	33.74692693905817
SBP	WMH	apoe_excluded	rs11672660	rs11672660	19	46180184	FALSE	0.2212	0.0381	0.00918077	0.00843447	33.707014969585494
SBP	WMH	apoe_excluded	rs571689	rs571689	19	49207554	FALSE	0.228	0.0304	0.0147473	0.00670667	56.25
SBP	WMH	apoe_excluded	rs73046792	rs73046792	19	49605705	FALSE	0.3554	0.0426	-0.00852802	0.00894685	69.60102713306443
SBP	WMH	apoe_excluded	rs6054139	rs6054139	20	6327810	FALSE	0.2094	0.0306	0.0122597	0.00675149	46.82852748942715
SBP	WMH	apoe_excluded	rs2423514	rs2423514	20	10693337	FALSE	0.3011	0.0302	-0.00391348	0.00668189	99.4048616288759
SBP	WMH	apoe_excluded	rs6108787	rs6108787	20	10967214	FALSE	0.4274	0.03	0.0270496	0.00669695	202.96751111111115
SBP	WMH	apoe_excluded	rs6078093	rs6078093	20	11168669	FALSE	0.1849	0.0304	-0.00831716	0.00676177	36.99360500346261
SBP	WMH	apoe_excluded	rs8125763	rs8125763	20	17883531	FALSE	0.1761	0.0301	-0.0010448	0.00668116	34.22833081312569
SBP	WMH	apoe_excluded	rs17812022	rs17812022	20	19007099	FALSE	0.3613	0.0525	0.0160175	0.0113194	47.36061315192744
SBP	WMH	apoe_excluded	rs6058088	rs6058088	20	30139886	FALSE	0.2832	0.0417	0.0172401	0.00942685	46.12266445836137
SBP	WMH	apoe_excluded	rs79384779	rs79384779	20	31214944	FALSE	0.3179	0.0428	-0.00509895	0.00960657	55.16879749323086
SBP	WMH	apoe_excluded	rs6029756	rs6029756	20	40266681	FALSE	0.2712	0.033	0.0139466	0.00720121	67.53851239669419
SBP	WMH	apoe_excluded	rs6031431	rs6031431	20	42795152	FALSE	0.2617	0.0304	0.00954131	0.00672626	74.10717841066482
SBP	WMH	apoe_excluded	rs2598	rs2598	20	47241618	FALSE	0.168	0.0303	0.00704774	0.00671062	30.742084109401045
SBP	WMH	apoe_excluded	rs6090907	rs6090907	20	47410231	FALSE	0.3854	0.0425	-0.0068687	0.00933983	82.23289134948097
SBP	WMH	apoe_excluded	rs234623	rs234623	20	57488964	FALSE	0.1804	0.0302	5.75975e-4	0.0066962	35.68282092890662
SBP	WMH	apoe_excluded	rs6026744	rs6026744	20	57742388	FALSE	0.7131	0.0461	0.0327141	0.0103375	239.27593508406224
SBP	WMH	apoe_excluded	rs28374392	rs28374392	20	61189717	FALSE	0.1924	0.0338	0.0106752	0.00685112	32.40236686390533
SBP	WMH	apoe_excluded	rs6062324	rs6062324	20	62446351	FALSE	0.3294	0.0363	0.0083185	0.00786977	82.34437538419509
SBP	WMH	apoe_excluded	rs2776037	rs2776037	21	16317933	FALSE	0.1851	0.0309	9.09969e-4	0.0068065	35.883589405221976
SBP	WMH	apoe_excluded	rs1882961	rs1882961	21	16556367	FALSE	0.2443	0.0326	0.00270557	0.00724697	56.15801309797133
SBP	WMH	apoe_excluded	rs2833834	rs2833834	21	33814378	FALSE	0.2177	0.0338	-9.0564e-4	0.00746471	41.484270508735705
SBP	WMH	apoe_excluded	rs12627651	rs12627651	21	44760603	FALSE	0.3498	0.0341	0.00861417	0.00739726	105.22788761706555
SBP	WMH	apoe_excluded	rs34487963	rs34487963	21	44838330	FALSE	0.8819	0.1244	0.0407789	0.0253541	50.25715783025403
SBP	WMH	apoe_excluded	rs7278003	rs7278003	21	44966069	FALSE	0.1876	0.0304	0.016344	0.00671198	38.081890581717445
SBP	WMH	apoe_excluded	rs2238787	rs2238787	22	19976406	FALSE	0.2552	0.0332	0.0125433	0.00734523	59.08607925678618
SBP	WMH	apoe_excluded	rs4823007	rs4823007	22	29452278	FALSE	0.2205	0.0301	0.00295083	0.00664771	53.664142779881026
SBP	WMH	apoe_excluded	rs2240365	rs2240365	22	30188741	FALSE	0.4187	0.069	-0.0254997	0.0157266	36.82203108590632
SBP	WMH	apoe_excluded	rs8142376	rs8142376	22	32001037	FALSE	0.1676	0.03	-0.011273	0.00663403	31.210844444444447
SBP	WMH	apoe_excluded	rs148140538	rs148140538	22	50228044	FALSE	0.3252	0.0562	-0.0101944	0.0121798	33.4833145476881
SBP	WMH	apoe_excluded	rs28578714	rs28578714	22	50727921	FALSE	0.2066	0.0327	-0.00174498	0.00680967	39.91766499265868
DBP	VaD	all_ivs	rs34645159	rs34645159	1	1724366	FALSE	0.133	0.0174	-0.0195541	0.0243663	58.42581582771834
DBP	VaD	all_ivs	rs2493296	rs2493296	1	3327032	FALSE	0.2496	0.0254	-0.0413189	0.0388926	96.56544113088226
DBP	VaD	all_ivs	rs488834	rs488834	1	10767902	FALSE	0.1931	0.0208	0.0241885	0.0283469	86.18622873520711
DBP	VaD	all_ivs	rs55857306	rs55857306	1	11895795	FALSE	0.5224	0.0235	0.00319827	0.0346526	494.16344047080116
DBP	VaD	all_ivs	rs1889785	rs1889785	1	16348729	FALSE	0.1255	0.0174	0.00192562	0.0247536	52.02222882811469
DBP	VaD	all_ivs	rs6686889	rs6686889	1	25030470	FALSE	0.1918	0.0199	0.00833845	0.0271441	92.89472488068482
DBP	VaD	all_ivs	rs12728150	rs12728150	1	27268737	FALSE	0.2045	0.0318	-0.0243771	0.0458569	41.35541513389501
DBP	VaD	all_ivs	rs2146315	rs2146315	1	42050366	FALSE	0.1197	0.0205	0.0103311	0.0264297	34.09420582986318
DBP	VaD	all_ivs	rs839759	rs839759	1	43863460	FALSE	0.1505	0.0175	0.00365513	0.0248798	73.96
DBP	VaD	all_ivs	rs4926901	rs4926901	1	48025824	FALSE	0.0984	0.018	0.0673849	0.0263295	29.884444444444444
DBP	VaD	all_ivs	rs10493127	rs10493127	1	48114417	FALSE	0.1853	0.0307	0.0209723	0.0479351	36.43125125996031
DBP	VaD	all_ivs	rs61772592	rs61772592	1	56979681	FALSE	0.1509	0.0261	-0.031279	0.0325964	33.427004888360415
DBP	VaD	all_ivs	rs10493408	rs10493408	1	66992054	FALSE	0.1584	0.0255	0.00665395	0.0345833	38.586020761245685
DBP	VaD	all_ivs	rs34517439	rs34517439	1	78450517	FALSE	0.2514	0.0279	0.00746365	0.0364532	81.19366400739972
DBP	VaD	all_ivs	rs786921	rs786921	1	89286673	FALSE	0.1145	0.0176	-0.0442589	0.0256927	42.32389591942149
DBP	VaD	all_ivs	rs17396055	rs17396055	1	94730954	FALSE	0.115	0.0184	-0.0615671	0.0269384	39.0625
DBP	VaD	all_ivs	rs10776752	rs10776752	1	113044328	FALSE	0.4573	0.033	0.0455661	0.0326553	192.0324058769513
DBP	VaD	all_ivs	rs57748895	rs57748895	1	115826169	FALSE	0.6627	0.0666	-0.105654	0.109566	99.01146416686953
DBP	VaD	all_ivs	rs1819663	rs1819663	1	154025891	FALSE	0.1147	0.0174	0.0254381	0.0244198	43.45385784119434
DBP	VaD	all_ivs	rs76719272	rs76719272	1	156129796	FALSE	0.1438	0.0264	0.0264738	0.0358458	29.669478879706155
DBP	VaD	all_ivs	rs7524019	rs7524019	1	167367193	FALSE	0.1036	0.0174	-0.04243	0.0247721	35.45038974765492
DBP	VaD	all_ivs	rs12405515	rs12405515	1	172357441	FALSE	0.1698	0.0174	0.013049	0.0245893	95.230677764566
DBP	VaD	all_ivs	rs150816167	rs150816167	1	179571862	FALSE	0.2873	0.0446	-0.0678293	0.0507244	41.49555088580104
DBP	VaD	all_ivs	rs4651224	rs4651224	1	184585182	FALSE	0.1102	0.0175	-3.36355e-4	0.0244172	39.6540081632653
DBP	VaD	all_ivs	rs882624	rs882624	1	201735913	FALSE	0.1571	0.0185	0.0518951	0.025551	72.11222790357927
DBP	VaD	all_ivs	rs2169137	rs2169137	1	204497913	FALSE	0.1588	0.0194	-0.012229	0.0322136	67.00350728026356
DBP	VaD	all_ivs	rs1502358	rs1502358	1	217324932	FALSE	0.1127	0.0185	0.0176928	0.0253978	37.11114682249818
DBP	VaD	all_ivs	rs68085857	rs68085857	1	217737629	FALSE	0.191	0.0205	-0.0442878	0.0287126	86.80785246876857
DBP	VaD	all_ivs	rs12088448	rs12088448	1	218546170	FALSE	0.1544	0.0182	0.0224306	0.0250905	71.97005192609588
DBP	VaD	all_ivs	rs602521	rs602521	1	227311066	FALSE	0.1351	0.0195	0.035754	0.0279441	48.00002629848784
DBP	VaD	all_ivs	rs1745417	rs1745417	1	228204279	FALSE	0.1708	0.0173	-0.00796349	0.0245259	97.47281900497845
DBP	VaD	all_ivs	rs699	rs699	1	230845794	FALSE	0.2359	0.0177	0.00168385	0.0246204	177.6271505633758
DBP	VaD	all_ivs	rs3943093	rs3943093	1	243458502	FALSE	0.2477	0.0184	-0.00764557	0.026471	181.22427339319472
DBP	VaD	all_ivs	rs4926499	rs4926499	1	249155909	FALSE	0.1694	0.0248	-0.0338305	0.030778	46.6577133194589
DBP	VaD	all_ivs	rs112393817	rs112393817	2	9807226	FALSE	0.116	0.0211	-0.0456566	0.0289072	30.223939264616696
DBP	VaD	all_ivs	rs1373780	rs1373780	2	19501029	FALSE	0.1246	0.0224	0.025626	0.0294647	30.94140625
DBP	VaD	all_ivs	rs824523	rs824523	2	19707855	FALSE	0.1226	0.0183	-0.0235405	0.0281354	44.88267789423393
DBP	VaD	all_ivs	rs11687089	rs11687089	2	25082926	FALSE	0.1739	0.0175	-0.0441637	0.0249843	98.74680816326529
DBP	VaD	all_ivs	rs1275988	rs1275988	2	26914364	FALSE	0.2945	0.0177	0.0307181	0.0244803	276.83695617479015
DBP	VaD	all_ivs	rs11684340	rs11684340	2	37207251	FALSE	0.1249	0.021	0.0289776	0.028133	35.374172335600896
DBP	VaD	all_ivs	rs2160236	rs2160236	2	40557276	FALSE	0.1421	0.0181	-0.0263729	0.0244524	61.63551173651597
DBP	VaD	all_ivs	rs76326501	rs76326501	2	43167878	FALSE	0.3618	0.0305	-0.0466961	0.0447836	140.71404461166352
DBP	VaD	all_ivs	rs4952668	rs4952668	2	43386568	FALSE	0.192	0.018	-0.00824119	0.0251238	113.7777777777778
DBP	VaD	all_ivs	rs2586970	rs2586970	2	55829967	FALSE	0.1493	0.0175	0.00351587	0.0245888	72.78527346938773
DBP	VaD	all_ivs	rs2421200	rs2421200	2	61711815	FALSE	0.1097	0.0173	-0.0184837	0.0246409	40.208794146145884
DBP	VaD	all_ivs	rs1876490	rs1876490	2	73052351	FALSE	0.1364	0.0192	0.0449699	0.0272557	50.46918402777778
DBP	VaD	all_ivs	rs6546810	rs6546810	2	73389716	FALSE	0.12	0.0181	0.0348929	0.0248243	43.95470223741643
DBP	VaD	all_ivs	rs311564	rs311564	2	86293498	FALSE	0.133	0.0183	-0.0073715	0.0256364	52.820329063274514
DBP	VaD	all_ivs	rs62155750	rs62155750	2	96491456	FALSE	0.2177	0.0196	-0.00807389	0.0245184	123.36862244897961
DBP	VaD	all_ivs	rs28377357	rs28377357	2	112769721	FALSE	0.1243	0.019	-0.0170487	0.0245316	42.79914127423823
DBP	VaD	all_ivs	rs62158170	rs62158170	2	114082175	FALSE	0.1645	0.0211	0.0486586	0.0300727	60.780867455807375
DBP	VaD	all_ivs	rs13001283	rs13001283	2	127183454	FALSE	0.1522	0.0239	-0.0376568	0.0355004	40.55398189807601
DBP	VaD	all_ivs	rs4954192	rs4954192	2	135632981	FALSE	0.1225	0.0179	-0.0261534	0.0248272	46.834524515464565
DBP	VaD	all_ivs	rs55944332	rs55944332	2	145726621	FALSE	0.2365	0.0204	-0.0218794	0.0279418	134.40083141099575
DBP	VaD	all_ivs	rs12990959	rs12990959	2	148572160	FALSE	0.1271	0.0187	0.0392124	0.0255739	46.19637393119619
DBP	VaD	all_ivs	rs2444769	rs2444769	2	158494100	FALSE	0.158	0.0219	0.0584263	0.0332492	52.050624465711735
DBP	VaD	all_ivs	rs7572130	rs7572130	2	164460947	FALSE	0.1796	0.0287	0.0194094	0.032015	39.16055797690879
DBP	VaD	all_ivs	rs1446468	rs1446468	2	164963486	FALSE	0.253	0.0174	-0.0406299	0.0250948	211.41828511031844
DBP	VaD	all_ivs	rs75717699	rs75717699	2	179682997	FALSE	0.4667	0.0541	-0.0716877	0.137772	74.4185273386383
DBP	VaD	all_ivs	rs1518460	rs1518460	2	181933689	FALSE	0.1342	0.0189	0.0116594	0.0268203	50.41751350746061
DBP	VaD	all_ivs	rs12693302	rs12693302	2	183211443	FALSE	0.2378	0.0181	-0.0309486	0.0258082	172.61023778272946
DBP	VaD	all_ivs	rs7592578	rs7592578	2	191439591	FALSE	0.1998	0.0224	0.0112397	0.0420463	79.56002869897961
DBP	VaD	all_ivs	rs4673253	rs4673253	2	204120214	FALSE	0.1177	0.0197	0.0300449	0.025216	35.696075652554825
DBP	VaD	all_ivs	rs11692619	rs11692619	2	205084439	FALSE	0.1281	0.0184	0.0324962	0.0246589	48.468838610586005
DBP	VaD	all_ivs	rs1263671	rs1263671	2	207996447	FALSE	0.1394	0.0238	0.0102462	0.0329555	34.306122448979586
DBP	VaD	all_ivs	rs4675682	rs4675682	2	208402750	FALSE	0.1409	0.0173	0.0407439	0.0242319	66.33302148417923
DBP	VaD	all_ivs	rs1035673	rs1035673	2	218675533	FALSE	0.1625	0.0176	-2.64481e-4	0.0245778	85.24744963842974
DBP	VaD	all_ivs	rs13004222	rs13004222	2	219560492	FALSE	0.2944	0.0393	0.00741616	0.0575647	56.11649152794773
DBP	VaD	all_ivs	rs1039897	rs1039897	2	220337196	FALSE	0.1085	0.0183	0.0231236	0.0255193	35.15258741676371
DBP	VaD	all_ivs	rs10804330	rs10804330	2	227185749	FALSE	0.1331	0.0176	0.0309776	0.0245655	57.191406249999986
DBP	VaD	all_ivs	rs1044822	rs1044822	2	230629138	FALSE	0.1334	0.0243	-0.00670538	0.0383296	30.136937120018967
DBP	VaD	all_ivs	rs4507125	rs4507125	2	239864732	FALSE	0.1244	0.0211	-0.0703681	0.0297182	34.75968644010692
DBP	VaD	all_ivs	rs347585	rs347585	3	11286220	FALSE	0.1506	0.0189	0.0276462	0.0260151	63.493071302595126
DBP	VaD	all_ivs	rs1687295	rs1687295	3	14889756	FALSE	0.2061	0.0194	-0.0481056	0.028531	112.8632426400255
DBP	VaD	all_ivs	rs62234672	rs62234672	3	16592069	FALSE	0.1248	0.0229	-0.0262319	0.0331989	29.70012013500886
DBP	VaD	all_ivs	rs2643826	rs2643826	3	27562988	FALSE	0.1857	0.0175	0.0283963	0.0248922	112.60241632653059
DBP	VaD	all_ivs	rs7427249	rs7427249	3	37572489	FALSE	0.1098	0.0176	-0.0107692	0.0245615	38.92058367768595
DBP	VaD	all_ivs	rs3864004	rs3864004	3	41240177	FALSE	0.1004	0.0173	-0.016742	0.024513	33.68024324234021
DBP	VaD	all_ivs	rs6442105	rs6442105	3	48182326	FALSE	0.2485	0.0185	0.0314981	0.0292675	180.4302410518627
DBP	VaD	all_ivs	rs6445590	rs6445590	3	53655932	FALSE	0.1284	0.0174	0.0262354	0.0244008	54.45422116527943
DBP	VaD	all_ivs	rs3772219	rs3772219	3	56771251	FALSE	0.1754	0.0185	0.0123558	0.0269573	89.8908984660336
DBP	VaD	all_ivs	rs1675383	rs1675383	3	57945274	FALSE	0.1488	0.0174	0.054004	0.0247465	73.13198573127228
DBP	VaD	all_ivs	rs3774702	rs3774702	3	63856870	FALSE	0.147	0.0228	0.0250589	0.0378081	41.568559556786695
DBP	VaD	all_ivs	rs6795735	rs6795735	3	64705365	FALSE	0.1438	0.0176	0.00495489	0.0254572	66.75632747933884
DBP	VaD	all_ivs	rs7623706	rs7623706	3	74712754	FALSE	0.0975	0.0176	0.014421	0.0244286	30.689081869834713
DBP	VaD	all_ivs	rs11923343	rs11923343	3	85668570	FALSE	0.1138	0.0181	-0.00217654	0.0271687	39.530050975244954
DBP	VaD	all_ivs	rs11923667	rs11923667	3	101268080	FALSE	0.1175	0.0177	0.00778387	0.0247281	44.068594592869225
DBP	VaD	all_ivs	rs28675079	rs28675079	3	111500002	FALSE	0.1444	0.0222	0.00452613	0.0284476	42.30857884911939
DBP	VaD	all_ivs	rs12152463	rs12152463	3	122100447	FALSE	0.1006	0.0174	-0.0178806	0.0243423	33.42700488836042
DBP	VaD	all_ivs	rs4141663	rs4141663	3	124551967	FALSE	0.1496	0.0175	0.0148924	0.0244928	73.07807346938775
DBP	VaD	all_ivs	rs4077158	rs4077158	3	133942941	FALSE	0.1832	0.0173	-0.028066	0.0243682	112.13953022152428
DBP	VaD	all_ivs	rs9289557	rs9289557	3	138071604	FALSE	0.119	0.0207	0.00238993	0.0307357	33.04861256972158
DBP	VaD	all_ivs	rs6763931	rs6763931	3	141102833	FALSE	0.1383	0.0173	0.0360859	0.0244862	63.907547863276434
DBP	VaD	all_ivs	rs36117336	rs36117336	3	153732232	FALSE	0.147	0.0198	-0.0407096	0.0272222	55.11937557392101
DBP	VaD	all_ivs	rs78809139	rs78809139	3	154674943	FALSE	0.2281	0.0288	0.0564798	0.0431141	62.72860001929013
DBP	VaD	all_ivs	rs78151625	rs78151625	3	158316726	FALSE	0.1869	0.0233	0.00566549	0.0300851	64.3438081379285
DBP	VaD	all_ivs	rs2242338	rs2242338	3	168854925	FALSE	0.3463	0.0331	-0.0150389	0.0497293	109.45837478664855
DBP	VaD	all_ivs	rs223102	rs223102	3	169100755	FALSE	0.2759	0.0173	-0.0529967	0.0246846	254.33796652076578
DBP	VaD	all_ivs	rs7611674	rs7611674	3	179169230	FALSE	0.1576	0.0223	0.0175675	0.0377971	49.94622855878862
DBP	VaD	all_ivs	rs6779368	rs6779368	3	185298868	FALSE	0.1791	0.0184	0.0275392	0.0262778	94.74483104914935
DBP	VaD	all_ivs	rs147501096	rs147501096	3	186180253	FALSE	0.1955	0.0341	-0.0309429	0.0413505	32.86886937676835
DBP	VaD	all_ivs	rs4244200	rs4244200	3	196226059	FALSE	0.1215	0.0193	0.0248897	0.0267006	39.63126526886627
DBP	VaD	all_ivs	rs6777317	rs6777317	3	197070959	FALSE	0.1249	0.0195	0.00876525	0.0258761	41.025667324128854
DBP	VaD	all_ivs	rs61789369	rs61789369	4	2265295	FALSE	0.3039	0.0436	0.0898184	0.0506994	48.58345783183234
DBP	VaD	all_ivs	rs16896276	rs16896276	4	18015156	FALSE	0.1309	0.0198	0.030207	0.0260444	43.70679012345677
DBP	VaD	all_ivs	rs28667801	rs28667801	4	26785356	FALSE	0.1622	0.018	0.0398712	0.0244728	81.20012345679015
DBP	VaD	all_ivs	rs11721984	rs11721984	4	38343935	FALSE	0.1409	0.0177	0.0191622	0.0253308	63.36879568450956
DBP	VaD	all_ivs	rs62301873	rs62301873	4	40603821	FALSE	0.1734	0.0284	-0.0145808	0.0345143	37.27876413410037
DBP	VaD	all_ivs	rs11945489	rs11945489	4	56463775	FALSE	0.1392	0.0192	0.0102063	0.0261255	52.5625
DBP	VaD	all_ivs	rs13152154	rs13152154	4	77417756	FALSE	0.1186	0.0195	0.0138182	0.0268622	36.99134779750164
DBP	VaD	all_ivs	rs12509595	rs12509595	4	81182554	FALSE	0.4972	0.0192	0.0344934	0.0263532	670.5941840277779
DBP	VaD	all_ivs	rs72976750	rs72976750	4	86725684	FALSE	0.1718	0.0251	0.0162302	0.0349722	46.84884366914811
DBP	VaD	all_ivs	rs4699835	rs4699835	4	95329727	FALSE	0.0963	0.0175	-0.0451702	0.0243798	30.281436734693866
DBP	VaD	all_ivs	rs13107325	rs13107325	4	103188709	FALSE	0.6747	0.0339	0.0787104	0.102783	396.11567076513427
DBP	VaD	all_ivs	rs12503341	rs12503341	4	106925311	FALSE	0.2993	0.0462	0.00153266	0.120992	41.96908322557674
DBP	VaD	all_ivs	rs4245929	rs4245929	4	109038407	FALSE	0.12	0.0181	0.00160254	0.024799	43.95470223741643
DBP	VaD	all_ivs	rs13118687	rs13118687	4	111406496	FALSE	0.1496	0.0175	0.0454561	0.0244838	73.07807346938775
DBP	VaD	all_ivs	rs66887589	rs66887589	4	120509279	FALSE	0.161	0.0174	-0.00795429	0.0243685	85.61566917690583
DBP	VaD	all_ivs	rs9286351	rs9286351	4	138441530	FALSE	0.1412	0.0177	4.68186e-4	0.0243944	63.638928788023875
DBP	VaD	all_ivs	rs72719149	rs72719149	4	144043336	FALSE	0.1279	0.0186	0.0117316	0.0270197	47.28410798936295
DBP	VaD	all_ivs	rs13124515	rs13124515	4	145403713	FALSE	0.1052	0.0187	0.00934573	0.0272663	31.64814550030026
DBP	VaD	all_ivs	rs1842896	rs1842896	4	156511459	FALSE	0.158	0.0174	-0.00823594	0.0246369	82.45474963667594
DBP	VaD	all_ivs	rs13139571	rs13139571	4	156645513	FALSE	0.2408	0.0203	-0.00818087	0.0287804	140.70868014268729
DBP	VaD	all_ivs	rs1425486	rs1425486	4	157683685	FALSE	0.1331	0.0187	0.024009	0.0283222	50.660899653979236
DBP	VaD	all_ivs	rs10069690	rs10069690	5	1279790	FALSE	0.1615	0.021	0.015812	0.0266288	59.14342403628117
DBP	VaD	all_ivs	rs4645335	rs4645335	5	3704761	FALSE	0.1142	0.0185	0.0316392	0.0251404	38.105595325054786
DBP	VaD	all_ivs	rs2921604	rs2921604	5	14867948	FALSE	0.096	0.0176	0.0168498	0.0247655	29.752066115702476
DBP	VaD	all_ivs	rs1177764	rs1177764	5	32829975	FALSE	0.3067	0.0177	0.0482761	0.0246453	300.2486194899294
DBP	VaD	all_ivs	rs10941043	rs10941043	5	33194751	FALSE	0.1269	0.019	-0.0119055	0.0267379	44.60833795013852
DBP	VaD	all_ivs	rs7737851	rs7737851	5	42415845	FALSE	0.1256	0.022	-0.0158088	0.0411533	32.593719008264465
DBP	VaD	all_ivs	rs6875967	rs6875967	5	50878292	FALSE	0.1344	0.0181	-0.0188163	0.0255831	55.136778486615164
DBP	VaD	all_ivs	rs10054208	rs10054208	5	55688992	FALSE	0.1187	0.0185	-0.00770585	0.0251649	41.16783053323595
DBP	VaD	all_ivs	rs12515541	rs12515541	5	57095011	FALSE	0.1156	0.0177	-0.0285554	0.0253523	42.65492036132656
DBP	VaD	all_ivs	rs1848510	rs1848510	5	57754005	FALSE	0.1256	0.0181	0.0585639	0.0264295	48.152864686670114
DBP	VaD	all_ivs	rs10062049	rs10062049	5	61553881	FALSE	0.2208	0.0255	0.0420887	0.0345578	74.97522491349483
DBP	VaD	all_ivs	rs2307111	rs2307111	5	75003678	FALSE	0.1742	0.0178	0.0308784	0.0246307	95.77591213230652
DBP	VaD	all_ivs	rs4704514	rs4704514	5	77820081	FALSE	0.1087	0.0193	-0.00462434	0.0265233	31.72082472012671
DBP	VaD	all_ivs	rs62380354	rs62380354	5	89484911	FALSE	0.1825	0.0291	-0.0476342	0.0382074	39.331432080395835
DBP	VaD	all_ivs	rs13355146	rs13355146	5	92023661	FALSE	0.1224	0.0178	-0.00981293	0.0256671	47.28493877035728
DBP	VaD	all_ivs	rs55770741	rs55770741	5	96220087	FALSE	0.1281	0.0175	-0.0156893	0.0248112	53.58239999999998
DBP	VaD	all_ivs	rs1871190	rs1871190	5	97953719	FALSE	0.10780000000000001	0.0186	0.0327856	0.0248181	33.5901260261302
DBP	VaD	all_ivs	rs9326869	rs9326869	5	112349070	FALSE	0.1096	0.02	0.0182846	0.0265455	30.030400000000004
DBP	VaD	all_ivs	rs369625	rs369625	5	122560787	FALSE	0.1053	0.0178	-0.0224212	0.0247966	34.995865421032704
DBP	VaD	all_ivs	rs1582931	rs1582931	5	122657199	FALSE	0.2161	0.0175	0.00778289	0.0244008	152.48721632653059
DBP	VaD	all_ivs	rs17677603	rs17677603	5	127857493	FALSE	0.2	0.0178	-0.0341581	0.0258259	126.24668602449188
DBP	VaD	all_ivs	rs55747751	rs55747751	5	132397351	FALSE	0.2239	0.0331	-9.67493e-4	0.0528586	45.75643705333103
DBP	VaD	all_ivs	rs4912840	rs4912840	5	141662480	FALSE	0.1485	0.0245	2.72169e-4	0.0307502	36.73844231570178
DBP	VaD	all_ivs	rs3776299	rs3776299	5	142507651	FALSE	0.1266	0.0175	-0.00641501	0.0244435	52.33488979591835
DBP	VaD	all_ivs	rs78909293	rs78909293	5	148335250	FALSE	0.321	0.0429	-0.0457074	0.0870653	55.98806787617976
DBP	VaD	all_ivs	rs3117736	rs3117736	5	157462999	FALSE	0.2374	0.0196	0.0738539	0.0290527	146.7064764681383
DBP	VaD	all_ivs	rs11960210	rs11960210	5	157817634	FALSE	0.2474	0.018	2.38337e-4	0.0256172	188.90975308641978
DBP	VaD	all_ivs	rs13358657	rs13358657	5	157938070	FALSE	0.224	0.0255	0.0127265	0.0372649	77.16416762783547
DBP	VaD	all_ivs	rs6556384	rs6556384	5	158418952	FALSE	0.152	0.0221	0.0488271	0.0309782	47.30451874449744
DBP	VaD	all_ivs	rs114503346	rs114503346	5	172192350	FALSE	0.2678	0.0426	-0.0269655	0.0711688	39.518636073089546
DBP	VaD	all_ivs	rs55993676	rs55993676	5	173303392	FALSE	0.2097	0.0191	0.0171983	0.024953	120.53970560017545
DBP	VaD	all_ivs	rs2569882	rs2569882	6	1620147	FALSE	0.1199	0.0182	0.0417522	0.0252502	43.4005856780582
DBP	VaD	all_ivs	rs9406076	rs9406076	6	8023804	FALSE	0.101	0.0185	-0.0083789	0.0250623	29.805697589481376
DBP	VaD	all_ivs	rs35261542	rs35261542	6	20675792	FALSE	0.1196	0.0195	0.00497934	0.0258514	37.617777777777775
DBP	VaD	all_ivs	rs6934891	rs6934891	6	22139729	FALSE	0.1275	0.0177	0.0567176	0.0246185	51.888825050272914
DBP	VaD	all_ivs	rs2744133	rs2744133	6	22392260	FALSE	0.1435	0.0193	2.09233e-4	0.0273035	55.28269215280945
DBP	VaD	all_ivs	rs9467545	rs9467545	6	25638464	FALSE	0.2545	0.0237	-0.0371534	0.0348018	115.31316206448399
DBP	VaD	all_ivs	rs198851	rs198851	6	26104632	FALSE	0.3889	0.0244	0.0683533	0.0391012	254.0365661112604
DBP	VaD	all_ivs	rs1265157	rs1265157	6	31142265	FALSE	0.1444	0.0187	0.0142529	0.0254585	59.62812777031084
DBP	VaD	all_ivs	rs440454	rs440454	6	31927342	FALSE	0.2602	0.0192	-0.00619331	0.0270978	183.65896267361111
DBP	VaD	all_ivs	rs115447786	rs115447786	6	34354073	FALSE	0.2904	0.0455	-0.115024	0.0810998	40.735254196353104
DBP	VaD	all_ivs	rs6905288	rs6905288	6	43758873	FALSE	0.1759	0.0179	0.0563766	0.0247046	96.56630567085922
DBP	VaD	all_ivs	rs881858	rs881858	6	43806609	FALSE	0.1553	0.0191	-0.0277346	0.0263173	66.1113730435021
DBP	VaD	all_ivs	rs2397060	rs2397060	6	51611470	FALSE	0.161	0.0251	-0.0264037	0.0325634	41.14379136839097
DBP	VaD	all_ivs	rs1114347	rs1114347	6	51834297	FALSE	0.1792	0.0173	0.0181144	0.0245722	107.2960673594173
DBP	VaD	all_ivs	rs62413546	rs62413546	6	56012664	FALSE	0.1877	0.032	0.0310475	0.0366912	34.405556640624994
DBP	VaD	all_ivs	rs504691	rs504691	6	72206620	FALSE	0.1177	0.0177	0.0296977	0.0247864	44.21874301765137
DBP	VaD	all_ivs	rs1984195	rs1984195	6	79657391	FALSE	0.1736	0.0173	-0.00539095	0.0245107	100.6948444652344
DBP	VaD	all_ivs	rs16875357	rs16875357	6	85652904	FALSE	0.1205	0.0203	-0.0276593	0.0282305	35.2356281394841
DBP	VaD	all_ivs	rs3798293	rs3798293	6	97033370	FALSE	0.1328	0.021	0.0186981	0.0314297	39.99056689342403
DBP	VaD	all_ivs	rs72613227	rs72613227	6	106320771	FALSE	0.1884	0.0285	-0.0528827	0.0378224	43.69905817174515
DBP	VaD	all_ivs	rs7767235	rs7767235	6	116185900	FALSE	0.1181	0.0182	-0.0360353	0.0296808	42.10726361550536
DBP	VaD	all_ivs	rs509067	rs509067	6	117462040	FALSE	0.1436	0.0175	-0.00311291	0.0248345	67.33374693877549
DBP	VaD	all_ivs	rs11153730	rs11153730	6	118667522	FALSE	0.1551	0.0173	0.00810217	0.0244704	80.37692539008987
DBP	VaD	all_ivs	rs76785130	rs76785130	6	121813835	FALSE	0.4285	0.0662	0.160057	0.169048	41.89726499393032
DBP	VaD	all_ivs	rs13215166	rs13215166	6	127164360	FALSE	0.3094	0.0174	0.0132687	0.0243232	316.1856255780156
DBP	VaD	all_ivs	rs9399137	rs9399137	6	135419018	FALSE	0.1148	0.0197	0.0356607	0.025819	33.95872091525162
DBP	VaD	all_ivs	rs636202	rs636202	6	139843583	FALSE	0.1023	0.0174	0.00444423	0.0243414	34.56629013079667
DBP	VaD	all_ivs	rs9791312	rs9791312	6	143142313	FALSE	0.1225	0.0184	-0.0161263	0.0255948	44.32375354442344
DBP	VaD	all_ivs	rs62434124	rs62434124	6	150999751	FALSE	0.4853	0.0338	-0.0459101	0.0395831	206.15182416582056
DBP	VaD	all_ivs	rs9478282	rs9478282	6	152398669	FALSE	0.1994	0.0279	0.0603388	0.0312512	51.07894297349725
DBP	VaD	all_ivs	rs9365555	rs9365555	6	163757127	FALSE	0.1254	0.0187	0.00888488	0.0267953	44.96885813148789
DBP	VaD	all_ivs	rs11961593	rs11961593	6	166164137	FALSE	0.3158	0.0349	0.0129979	0.0485423	81.87916355366542
DBP	VaD	all_ivs	rs1322639	rs1322639	6	169587103	FALSE	0.1584	0.0209	-0.0208708	0.0275701	57.44044321329642
DBP	VaD	all_ivs	rs73033340	rs73033340	7	1195692	FALSE	0.5312	0.0525	0.0662652	0.0435634	102.37585124716553
DBP	VaD	all_ivs	rs6959688	rs6959688	7	1966831	FALSE	0.1269	0.0178	0.0378065	0.0249959	50.825684888271695
DBP	VaD	all_ivs	rs2906152	rs2906152	7	2523003	FALSE	0.1873	0.0181	0.00237351	0.0261166	107.0824761148927
DBP	VaD	all_ivs	rs5010183	rs5010183	7	7286198	FALSE	0.1195	0.018	-0.0291026	0.0253493	44.07484567901235
DBP	VaD	all_ivs	rs13240040	rs13240040	7	14375977	FALSE	0.1186	0.019	0.0281318	0.026455	38.963878116343494
DBP	VaD	all_ivs	rs17432462	rs17432462	7	18548613	FALSE	0.1036	0.0179	-0.0238961	0.0253678	33.497581224056674
DBP	VaD	all_ivs	rs4507656	rs4507656	7	22156538	FALSE	0.1487	0.0199	-0.0404053	0.0252109	55.83619100527764
DBP	VaD	all_ivs	rs4722548	rs4722548	7	25961519	FALSE	0.1346	0.0176	0.0253004	0.0250821	58.48773243801652
DBP	VaD	all_ivs	rs3735533	rs3735533	7	27245893	FALSE	0.487	0.0331	0.00844264	0.0413492	216.47210229917582
DBP	VaD	all_ivs	rs6961048	rs6961048	7	27328187	FALSE	0.2729	0.0286	0.0237302	0.0356575	91.04896327448775
DBP	VaD	all_ivs	rs342977	rs342977	7	35459888	FALSE	0.1577	0.0205	0.00398819	0.0329714	59.17737061273051
DBP	VaD	all_ivs	rs2854746	rs2854746	7	45960645	FALSE	0.113	0.018	-0.0490591	0.0255361	39.4104938271605
DBP	VaD	all_ivs	rs17454517	rs17454517	7	50915776	FALSE	0.1216	0.0174	-0.00500832	0.0247317	48.83921257761924
DBP	VaD	all_ivs	rs1178979	rs1178979	7	72856430	FALSE	0.1504	0.0221	0.011367499999999999	0.0318469	46.31387563727196
DBP	VaD	all_ivs	rs3807101	rs3807101	7	80393418	FALSE	0.1743	0.0265	-0.0154234	0.0350792	43.26164471342116
DBP	VaD	all_ivs	rs1449596	rs1449596	7	96395096	FALSE	0.1085	0.0181	-0.0399665	0.025201	35.93373218155734
DBP	VaD	all_ivs	rs7788746	rs7788746	7	99612405	FALSE	0.1644	0.0183	0.0133447	0.0259413	80.70518677774793
DBP	VaD	all_ivs	rs4556017	rs4556017	7	100632790	FALSE	0.1601	0.0247	-0.0147946	0.0319963	42.013489812978406
DBP	VaD	all_ivs	rs2191046	rs2191046	7	107834075	FALSE	0.1184	0.0197	-0.0292459	0.0277293	36.12193048004329
DBP	VaD	all_ivs	rs11556924	rs11556924	7	129663496	FALSE	0.181	0.0181	-0.0220758	0.0259529	99.99999999999997
DBP	VaD	all_ivs	rs13237249	rs13237249	7	131151783	FALSE	0.1366	0.0177	0.0199764	0.0247465	59.560024258674076
DBP	VaD	all_ivs	rs75511781	rs75511781	7	131323710	FALSE	0.3721	0.047	-0.00592185	0.0458504	62.67922589406972
DBP	VaD	all_ivs	rs7800558	rs7800558	7	140242661	FALSE	0.096	0.0175	0.0252695	0.0245774	30.093061224489787
DBP	VaD	all_ivs	rs1044608	rs1044608	7	150502016	FALSE	0.2018	0.0339	-0.0301417	0.0365922	35.43585593581678
DBP	VaD	all_ivs	rs3918226	rs3918226	7	150690176	FALSE	0.6117	0.0329	-0.00694244	0.0480354	345.688685433431
DBP	VaD	all_ivs	rs4726006	rs4726006	7	150878803	FALSE	0.1339	0.02	-0.0186132	0.0294047	44.823024999999994
DBP	VaD	all_ivs	rs6464165	rs6464165	7	151413124	FALSE	0.217	0.0195	0.00699674	0.0290602	123.83694937541091
DBP	VaD	all_ivs	rs9638084	rs9638084	7	156311745	FALSE	0.1154	0.0178	0.00150043	0.0243452	42.03118293144805
DBP	VaD	all_ivs	rs2442618	rs2442618	8	6379832	FALSE	0.1315	0.0177	-0.0125874	0.0246628	55.19566535797504
DBP	VaD	all_ivs	rs35091929	rs35091929	8	10693492	FALSE	0.1828	0.0177	0.0548461	0.0245105	106.6610488684605
DBP	VaD	all_ivs	rs62503324	rs62503324	8	23400615	FALSE	0.2033	0.0204	0.0264027	0.02762	99.31490292195308
DBP	VaD	all_ivs	rs951914	rs951914	8	25878995	FALSE	0.1904	0.0193	-0.0392308	0.0256554	97.32384762007032
DBP	VaD	all_ivs	rs17832905	rs17832905	8	26038759	FALSE	0.1923	0.0346	-0.0260961	0.0495234	30.889179391225902
DBP	VaD	all_ivs	rs17321041	rs17321041	8	26445194	FALSE	0.2313	0.0363	0.00699724	0.0499707	40.601120142066804
DBP	VaD	all_ivs	rs1906672	rs1906672	8	38130025	FALSE	0.1402	0.0205	0.011191	0.0317985	46.77225461035097
DBP	VaD	all_ivs	rs10087280	rs10087280	8	49391836	FALSE	0.1381	0.0232	-0.0277961	0.0352004	35.43328255053509
DBP	VaD	all_ivs	rs4873492	rs4873492	8	51947549	FALSE	0.1401	0.0231	0.00437039	0.0329486	36.78343734187891
DBP	VaD	all_ivs	rs11778153	rs11778153	8	64503942	FALSE	0.1192	0.0182	-0.0541722	0.0288136	42.895302499698104
DBP	VaD	all_ivs	rs6983239	rs6983239	8	72507296	FALSE	0.1159	0.0211	-0.0168685	0.0313061	30.17185148581568
DBP	VaD	all_ivs	rs148401029	rs148401029	8	81386066	FALSE	0.3122	0.0486	-0.0299714	0.0756067	41.26608409964605
DBP	VaD	all_ivs	rs56345595	rs56345595	8	82814156	FALSE	0.1329	0.0177	0.0184885	0.0244908	56.37719046251077
DBP	VaD	all_ivs	rs73276406	rs73276406	8	96021760	FALSE	0.1564	0.0246	-0.00531671	0.0328495	40.42064908453963
DBP	VaD	all_ivs	rs2978098	rs2978098	8	101676675	FALSE	0.1548	0.0176	0.0302737	0.0245569	77.36002066115702
DBP	VaD	all_ivs	rs142449193	rs142449193	8	102750597	FALSE	0.2573	0.0426	0.031316	0.0823435	36.480465736516116
DBP	VaD	all_ivs	rs2957468	rs2957468	8	106325360	FALSE	0.1377	0.0185	0.00492725	0.0286916	55.4018699780862
DBP	VaD	all_ivs	rs722783	rs722783	8	120442287	FALSE	0.2093	0.0208	-0.016324	0.0323938	101.25390625000004
DBP	VaD	all_ivs	rs9918907	rs9918907	8	124816862	FALSE	0.1188	0.021	0.0508496	0.0299163	32.003265306122444
DBP	VaD	all_ivs	rs7012891	rs7012891	8	126514676	FALSE	0.1391	0.0205	0.012462	0.0318139	46.04118976799524
DBP	VaD	all_ivs	rs4909314	rs4909314	8	135623798	FALSE	0.1339	0.0177	0.0108456	0.0243039	57.228797599668034
DBP	VaD	all_ivs	rs4074812	rs4074812	8	141883529	FALSE	0.1336	0.0175	5.14333e-4	0.0244123	58.282318367346925
DBP	VaD	all_ivs	rs3802230	rs3802230	8	143992864	FALSE	0.1605	0.0174	0.0261869	0.0246415	85.08472057074913
DBP	VaD	all_ivs	rs12337056	rs12337056	9	628670	FALSE	0.1364	0.0228	0.054839	0.0342102	35.78978147122191
DBP	VaD	all_ivs	rs12216886	rs12216886	9	2493751	FALSE	0.1292	0.0221	-0.0326034	0.0314728	34.1775147928994
DBP	VaD	all_ivs	rs1332812	rs1332812	9	9350986	FALSE	0.1145	0.0181	-0.0459972	0.0263722	40.017856597783954
DBP	VaD	all_ivs	rs4615669	rs4615669	9	21818674	FALSE	0.114	0.0174	0.0205546	0.024475	42.92508917954817
DBP	VaD	all_ivs	rs1243876	rs1243876	9	35693104	FALSE	0.1063	0.019	-0.0024233	0.026344	31.30108033240998
DBP	VaD	all_ivs	rs76452347	rs76452347	9	35906471	FALSE	0.2246	0.0229	0.0352063	0.0320403	96.19412291909
DBP	VaD	all_ivs	rs11141731	rs11141731	9	89888472	FALSE	0.1258	0.0207	-0.0187113	0.029495	36.9335107003664
DBP	VaD	all_ivs	rs4743021	rs4743021	9	109414561	FALSE	0.108	0.0194	0.0283658	0.0257982	30.991603783611435
DBP	VaD	all_ivs	rs10980408	rs10980408	9	113249071	FALSE	0.3745	0.0477	0.065796	0.107098	61.64060405486773
DBP	VaD	all_ivs	rs10759697	rs10759697	9	117172307	FALSE	0.1308	0.0173	0.0261974	0.0243428	57.16408834241038
DBP	VaD	all_ivs	rs2133386	rs2133386	9	128173838	FALSE	0.1322	0.0176	0.00189709	0.0244521	56.420583677685954
DBP	VaD	all_ivs	rs507666	rs992108547	9	136149399	FALSE	0.2854	0.0223	-0.00512568	0.0304787	163.79408393492727
DBP	VaD	all_ivs	rs6271	rs6271	9	136522274	FALSE	0.4313	0.0352	0.0147511	0.0490199	150.13211034349172
DBP	VaD	all_ivs	rs11145807	rs11145807	9	139520789	FALSE	0.155	0.0184	0.0314122	0.0249541	70.96231096408319
DBP	VaD	all_ivs	rs11252324	rs11252324	10	4124568	FALSE	0.2339	0.0328	0.074532	0.0553159	50.85255242415227
DBP	VaD	all_ivs	rs6602177	rs6602177	10	17167141	FALSE	0.1203	0.0207	-0.0375026	0.0268346	33.77462717916404
DBP	VaD	all_ivs	rs1623474	rs1623474	10	18471794	FALSE	0.2234	0.0184	-0.012326	0.0261541	147.4112712665406
DBP	VaD	all_ivs	rs12258967	rs12258967	10	18727959	FALSE	0.354	0.0193	0.0488417	0.029443	336.4278235657332
DBP	VaD	all_ivs	rs11596400	rs11596400	10	28245420	FALSE	0.1278	0.0174	0.00683133	0.0246941	53.94649227110583
DBP	VaD	all_ivs	rs1265842	rs1265842	10	28924901	FALSE	0.1113	0.0174	-0.0349987	0.024838	40.91587395957195
DBP	VaD	all_ivs	rs2487926	rs2487926	10	30300787	FALSE	0.0972	0.0176	-0.0255981	0.0248042	30.500516528925615
DBP	VaD	all_ivs	rs3006583	rs3006583	10	31280845	FALSE	0.1303	0.0222	0.0338848	0.0386863	34.44949679409138
DBP	VaD	all_ivs	rs4948643	rs4948643	10	45379759	FALSE	0.1591	0.0194	0.00216006	0.025441	67.25690827930704
DBP	VaD	all_ivs	rs72831343	rs72831343	10	63515681	FALSE	0.4936	0.0248	0.0480698	0.0401624	396.13839750260144
DBP	VaD	all_ivs	rs2236295	rs2236295	10	64564892	FALSE	0.207	0.0177	-0.0106164	0.0253553	136.771042803792
DBP	VaD	all_ivs	rs35506078	rs35506078	10	65210552	FALSE	0.1348	0.0183	-0.0209052	0.0255492	54.2597270745618
DBP	VaD	all_ivs	rs12247028	rs12247028	10	75410052	FALSE	0.1396	0.0188	-0.0702948	0.0247032	55.13852421910367
DBP	VaD	all_ivs	rs11187838	rs11187838	10	96038686	FALSE	0.2781	0.0174	0.00387505	0.025787	255.44857312722954
DBP	VaD	all_ivs	rs1006545	rs1006545	10	102553647	FALSE	0.3633	0.0275	0.0548026	0.0505951	174.52811900826447
DBP	VaD	all_ivs	rs11190746	rs11190746	10	102663565	FALSE	0.11	0.0175	0.0495779	0.0245491	39.51020408163265
DBP	VaD	all_ivs	rs12414028	rs12414028	10	104957629	FALSE	0.5141	0.0313	-0.0383754	0.0427859	269.7780012044626
DBP	VaD	all_ivs	rs4918065	rs4918065	10	105617578	FALSE	0.1327	0.0201	0.0332653	0.02598	43.586272617014444
DBP	VaD	all_ivs	rs117464403	rs117464403	10	107158054	FALSE	0.4537	0.0682	-0.186345	0.0811639	44.255658706065475
DBP	VaD	all_ivs	rs2484294	rs2484294	10	115792062	FALSE	0.3165	0.0196	0.0209636	0.0279838	260.7565857975844
DBP	VaD	all_ivs	rs72842207	rs72842207	10	121433675	FALSE	0.2112	0.0211	-0.00304233	0.0293352	100.18966330495722
DBP	VaD	all_ivs	rs11592107	rs11592107	10	122968964	FALSE	0.1203	0.0187	0.0170992	0.0267642	41.385484286081955
DBP	VaD	all_ivs	rs10490923	rs10490923	10	124214251	FALSE	0.1533	0.0262	0.0439711	0.0426869	34.23589825767728
DBP	VaD	all_ivs	rs9419374	rs9419374	10	133729749	FALSE	0.1164	0.0185	0.0116675	0.0248834	39.587903579254935
DBP	VaD	all_ivs	rs1133400	rs1133400	10	134459388	FALSE	0.1318	0.0215	-0.0293559	0.0323854	37.579751216873994
DBP	VaD	all_ivs	rs28570096	rs28570096	11	1616088	FALSE	0.1396	0.0188	0.0113664	0.027282	55.13852421910367
DBP	VaD	all_ivs	rs79889784	rs79889784	11	1702117	FALSE	0.3941	0.0717	0.0265297	0.147333	30.211657903592567
DBP	VaD	all_ivs	rs569550	rs569550	11	1887068	FALSE	0.2688	0.0181	0.0168226	0.024684	220.54711394646066
DBP	VaD	all_ivs	rs147081004	rs147081004	11	1919980	FALSE	0.1411	0.0257	-0.0131009	0.0335348	30.143090735665947
DBP	VaD	all_ivs	rs360153	rs360153	11	9762274	FALSE	0.2198	0.0175	-0.0139211	0.0263648	157.75359999999998
DBP	VaD	all_ivs	rs7107711	rs7107711	11	13255538	FALSE	0.1263	0.021	-5.08333e-4	0.0292639	36.171632653061216
DBP	VaD	all_ivs	rs4756782	rs4756782	11	14254606	FALSE	0.1551	0.0234	-0.00910099	0.031447	43.93310322156476
DBP	VaD	all_ivs	rs10832586	rs10832586	11	16304089	FALSE	0.3083	0.0216	-0.0134142	0.0340555	203.72275805898494
DBP	VaD	all_ivs	rs7926335	rs7926335	11	16917869	FALSE	0.1804	0.0195	0.0120148	0.0281605	85.58621959237345
DBP	VaD	all_ivs	rs10500932	rs10500932	11	22501446	FALSE	0.2784	0.0333	0.024312	0.039377	69.89562535508479
DBP	VaD	all_ivs	rs962369	rs962369	11	27734420	FALSE	0.1684	0.0189	0.0324291	0.0258575	79.38904285994232
DBP	VaD	all_ivs	rs7933758	rs7933758	11	31000774	FALSE	0.1138	0.0191	0.0110586	0.0266461	35.49913653682739
DBP	VaD	all_ivs	rs10838702	rs10838702	11	47410888	FALSE	0.2375	0.0178	0.0173529	0.0267224	178.02755333922485
DBP	VaD	all_ivs	rs751984	rs751984	11	61278246	FALSE	0.3937	0.0275	0.0033237	0.032448	204.95826776859505
DBP	VaD	all_ivs	rs35927325	rs35927325	11	63882495	FALSE	0.2221	0.0364	-0.0264689	0.0416866	37.23011260717304
DBP	VaD	all_ivs	rs2306363	rs2306363	11	65405600	FALSE	0.2643	0.0216	-0.00757917	0.032876	149.72241512345673
DBP	VaD	all_ivs	rs11228613	rs11228613	11	69068492	FALSE	0.1741	0.0212	0.0335824	0.0275157	67.44128248487006
DBP	VaD	all_ivs	rs504217	rs504217	11	72006086	FALSE	0.2745	0.0335	-0.0265831	0.0399751	67.14212519492092
DBP	VaD	all_ivs	rs7115331	rs7115331	11	76218590	FALSE	0.1266	0.0192	-0.00848363	0.0280459	43.4775390625
DBP	VaD	all_ivs	rs11021221	rs11021221	11	95308854	FALSE	0.1877	0.0233	0.0257477	0.0335904	64.8958168321391
DBP	VaD	all_ivs	rs61909958	rs61909958	11	96151677	FALSE	0.1275	0.0228	0.0101609	0.0360329	31.271641274238227
DBP	VaD	all_ivs	rs604723	rs604723	11	100610546	FALSE	0.3848	0.0194	0.0312751	0.0277517	393.4292698480177
DBP	VaD	all_ivs	rs66682451	rs66682451	11	107097540	FALSE	0.1348	0.0194	-0.0242491	0.0305519	48.28100754596663
DBP	VaD	all_ivs	rs7106104	rs7106104	11	111635655	FALSE	0.1186	0.0193	0.0124034	0.0273454	37.76198018738758
DBP	VaD	all_ivs	rs12790943	rs12790943	11	120058623	FALSE	0.1002	0.0175	0.0196752	0.0251744	32.783804081632645
DBP	VaD	all_ivs	rs12574332	rs12574332	11	122521123	FALSE	0.2072	0.0266	0.0553901	0.0341503	60.67590027700832
DBP	VaD	all_ivs	rs4936099	rs4936099	11	130280725	FALSE	0.1745	0.0178	-0.0049364	0.0249844	96.10607877793205
DBP	VaD	all_ivs	rs55935819	rs55935819	12	2521579	FALSE	0.1271	0.0181	0.0130806	0.0252494	49.30988065077376
DBP	VaD	all_ivs	rs7971147	rs7971147	12	19669330	FALSE	0.1187	0.0177	-0.0486456	0.0243795	44.97331545852085
DBP	VaD	all_ivs	rs4306343	rs4306343	12	20190630	FALSE	0.317	0.0193	0.0248262	0.0313356	269.77636983543175
DBP	VaD	all_ivs	rs6487076	rs6487076	12	20470857	FALSE	0.174	0.0209	0.0507555	0.0322933	69.3116000091573
DBP	VaD	all_ivs	rs12229480	rs12229480	12	26472908	FALSE	0.1359	0.0193	0.00184233	0.0273835	49.58202904775966
DBP	VaD	all_ivs	rs1669907	rs1669907	12	42777933	FALSE	0.1158	0.0191	-0.0054776	0.0264649	36.757873961788334
DBP	VaD	all_ivs	rs61917655	rs61917655	12	48210787	FALSE	0.2246	0.0297	-0.0798288	0.0414743	57.18822342391366
DBP	VaD	all_ivs	rs7967705	rs7967705	12	50511408	FALSE	0.2694	0.0178	-0.0205124	0.0252324	229.06312334301222
DBP	VaD	all_ivs	rs7306947	rs7306947	12	53385046	FALSE	0.205	0.0342	-0.00202111	0.0533993	35.929858759960325
DBP	VaD	all_ivs	rs6580970	rs6580970	12	54434277	FALSE	0.1661	0.0191	0.0621336	0.0249509	75.62624379814152
DBP	VaD	all_ivs	rs6581101	rs6581101	12	57136374	FALSE	0.1261	0.0179	-0.0255864	0.0253705	49.62769576480134
DBP	VaD	all_ivs	rs7959649	rs7959649	12	67783108	FALSE	0.1166	0.0202	-0.0274652	0.0284391	33.31918439368689
DBP	VaD	all_ivs	rs521033	rs521033	12	69951428	FALSE	0.1802	0.0253	-0.00517714	0.0417281	50.730428533487476
DBP	VaD	all_ivs	rs710698	rs710698	12	70369918	FALSE	0.1059	0.0176	-0.00169383	0.02566	36.20483600206611
DBP	VaD	all_ivs	rs2681485	rs2681485	12	90025622	FALSE	0.2945	0.0176	0.0594585	0.0268519	279.99176782024784
DBP	VaD	all_ivs	rs11112548	rs11112548	12	105871914	FALSE	0.2742	0.0443	0.037085	0.0573782	38.311349357194175
DBP	VaD	all_ivs	rs116063464	rs116063464	12	109860182	FALSE	0.2017	0.0369	0.0755969	0.0609729	29.878518812288387
DBP	VaD	all_ivs	rs7137828	rs7137828	12	111932800	FALSE	0.5027	0.0176	-0.00463427	0.0247596	815.81640625
DBP	VaD	all_ivs	rs35443	rs35443	12	115552878	FALSE	0.2661	0.0178	0.0242868	0.0253014	223.48570256280775
DBP	VaD	all_ivs	rs6490019	rs6490019	12	115920472	FALSE	0.1778	0.0178	0.0505449	0.0265269	99.77540714556244
DBP	VaD	all_ivs	rs1790123	rs1790123	12	123659542	FALSE	0.1991	0.0218	0.0100088	0.0321619	83.41219173470247
DBP	VaD	all_ivs	rs2271139	rs2271139	12	124839540	FALSE	0.1247	0.0192	-0.052237	0.0255641	42.18231879340279
DBP	VaD	all_ivs	rs682681	rs682681	13	22294062	FALSE	0.1454	0.0185	-0.00944373	0.0251157	61.77110299488679
DBP	VaD	all_ivs	rs61948065	rs61948065	13	25255052	FALSE	0.1737	0.027	0.0198939	0.0367478	41.38777777777778
DBP	VaD	all_ivs	rs9508495	rs9508495	13	30146201	FALSE	0.1944	0.0204	-0.0305443	0.0253892	90.80968858131484
DBP	VaD	all_ivs	rs56256111	rs56256111	13	41478963	FALSE	0.1926	0.0263	-0.0683568	0.0333608	53.629169136462856
DBP	VaD	all_ivs	rs7992292	rs7992292	13	41968013	FALSE	0.1367	0.0231	0.0652894	0.0342514	35.01975225351848
DBP	VaD	all_ivs	rs9526707	rs9526707	13	51489186	FALSE	0.1217	0.0186	0.0388114	0.0261296	42.81098970979305
DBP	VaD	all_ivs	rs9563529	rs9563529	13	58316637	FALSE	0.1222	0.0215	0.0271901	0.0287704	32.30468361276366
DBP	VaD	all_ivs	rs3861113	rs3861113	13	72364382	FALSE	0.2126	0.0322	0.0406647	0.0412123	43.59280120365727
DBP	VaD	all_ivs	rs12866098	rs12866098	13	73119617	FALSE	0.1033	0.0186	-0.00816275	0.0266612	30.844288357035506
DBP	VaD	all_ivs	rs1215469	rs1215469	13	80707408	FALSE	0.1383	0.0211	-0.00620824	0.032131	42.96150131398666
DBP	VaD	all_ivs	rs55684003	rs55684003	13	97988689	FALSE	0.122	0.0189	0.0126475	0.0287749	41.6673665350914
DBP	VaD	all_ivs	rs675605	rs675605	13	110873556	FALSE	0.1205	0.0196	0.0769301	0.0284515	37.79740212411495
DBP	VaD	all_ivs	rs7990017	rs7990017	13	110959705	FALSE	0.1039	0.0185	0.0416748	0.0245687	31.541884587290003
DBP	VaD	all_ivs	rs7491960	rs7491960	13	114470370	FALSE	0.1288	0.018	-0.0357504	0.0244863	51.20197530864198
DBP	VaD	all_ivs	rs7321688	rs7321688	13	115000365	FALSE	0.1507	0.0205	0.00107947	0.0288068	54.04042831647828
DBP	VaD	all_ivs	rs7350752	rs7350752	14	21841154	FALSE	0.1504	0.0268	0.0717627	0.0367695	31.49387391401203
DBP	VaD	all_ivs	rs17880989	rs17880989	14	23313633	FALSE	0.4014	0.0591	-0.0677552	0.0786573	46.12960911128861
DBP	VaD	all_ivs	rs1950500	rs1950500	14	24830850	FALSE	0.1396	0.019	-0.00358973	0.0269912	53.98382271468145
DBP	VaD	all_ivs	rs4424827	rs4424827	14	35110857	FALSE	0.0981	0.0175	0.00430052	0.0254573	31.424032653061225
DBP	VaD	all_ivs	rs7155504	rs7155504	14	36158828	FALSE	0.2286	0.0317	0.0637338	0.0669348	52.00366209236832
DBP	VaD	all_ivs	rs72683923	rs72683923	14	50735947	FALSE	0.5325	0.0635	0.0945391	0.115154	70.32209064418127
DBP	VaD	all_ivs	rs35413927	rs35413927	14	53420358	FALSE	0.1274	0.0189	-0.0178571	0.0276054	45.43758573388204
DBP	VaD	all_ivs	rs12148044	rs12148044	14	69214219	FALSE	0.1371	0.023	0.0566682	0.0328988	35.53196597353498
DBP	VaD	all_ivs	rs227426	rs227426	14	70456664	FALSE	0.1119	0.0175	-0.0298998	0.0250463	40.88688979591836
DBP	VaD	all_ivs	rs2239268	rs2239268	14	72469591	FALSE	0.1097	0.019	0.0258869	0.0263583	33.335429362880895
DBP	VaD	all_ivs	rs4903064	rs4903064	14	73279420	FALSE	0.1543	0.0206	0.0165466	0.0326667	56.10446319162974
DBP	VaD	all_ivs	rs8014182	rs8014182	14	103859962	FALSE	0.1942	0.0257	0.0135255	0.0365094	57.09948674468956
DBP	VaD	all_ivs	rs10873612	rs10873612	15	26105602	FALSE	0.1096	0.0179	0.0265552	0.0257332	37.48996598108673
DBP	VaD	all_ivs	rs11070245	rs11070245	15	40317792	FALSE	0.1287	0.0174	-0.0188835	0.0243516	54.70897740784782
DBP	VaD	all_ivs	rs2925345	rs2925345	15	41311799	FALSE	0.189	0.0174	0.0365092	0.0255677	117.98454221165281
DBP	VaD	all_ivs	rs17678552	rs17678552	15	42066190	FALSE	0.1649	0.0182	-0.00171581	0.0249406	82.09156502837821
DBP	VaD	all_ivs	rs7169864	rs7169864	15	53902901	FALSE	0.1132	0.0205	0.00102665	0.0278542	30.491945270672215
DBP	VaD	all_ivs	rs28429256	rs28429256	15	66931617	FALSE	0.1636	0.0188	-0.0251337	0.0249587	75.72702580353099
DBP	VaD	all_ivs	rs2469141	rs2469141	15	66967398	FALSE	0.1351	0.0238	-0.0372316	0.0338558	32.22231833910034
DBP	VaD	all_ivs	rs3743111	rs3743111	15	71587373	FALSE	0.1517	0.0178	-0.0340326	0.0252929	72.63252745865422
DBP	VaD	all_ivs	rs11636952	rs11636952	15	75114322	FALSE	0.3997	0.0189	-0.0314478	0.0250127	447.244170096022
DBP	VaD	all_ivs	rs57708073	rs57708073	15	79066653	FALSE	0.1907	0.0214	-0.00541466	0.0253391	79.40975194340119
DBP	VaD	all_ivs	rs2627313	rs2627313	15	81006712	FALSE	0.151	0.0175	0.0297981	0.0248941	74.45224489795918
DBP	VaD	all_ivs	rs77032376	rs77032376	15	90010780	FALSE	0.173	0.0249	0.0160118	0.0303095	48.27180206770859
DBP	VaD	all_ivs	rs4932373	rs4932373	15	91429287	FALSE	0.3664	0.0189	0.057061	0.0277693	375.8264326306654
DBP	VaD	all_ivs	rs3743369	rs3743369	15	92707569	FALSE	0.104	0.0179	0.0351963	0.0247916	33.75674916513218
DBP	VaD	all_ivs	rs12906962	rs12906962	15	95312071	FALSE	0.2378	0.0188	0.00891868	0.0250185	159.9955862381168
DBP	VaD	all_ivs	rs2589218	rs2589218	15	96785017	FALSE	0.1207	0.0196	0.0297656	0.0291932	37.92297480216577
DBP	VaD	all_ivs	rs12596630	rs12596630	16	2065666	FALSE	0.2606	0.0314	-0.0440665	0.0530584	68.87942715728833
DBP	VaD	all_ivs	rs917522	rs917522	16	4097222	FALSE	0.1665	0.0273	-0.0079391	0.0374805	37.19659461417703
DBP	VaD	all_ivs	rs12446456	rs12446456	16	4922201	FALSE	0.181	0.0175	-0.00192071	0.0248815	106.97469387755099
DBP	VaD	all_ivs	rs77924615	rs77924615	16	20392332	FALSE	0.3163	0.0224	-0.0172626	0.0295991	199.3895288584184
DBP	VaD	all_ivs	rs9937801	rs9937801	16	21088130	FALSE	0.1554	0.0174	0.0265982	0.0250976	79.76337693222358
DBP	VaD	all_ivs	rs80095680	rs80095680	16	30902353	FALSE	0.1566	0.0198	-0.0109396	0.0268774	62.55371900826445
DBP	VaD	all_ivs	rs7192407	rs7192407	16	49783926	FALSE	0.1019	0.0174	-0.00319887	0.0244933	34.29650548289075
DBP	VaD	all_ivs	rs62030049	rs62030049	16	50572709	FALSE	0.1336	0.0209	-0.0500461	0.0261058	40.86206817609487
DBP	VaD	all_ivs	rs9932220	rs9932220	16	51758116	FALSE	0.1591	0.021	0.0414018	0.029297	57.39866213151926
DBP	VaD	all_ivs	rs12919839	rs12919839	16	56859216	FALSE	0.1098	0.0192	-4.32788e-5	0.0257249	32.7041015625
DBP	VaD	all_ivs	rs45474499	rs45474499	16	66914492	FALSE	0.3562	0.0415	0.051441	0.0500749	73.67016402961242
DBP	VaD	all_ivs	rs28544928	rs28544928	16	69329268	FALSE	0.1543	0.0199	0.00185004	0.0286523	60.120931289613885
DBP	VaD	all_ivs	rs12444212	rs12444212	16	71437689	FALSE	0.1291	0.0226	0.0163385	0.0320421	32.63139243480304
DBP	VaD	all_ivs	rs11859505	rs11859505	16	74195719	FALSE	0.1037	0.0181	0.0053538	0.0248913	32.82466957663075
DBP	VaD	all_ivs	rs8046697	rs8046697	16	75442144	FALSE	0.1289	0.0179	0.0134545	0.0246925	51.85609063387535
DBP	VaD	all_ivs	rs12929303	rs12929303	16	81602264	FALSE	0.1572	0.0174	-0.0112042	0.0246904	81.62187871581452
DBP	VaD	all_ivs	rs79286081	rs79286081	16	86555837	FALSE	0.1631	0.0299	0.0659102	0.0609777	29.755383049406603
DBP	VaD	all_ivs	rs908951	rs908951	16	89697625	FALSE	0.1983	0.0181	0.0157284	0.0249557	120.02957785171391
DBP	VaD	all_ivs	rs4362428	rs4362428	17	2090341	FALSE	0.1127	0.0176	0.0428965	0.0250504	41.00364798553718
DBP	VaD	all_ivs	rs12601936	rs12601936	17	7172609	FALSE	0.1429	0.0178	-0.025706	0.0251475	64.45022724403485
DBP	VaD	all_ivs	rs138420351	rs138420351	17	7700063	FALSE	0.5568	0.0854	0.0560963	0.0643087	42.50917846310789
DBP	VaD	all_ivs	rs74439044	rs74439044	17	7781019	FALSE	0.3496	0.0294	-0.0563366	0.0333702	141.39960201767786
DBP	VaD	all_ivs	rs12949537	rs12949537	17	16240488	FALSE	0.1197	0.0177	0.0135221	0.0243892	45.73427176098822
DBP	VaD	all_ivs	rs1043809	rs1043809	17	19239432	FALSE	0.159	0.0223	0.0394864	0.0302601	50.8375394638943
DBP	VaD	all_ivs	rs76954792	rs76954792	17	30033514	FALSE	0.1213	0.0208	-0.00626391	0.0279267	34.00908376479291
DBP	VaD	all_ivs	rs28661492	rs28661492	17	30609932	FALSE	0.1359	0.0222	-0.00165967	0.0288721	37.474251278305324
DBP	VaD	all_ivs	rs2239917	rs2239917	17	43165887	FALSE	0.1731	0.0176	-0.0150853	0.0244736	96.73169550619832
DBP	VaD	all_ivs	rs62064603	rs62064603	17	43484496	FALSE	0.1335	0.0229	0.161697	0.0563691	33.985335901298605
DBP	VaD	all_ivs	rs3916033	rs3916033	17	44889703	FALSE	0.1233	0.0185	0.0248934	0.024446	44.42042366691016
DBP	VaD	all_ivs	rs8081301	rs8081301	17	47039302	FALSE	0.1278	0.0197	0.0591752	0.0279792	42.085186425829065
DBP	VaD	all_ivs	rs9889262	rs9889262	17	47398070	FALSE	0.2283	0.018	0.0252533	0.0246746	160.86694444444444
DBP	VaD	all_ivs	rs3785837	rs3785837	17	59468942	FALSE	0.1453	0.0213	0.0440712	0.0283259	46.53417531794839
DBP	VaD	all_ivs	rs6504163	rs6504163	17	61545779	FALSE	0.1842	0.0183	-0.0540168	0.0249784	101.31577532921256
DBP	VaD	all_ivs	rs1867624	rs1867624	17	62387091	FALSE	0.1412	0.0178	-0.00700191	0.0245762	62.925893195303615
DBP	VaD	all_ivs	rs1436138	rs1436138	17	75316880	FALSE	0.1991	0.0182	0.0290534	0.025592	119.6739826107958
DBP	VaD	all_ivs	rs7217916	rs7217916	17	76769434	FALSE	0.1111	0.0179	-0.0303493	0.0265272	38.52317343403764
DBP	VaD	all_ivs	rs11077961	rs11077961	17	81012749	FALSE	0.1073	0.0186	-0.00148886	0.0246192	33.27925193664008
DBP	VaD	all_ivs	rs7227492	rs7227492	18	772064	FALSE	0.181	0.0227	0.0667026	0.0360562	63.5777911467329
DBP	VaD	all_ivs	rs1903752	rs1903752	18	7129327	FALSE	0.0987	0.0178	-0.00195759	0.0245008	30.746401969448304
DBP	VaD	all_ivs	rs4410190	rs4410190	18	20020200	FALSE	0.1068	0.0176	0.00422488	0.0243278	36.8228305785124
DBP	VaD	all_ivs	rs10164193	rs10164193	18	31161426	FALSE	0.2196	0.0327	0.0609293	0.0530723	45.099234071206126
DBP	VaD	all_ivs	rs11661473	rs11661473	18	42177123	FALSE	0.2007	0.0196	0.0274054	0.0261996	104.85342044981259
DBP	VaD	all_ivs	rs58693787	rs58693787	18	48141710	FALSE	0.1584	0.0202	0.0535516	0.0262769	61.49044211351829
DBP	VaD	all_ivs	rs4102481	rs4102481	18	51774715	FALSE	0.1248	0.019	-3.34475e-4	0.0252141	43.14415512465374
DBP	VaD	all_ivs	rs2062011	rs2062011	18	60876114	FALSE	0.1138	0.0209	0.0282636	0.0257841	29.647764474256544
DBP	VaD	all_ivs	rs4891258	rs4891258	18	72995537	FALSE	0.1159	0.0187	-0.00600465	0.0265591	38.41348051131001
DBP	VaD	all_ivs	rs10424224	rs10424224	19	7240481	FALSE	0.1042	0.0182	0.0203842	0.0267517	32.77877067986958
DBP	VaD	all_ivs	rs7258382	rs7258382	19	7262569	FALSE	0.2624	0.0248	0.0525575	0.0435961	111.95005202913634
DBP	VaD	all_ivs	rs2009733	rs2009733	19	8398714	FALSE	0.1217	0.0176	0.0391566	0.0244276	47.8140818698347
DBP	VaD	all_ivs	rs387865	rs387865	19	11284539	FALSE	0.1059	0.0191	0.0243992	0.0252227	30.741509278802667
DBP	VaD	all_ivs	rs167479	rs167479	19	11526765	FALSE	0.362	0.0188	0.0252988	0.0248679	370.76731552738795
DBP	VaD	all_ivs	rs1077795	rs1077795	19	17222584	FALSE	0.1987	0.0199	0.0155721	0.0296389	99.69871972929974
DBP	VaD	all_ivs	rs72999033	rs72999033	19	19366632	FALSE	0.2793	0.0358	0.0660655	0.0504946	60.866148060297746
DBP	VaD	all_ivs	rs7257694	rs7257694	19	30314666	FALSE	0.1837	0.0178	0.0417646	0.0248386	106.50703825274586
DBP	VaD	all_ivs	rs8108717	rs8108717	19	31911914	FALSE	0.1323	0.0179	-0.00943997	0.0244473	54.62778939483786
DBP	VaD	all_ivs	rs73036520	rs73036520	19	45749484	TRUE	0.1557	0.0202	-0.0425349	0.0267058	59.41204293696697
DBP	VaD	all_ivs	rs2548459	rs2548459	19	49209339	FALSE	0.132	0.0176	0.0337812	0.0247245	56.25
DBP	VaD	all_ivs	rs73046792	rs73046792	19	49605705	FALSE	0.1518	0.0245	0.0433399	0.0387381	38.389404414827155
DBP	VaD	all_ivs	rs6108168	rs6108168	20	8626271	FALSE	0.1901	0.0199	-0.0115116	0.0290932	91.2552965834196
DBP	VaD	all_ivs	rs693974	rs693974	20	10557252	FALSE	0.1847	0.0177	-0.0186493	0.0245388	108.88981454882058
DBP	VaD	all_ivs	rs1327235	rs1327235	20	10969030	FALSE	0.3018	0.0173	0.0237476	0.0245703	304.33105015202653
DBP	VaD	all_ivs	rs6078393	rs6078393	20	11908101	FALSE	0.1205	0.0176	0.0139344	0.0246993	46.87580707644627
DBP	VaD	all_ivs	rs4814837	rs4814837	20	19241680	FALSE	0.1003	0.0184	0.0434336	0.0272206	29.714349007561438
DBP	VaD	all_ivs	rs7265695	rs7265695	20	40043096	FALSE	0.1967	0.0219	-0.00791612	0.0270817	80.67156648109925
DBP	VaD	all_ivs	rs6031431	rs6031431	20	42795152	FALSE	0.1153	0.0175	0.0238671	0.0243406	43.40927346938775
DBP	VaD	all_ivs	rs2598	rs2598	20	47241618	FALSE	0.1387	0.0175	0.0289286	0.0247063	62.81694693877549
DBP	VaD	all_ivs	rs79044887	rs79044887	20	47427831	FALSE	0.2427	0.0245	-0.036566	0.0423401	98.1312619741774
DBP	VaD	all_ivs	rs234623	rs234623	20	57488964	FALSE	0.1191	0.0174	0.0500777	0.0249385	46.851664684898935
DBP	VaD	all_ivs	rs6026739	rs6026739	20	57739469	FALSE	0.5032	0.0266	0.0318202	0.0325481	357.8639832664367
DBP	VaD	all_ivs	rs79208229	rs79208229	20	62516236	FALSE	0.2128	0.0326	0.024206600000000002	0.0311631	42.609657871956045
DBP	VaD	all_ivs	rs35213536	rs35213536	20	62694319	FALSE	0.2044	0.0205	-0.0514723	0.027966	99.41549077929804
DBP	VaD	all_ivs	rs1882961	rs1882961	21	16556367	FALSE	0.1272	0.0188	-0.0325384	0.0251431	45.77818017202354
DBP	VaD	all_ivs	rs1003763	rs1003763	21	40073020	FALSE	0.1484	0.0203	-0.0220951	0.0268658	53.44114149821642
DBP	VaD	all_ivs	rs12627514	rs12627514	21	44759440	FALSE	0.2164	0.0196	-0.0245431	0.02612	121.89962515618495
DBP	VaD	all_ivs	rs5992929	rs5992929	22	18451977	FALSE	0.1684	0.0193	0.0232331	0.0281702	76.13240623909365
DBP	VaD	all_ivs	rs2294239	rs2294239	22	29449477	FALSE	0.1458	0.0176	-0.0352981	0.0249674	68.62616219008267
DBP	VaD	all_ivs	rs5753630	rs5753630	22	31861950	FALSE	0.107	0.0175	0.0243207	0.0245101	37.38448979591836
DBP	VaD	apoe_excluded	rs34645159	rs34645159	1	1724366	FALSE	0.133	0.0174	-0.0195541	0.0243663	58.42581582771834
DBP	VaD	apoe_excluded	rs2493296	rs2493296	1	3327032	FALSE	0.2496	0.0254	-0.0413189	0.0388926	96.56544113088226
DBP	VaD	apoe_excluded	rs488834	rs488834	1	10767902	FALSE	0.1931	0.0208	0.0241885	0.0283469	86.18622873520711
DBP	VaD	apoe_excluded	rs55857306	rs55857306	1	11895795	FALSE	0.5224	0.0235	0.00319827	0.0346526	494.16344047080116
DBP	VaD	apoe_excluded	rs1889785	rs1889785	1	16348729	FALSE	0.1255	0.0174	0.00192562	0.0247536	52.02222882811469
DBP	VaD	apoe_excluded	rs6686889	rs6686889	1	25030470	FALSE	0.1918	0.0199	0.00833845	0.0271441	92.89472488068482
DBP	VaD	apoe_excluded	rs12728150	rs12728150	1	27268737	FALSE	0.2045	0.0318	-0.0243771	0.0458569	41.35541513389501
DBP	VaD	apoe_excluded	rs2146315	rs2146315	1	42050366	FALSE	0.1197	0.0205	0.0103311	0.0264297	34.09420582986318
DBP	VaD	apoe_excluded	rs839759	rs839759	1	43863460	FALSE	0.1505	0.0175	0.00365513	0.0248798	73.96
DBP	VaD	apoe_excluded	rs4926901	rs4926901	1	48025824	FALSE	0.0984	0.018	0.0673849	0.0263295	29.884444444444444
DBP	VaD	apoe_excluded	rs10493127	rs10493127	1	48114417	FALSE	0.1853	0.0307	0.0209723	0.0479351	36.43125125996031
DBP	VaD	apoe_excluded	rs61772592	rs61772592	1	56979681	FALSE	0.1509	0.0261	-0.031279	0.0325964	33.427004888360415
DBP	VaD	apoe_excluded	rs10493408	rs10493408	1	66992054	FALSE	0.1584	0.0255	0.00665395	0.0345833	38.586020761245685
DBP	VaD	apoe_excluded	rs34517439	rs34517439	1	78450517	FALSE	0.2514	0.0279	0.00746365	0.0364532	81.19366400739972
DBP	VaD	apoe_excluded	rs786921	rs786921	1	89286673	FALSE	0.1145	0.0176	-0.0442589	0.0256927	42.32389591942149
DBP	VaD	apoe_excluded	rs17396055	rs17396055	1	94730954	FALSE	0.115	0.0184	-0.0615671	0.0269384	39.0625
DBP	VaD	apoe_excluded	rs10776752	rs10776752	1	113044328	FALSE	0.4573	0.033	0.0455661	0.0326553	192.0324058769513
DBP	VaD	apoe_excluded	rs57748895	rs57748895	1	115826169	FALSE	0.6627	0.0666	-0.105654	0.109566	99.01146416686953
DBP	VaD	apoe_excluded	rs1819663	rs1819663	1	154025891	FALSE	0.1147	0.0174	0.0254381	0.0244198	43.45385784119434
DBP	VaD	apoe_excluded	rs76719272	rs76719272	1	156129796	FALSE	0.1438	0.0264	0.0264738	0.0358458	29.669478879706155
DBP	VaD	apoe_excluded	rs7524019	rs7524019	1	167367193	FALSE	0.1036	0.0174	-0.04243	0.0247721	35.45038974765492
DBP	VaD	apoe_excluded	rs12405515	rs12405515	1	172357441	FALSE	0.1698	0.0174	0.013049	0.0245893	95.230677764566
DBP	VaD	apoe_excluded	rs150816167	rs150816167	1	179571862	FALSE	0.2873	0.0446	-0.0678293	0.0507244	41.49555088580104
DBP	VaD	apoe_excluded	rs4651224	rs4651224	1	184585182	FALSE	0.1102	0.0175	-3.36355e-4	0.0244172	39.6540081632653
DBP	VaD	apoe_excluded	rs882624	rs882624	1	201735913	FALSE	0.1571	0.0185	0.0518951	0.025551	72.11222790357927
DBP	VaD	apoe_excluded	rs2169137	rs2169137	1	204497913	FALSE	0.1588	0.0194	-0.012229	0.0322136	67.00350728026356
DBP	VaD	apoe_excluded	rs1502358	rs1502358	1	217324932	FALSE	0.1127	0.0185	0.0176928	0.0253978	37.11114682249818
DBP	VaD	apoe_excluded	rs68085857	rs68085857	1	217737629	FALSE	0.191	0.0205	-0.0442878	0.0287126	86.80785246876857
DBP	VaD	apoe_excluded	rs12088448	rs12088448	1	218546170	FALSE	0.1544	0.0182	0.0224306	0.0250905	71.97005192609588
DBP	VaD	apoe_excluded	rs602521	rs602521	1	227311066	FALSE	0.1351	0.0195	0.035754	0.0279441	48.00002629848784
DBP	VaD	apoe_excluded	rs1745417	rs1745417	1	228204279	FALSE	0.1708	0.0173	-0.00796349	0.0245259	97.47281900497845
DBP	VaD	apoe_excluded	rs699	rs699	1	230845794	FALSE	0.2359	0.0177	0.00168385	0.0246204	177.6271505633758
DBP	VaD	apoe_excluded	rs3943093	rs3943093	1	243458502	FALSE	0.2477	0.0184	-0.00764557	0.026471	181.22427339319472
DBP	VaD	apoe_excluded	rs4926499	rs4926499	1	249155909	FALSE	0.1694	0.0248	-0.0338305	0.030778	46.6577133194589
DBP	VaD	apoe_excluded	rs112393817	rs112393817	2	9807226	FALSE	0.116	0.0211	-0.0456566	0.0289072	30.223939264616696
DBP	VaD	apoe_excluded	rs1373780	rs1373780	2	19501029	FALSE	0.1246	0.0224	0.025626	0.0294647	30.94140625
DBP	VaD	apoe_excluded	rs824523	rs824523	2	19707855	FALSE	0.1226	0.0183	-0.0235405	0.0281354	44.88267789423393
DBP	VaD	apoe_excluded	rs11687089	rs11687089	2	25082926	FALSE	0.1739	0.0175	-0.0441637	0.0249843	98.74680816326529
DBP	VaD	apoe_excluded	rs1275988	rs1275988	2	26914364	FALSE	0.2945	0.0177	0.0307181	0.0244803	276.83695617479015
DBP	VaD	apoe_excluded	rs11684340	rs11684340	2	37207251	FALSE	0.1249	0.021	0.0289776	0.028133	35.374172335600896
DBP	VaD	apoe_excluded	rs2160236	rs2160236	2	40557276	FALSE	0.1421	0.0181	-0.0263729	0.0244524	61.63551173651597
DBP	VaD	apoe_excluded	rs76326501	rs76326501	2	43167878	FALSE	0.3618	0.0305	-0.0466961	0.0447836	140.71404461166352
DBP	VaD	apoe_excluded	rs4952668	rs4952668	2	43386568	FALSE	0.192	0.018	-0.00824119	0.0251238	113.7777777777778
DBP	VaD	apoe_excluded	rs2586970	rs2586970	2	55829967	FALSE	0.1493	0.0175	0.00351587	0.0245888	72.78527346938773
DBP	VaD	apoe_excluded	rs2421200	rs2421200	2	61711815	FALSE	0.1097	0.0173	-0.0184837	0.0246409	40.208794146145884
DBP	VaD	apoe_excluded	rs1876490	rs1876490	2	73052351	FALSE	0.1364	0.0192	0.0449699	0.0272557	50.46918402777778
DBP	VaD	apoe_excluded	rs6546810	rs6546810	2	73389716	FALSE	0.12	0.0181	0.0348929	0.0248243	43.95470223741643
DBP	VaD	apoe_excluded	rs311564	rs311564	2	86293498	FALSE	0.133	0.0183	-0.0073715	0.0256364	52.820329063274514
DBP	VaD	apoe_excluded	rs62155750	rs62155750	2	96491456	FALSE	0.2177	0.0196	-0.00807389	0.0245184	123.36862244897961
DBP	VaD	apoe_excluded	rs28377357	rs28377357	2	112769721	FALSE	0.1243	0.019	-0.0170487	0.0245316	42.79914127423823
DBP	VaD	apoe_excluded	rs62158170	rs62158170	2	114082175	FALSE	0.1645	0.0211	0.0486586	0.0300727	60.780867455807375
DBP	VaD	apoe_excluded	rs13001283	rs13001283	2	127183454	FALSE	0.1522	0.0239	-0.0376568	0.0355004	40.55398189807601
DBP	VaD	apoe_excluded	rs4954192	rs4954192	2	135632981	FALSE	0.1225	0.0179	-0.0261534	0.0248272	46.834524515464565
DBP	VaD	apoe_excluded	rs55944332	rs55944332	2	145726621	FALSE	0.2365	0.0204	-0.0218794	0.0279418	134.40083141099575
DBP	VaD	apoe_excluded	rs12990959	rs12990959	2	148572160	FALSE	0.1271	0.0187	0.0392124	0.0255739	46.19637393119619
DBP	VaD	apoe_excluded	rs2444769	rs2444769	2	158494100	FALSE	0.158	0.0219	0.0584263	0.0332492	52.050624465711735
DBP	VaD	apoe_excluded	rs7572130	rs7572130	2	164460947	FALSE	0.1796	0.0287	0.0194094	0.032015	39.16055797690879
DBP	VaD	apoe_excluded	rs1446468	rs1446468	2	164963486	FALSE	0.253	0.0174	-0.0406299	0.0250948	211.41828511031844
DBP	VaD	apoe_excluded	rs75717699	rs75717699	2	179682997	FALSE	0.4667	0.0541	-0.0716877	0.137772	74.4185273386383
DBP	VaD	apoe_excluded	rs1518460	rs1518460	2	181933689	FALSE	0.1342	0.0189	0.0116594	0.0268203	50.41751350746061
DBP	VaD	apoe_excluded	rs12693302	rs12693302	2	183211443	FALSE	0.2378	0.0181	-0.0309486	0.0258082	172.61023778272946
DBP	VaD	apoe_excluded	rs7592578	rs7592578	2	191439591	FALSE	0.1998	0.0224	0.0112397	0.0420463	79.56002869897961
DBP	VaD	apoe_excluded	rs4673253	rs4673253	2	204120214	FALSE	0.1177	0.0197	0.0300449	0.025216	35.696075652554825
DBP	VaD	apoe_excluded	rs11692619	rs11692619	2	205084439	FALSE	0.1281	0.0184	0.0324962	0.0246589	48.468838610586005
DBP	VaD	apoe_excluded	rs1263671	rs1263671	2	207996447	FALSE	0.1394	0.0238	0.0102462	0.0329555	34.306122448979586
DBP	VaD	apoe_excluded	rs4675682	rs4675682	2	208402750	FALSE	0.1409	0.0173	0.0407439	0.0242319	66.33302148417923
DBP	VaD	apoe_excluded	rs1035673	rs1035673	2	218675533	FALSE	0.1625	0.0176	-2.64481e-4	0.0245778	85.24744963842974
DBP	VaD	apoe_excluded	rs13004222	rs13004222	2	219560492	FALSE	0.2944	0.0393	0.00741616	0.0575647	56.11649152794773
DBP	VaD	apoe_excluded	rs1039897	rs1039897	2	220337196	FALSE	0.1085	0.0183	0.0231236	0.0255193	35.15258741676371
DBP	VaD	apoe_excluded	rs10804330	rs10804330	2	227185749	FALSE	0.1331	0.0176	0.0309776	0.0245655	57.191406249999986
DBP	VaD	apoe_excluded	rs1044822	rs1044822	2	230629138	FALSE	0.1334	0.0243	-0.00670538	0.0383296	30.136937120018967
DBP	VaD	apoe_excluded	rs4507125	rs4507125	2	239864732	FALSE	0.1244	0.0211	-0.0703681	0.0297182	34.75968644010692
DBP	VaD	apoe_excluded	rs347585	rs347585	3	11286220	FALSE	0.1506	0.0189	0.0276462	0.0260151	63.493071302595126
DBP	VaD	apoe_excluded	rs1687295	rs1687295	3	14889756	FALSE	0.2061	0.0194	-0.0481056	0.028531	112.8632426400255
DBP	VaD	apoe_excluded	rs62234672	rs62234672	3	16592069	FALSE	0.1248	0.0229	-0.0262319	0.0331989	29.70012013500886
DBP	VaD	apoe_excluded	rs2643826	rs2643826	3	27562988	FALSE	0.1857	0.0175	0.0283963	0.0248922	112.60241632653059
DBP	VaD	apoe_excluded	rs7427249	rs7427249	3	37572489	FALSE	0.1098	0.0176	-0.0107692	0.0245615	38.92058367768595
DBP	VaD	apoe_excluded	rs3864004	rs3864004	3	41240177	FALSE	0.1004	0.0173	-0.016742	0.024513	33.68024324234021
DBP	VaD	apoe_excluded	rs6442105	rs6442105	3	48182326	FALSE	0.2485	0.0185	0.0314981	0.0292675	180.4302410518627
DBP	VaD	apoe_excluded	rs6445590	rs6445590	3	53655932	FALSE	0.1284	0.0174	0.0262354	0.0244008	54.45422116527943
DBP	VaD	apoe_excluded	rs3772219	rs3772219	3	56771251	FALSE	0.1754	0.0185	0.0123558	0.0269573	89.8908984660336
DBP	VaD	apoe_excluded	rs1675383	rs1675383	3	57945274	FALSE	0.1488	0.0174	0.054004	0.0247465	73.13198573127228
DBP	VaD	apoe_excluded	rs3774702	rs3774702	3	63856870	FALSE	0.147	0.0228	0.0250589	0.0378081	41.568559556786695
DBP	VaD	apoe_excluded	rs6795735	rs6795735	3	64705365	FALSE	0.1438	0.0176	0.00495489	0.0254572	66.75632747933884
DBP	VaD	apoe_excluded	rs7623706	rs7623706	3	74712754	FALSE	0.0975	0.0176	0.014421	0.0244286	30.689081869834713
DBP	VaD	apoe_excluded	rs11923343	rs11923343	3	85668570	FALSE	0.1138	0.0181	-0.00217654	0.0271687	39.530050975244954
DBP	VaD	apoe_excluded	rs11923667	rs11923667	3	101268080	FALSE	0.1175	0.0177	0.00778387	0.0247281	44.068594592869225
DBP	VaD	apoe_excluded	rs28675079	rs28675079	3	111500002	FALSE	0.1444	0.0222	0.00452613	0.0284476	42.30857884911939
DBP	VaD	apoe_excluded	rs12152463	rs12152463	3	122100447	FALSE	0.1006	0.0174	-0.0178806	0.0243423	33.42700488836042
DBP	VaD	apoe_excluded	rs4141663	rs4141663	3	124551967	FALSE	0.1496	0.0175	0.0148924	0.0244928	73.07807346938775
DBP	VaD	apoe_excluded	rs4077158	rs4077158	3	133942941	FALSE	0.1832	0.0173	-0.028066	0.0243682	112.13953022152428
DBP	VaD	apoe_excluded	rs9289557	rs9289557	3	138071604	FALSE	0.119	0.0207	0.00238993	0.0307357	33.04861256972158
DBP	VaD	apoe_excluded	rs6763931	rs6763931	3	141102833	FALSE	0.1383	0.0173	0.0360859	0.0244862	63.907547863276434
DBP	VaD	apoe_excluded	rs36117336	rs36117336	3	153732232	FALSE	0.147	0.0198	-0.0407096	0.0272222	55.11937557392101
DBP	VaD	apoe_excluded	rs78809139	rs78809139	3	154674943	FALSE	0.2281	0.0288	0.0564798	0.0431141	62.72860001929013
DBP	VaD	apoe_excluded	rs78151625	rs78151625	3	158316726	FALSE	0.1869	0.0233	0.00566549	0.0300851	64.3438081379285
DBP	VaD	apoe_excluded	rs2242338	rs2242338	3	168854925	FALSE	0.3463	0.0331	-0.0150389	0.0497293	109.45837478664855
DBP	VaD	apoe_excluded	rs223102	rs223102	3	169100755	FALSE	0.2759	0.0173	-0.0529967	0.0246846	254.33796652076578
DBP	VaD	apoe_excluded	rs7611674	rs7611674	3	179169230	FALSE	0.1576	0.0223	0.0175675	0.0377971	49.94622855878862
DBP	VaD	apoe_excluded	rs6779368	rs6779368	3	185298868	FALSE	0.1791	0.0184	0.0275392	0.0262778	94.74483104914935
DBP	VaD	apoe_excluded	rs147501096	rs147501096	3	186180253	FALSE	0.1955	0.0341	-0.0309429	0.0413505	32.86886937676835
DBP	VaD	apoe_excluded	rs4244200	rs4244200	3	196226059	FALSE	0.1215	0.0193	0.0248897	0.0267006	39.63126526886627
DBP	VaD	apoe_excluded	rs6777317	rs6777317	3	197070959	FALSE	0.1249	0.0195	0.00876525	0.0258761	41.025667324128854
DBP	VaD	apoe_excluded	rs61789369	rs61789369	4	2265295	FALSE	0.3039	0.0436	0.0898184	0.0506994	48.58345783183234
DBP	VaD	apoe_excluded	rs16896276	rs16896276	4	18015156	FALSE	0.1309	0.0198	0.030207	0.0260444	43.70679012345677
DBP	VaD	apoe_excluded	rs28667801	rs28667801	4	26785356	FALSE	0.1622	0.018	0.0398712	0.0244728	81.20012345679015
DBP	VaD	apoe_excluded	rs11721984	rs11721984	4	38343935	FALSE	0.1409	0.0177	0.0191622	0.0253308	63.36879568450956
DBP	VaD	apoe_excluded	rs62301873	rs62301873	4	40603821	FALSE	0.1734	0.0284	-0.0145808	0.0345143	37.27876413410037
DBP	VaD	apoe_excluded	rs11945489	rs11945489	4	56463775	FALSE	0.1392	0.0192	0.0102063	0.0261255	52.5625
DBP	VaD	apoe_excluded	rs13152154	rs13152154	4	77417756	FALSE	0.1186	0.0195	0.0138182	0.0268622	36.99134779750164
DBP	VaD	apoe_excluded	rs12509595	rs12509595	4	81182554	FALSE	0.4972	0.0192	0.0344934	0.0263532	670.5941840277779
DBP	VaD	apoe_excluded	rs72976750	rs72976750	4	86725684	FALSE	0.1718	0.0251	0.0162302	0.0349722	46.84884366914811
DBP	VaD	apoe_excluded	rs4699835	rs4699835	4	95329727	FALSE	0.0963	0.0175	-0.0451702	0.0243798	30.281436734693866
DBP	VaD	apoe_excluded	rs13107325	rs13107325	4	103188709	FALSE	0.6747	0.0339	0.0787104	0.102783	396.11567076513427
DBP	VaD	apoe_excluded	rs12503341	rs12503341	4	106925311	FALSE	0.2993	0.0462	0.00153266	0.120992	41.96908322557674
DBP	VaD	apoe_excluded	rs4245929	rs4245929	4	109038407	FALSE	0.12	0.0181	0.00160254	0.024799	43.95470223741643
DBP	VaD	apoe_excluded	rs13118687	rs13118687	4	111406496	FALSE	0.1496	0.0175	0.0454561	0.0244838	73.07807346938775
DBP	VaD	apoe_excluded	rs66887589	rs66887589	4	120509279	FALSE	0.161	0.0174	-0.00795429	0.0243685	85.61566917690583
DBP	VaD	apoe_excluded	rs9286351	rs9286351	4	138441530	FALSE	0.1412	0.0177	4.68186e-4	0.0243944	63.638928788023875
DBP	VaD	apoe_excluded	rs72719149	rs72719149	4	144043336	FALSE	0.1279	0.0186	0.0117316	0.0270197	47.28410798936295
DBP	VaD	apoe_excluded	rs13124515	rs13124515	4	145403713	FALSE	0.1052	0.0187	0.00934573	0.0272663	31.64814550030026
DBP	VaD	apoe_excluded	rs1842896	rs1842896	4	156511459	FALSE	0.158	0.0174	-0.00823594	0.0246369	82.45474963667594
DBP	VaD	apoe_excluded	rs13139571	rs13139571	4	156645513	FALSE	0.2408	0.0203	-0.00818087	0.0287804	140.70868014268729
DBP	VaD	apoe_excluded	rs1425486	rs1425486	4	157683685	FALSE	0.1331	0.0187	0.024009	0.0283222	50.660899653979236
DBP	VaD	apoe_excluded	rs10069690	rs10069690	5	1279790	FALSE	0.1615	0.021	0.015812	0.0266288	59.14342403628117
DBP	VaD	apoe_excluded	rs4645335	rs4645335	5	3704761	FALSE	0.1142	0.0185	0.0316392	0.0251404	38.105595325054786
DBP	VaD	apoe_excluded	rs2921604	rs2921604	5	14867948	FALSE	0.096	0.0176	0.0168498	0.0247655	29.752066115702476
DBP	VaD	apoe_excluded	rs1177764	rs1177764	5	32829975	FALSE	0.3067	0.0177	0.0482761	0.0246453	300.2486194899294
DBP	VaD	apoe_excluded	rs10941043	rs10941043	5	33194751	FALSE	0.1269	0.019	-0.0119055	0.0267379	44.60833795013852
DBP	VaD	apoe_excluded	rs7737851	rs7737851	5	42415845	FALSE	0.1256	0.022	-0.0158088	0.0411533	32.593719008264465
DBP	VaD	apoe_excluded	rs6875967	rs6875967	5	50878292	FALSE	0.1344	0.0181	-0.0188163	0.0255831	55.136778486615164
DBP	VaD	apoe_excluded	rs10054208	rs10054208	5	55688992	FALSE	0.1187	0.0185	-0.00770585	0.0251649	41.16783053323595
DBP	VaD	apoe_excluded	rs12515541	rs12515541	5	57095011	FALSE	0.1156	0.0177	-0.0285554	0.0253523	42.65492036132656
DBP	VaD	apoe_excluded	rs1848510	rs1848510	5	57754005	FALSE	0.1256	0.0181	0.0585639	0.0264295	48.152864686670114
DBP	VaD	apoe_excluded	rs10062049	rs10062049	5	61553881	FALSE	0.2208	0.0255	0.0420887	0.0345578	74.97522491349483
DBP	VaD	apoe_excluded	rs2307111	rs2307111	5	75003678	FALSE	0.1742	0.0178	0.0308784	0.0246307	95.77591213230652
DBP	VaD	apoe_excluded	rs4704514	rs4704514	5	77820081	FALSE	0.1087	0.0193	-0.00462434	0.0265233	31.72082472012671
DBP	VaD	apoe_excluded	rs62380354	rs62380354	5	89484911	FALSE	0.1825	0.0291	-0.0476342	0.0382074	39.331432080395835
DBP	VaD	apoe_excluded	rs13355146	rs13355146	5	92023661	FALSE	0.1224	0.0178	-0.00981293	0.0256671	47.28493877035728
DBP	VaD	apoe_excluded	rs55770741	rs55770741	5	96220087	FALSE	0.1281	0.0175	-0.0156893	0.0248112	53.58239999999998
DBP	VaD	apoe_excluded	rs1871190	rs1871190	5	97953719	FALSE	0.10780000000000001	0.0186	0.0327856	0.0248181	33.5901260261302
DBP	VaD	apoe_excluded	rs9326869	rs9326869	5	112349070	FALSE	0.1096	0.02	0.0182846	0.0265455	30.030400000000004
DBP	VaD	apoe_excluded	rs369625	rs369625	5	122560787	FALSE	0.1053	0.0178	-0.0224212	0.0247966	34.995865421032704
DBP	VaD	apoe_excluded	rs1582931	rs1582931	5	122657199	FALSE	0.2161	0.0175	0.00778289	0.0244008	152.48721632653059
DBP	VaD	apoe_excluded	rs17677603	rs17677603	5	127857493	FALSE	0.2	0.0178	-0.0341581	0.0258259	126.24668602449188
DBP	VaD	apoe_excluded	rs55747751	rs55747751	5	132397351	FALSE	0.2239	0.0331	-9.67493e-4	0.0528586	45.75643705333103
DBP	VaD	apoe_excluded	rs4912840	rs4912840	5	141662480	FALSE	0.1485	0.0245	2.72169e-4	0.0307502	36.73844231570178
DBP	VaD	apoe_excluded	rs3776299	rs3776299	5	142507651	FALSE	0.1266	0.0175	-0.00641501	0.0244435	52.33488979591835
DBP	VaD	apoe_excluded	rs78909293	rs78909293	5	148335250	FALSE	0.321	0.0429	-0.0457074	0.0870653	55.98806787617976
DBP	VaD	apoe_excluded	rs3117736	rs3117736	5	157462999	FALSE	0.2374	0.0196	0.0738539	0.0290527	146.7064764681383
DBP	VaD	apoe_excluded	rs11960210	rs11960210	5	157817634	FALSE	0.2474	0.018	2.38337e-4	0.0256172	188.90975308641978
DBP	VaD	apoe_excluded	rs13358657	rs13358657	5	157938070	FALSE	0.224	0.0255	0.0127265	0.0372649	77.16416762783547
DBP	VaD	apoe_excluded	rs6556384	rs6556384	5	158418952	FALSE	0.152	0.0221	0.0488271	0.0309782	47.30451874449744
DBP	VaD	apoe_excluded	rs114503346	rs114503346	5	172192350	FALSE	0.2678	0.0426	-0.0269655	0.0711688	39.518636073089546
DBP	VaD	apoe_excluded	rs55993676	rs55993676	5	173303392	FALSE	0.2097	0.0191	0.0171983	0.024953	120.53970560017545
DBP	VaD	apoe_excluded	rs2569882	rs2569882	6	1620147	FALSE	0.1199	0.0182	0.0417522	0.0252502	43.4005856780582
DBP	VaD	apoe_excluded	rs9406076	rs9406076	6	8023804	FALSE	0.101	0.0185	-0.0083789	0.0250623	29.805697589481376
DBP	VaD	apoe_excluded	rs35261542	rs35261542	6	20675792	FALSE	0.1196	0.0195	0.00497934	0.0258514	37.617777777777775
DBP	VaD	apoe_excluded	rs6934891	rs6934891	6	22139729	FALSE	0.1275	0.0177	0.0567176	0.0246185	51.888825050272914
DBP	VaD	apoe_excluded	rs2744133	rs2744133	6	22392260	FALSE	0.1435	0.0193	2.09233e-4	0.0273035	55.28269215280945
DBP	VaD	apoe_excluded	rs9467545	rs9467545	6	25638464	FALSE	0.2545	0.0237	-0.0371534	0.0348018	115.31316206448399
DBP	VaD	apoe_excluded	rs198851	rs198851	6	26104632	FALSE	0.3889	0.0244	0.0683533	0.0391012	254.0365661112604
DBP	VaD	apoe_excluded	rs1265157	rs1265157	6	31142265	FALSE	0.1444	0.0187	0.0142529	0.0254585	59.62812777031084
DBP	VaD	apoe_excluded	rs440454	rs440454	6	31927342	FALSE	0.2602	0.0192	-0.00619331	0.0270978	183.65896267361111
DBP	VaD	apoe_excluded	rs115447786	rs115447786	6	34354073	FALSE	0.2904	0.0455	-0.115024	0.0810998	40.735254196353104
DBP	VaD	apoe_excluded	rs6905288	rs6905288	6	43758873	FALSE	0.1759	0.0179	0.0563766	0.0247046	96.56630567085922
DBP	VaD	apoe_excluded	rs881858	rs881858	6	43806609	FALSE	0.1553	0.0191	-0.0277346	0.0263173	66.1113730435021
DBP	VaD	apoe_excluded	rs2397060	rs2397060	6	51611470	FALSE	0.161	0.0251	-0.0264037	0.0325634	41.14379136839097
DBP	VaD	apoe_excluded	rs1114347	rs1114347	6	51834297	FALSE	0.1792	0.0173	0.0181144	0.0245722	107.2960673594173
DBP	VaD	apoe_excluded	rs62413546	rs62413546	6	56012664	FALSE	0.1877	0.032	0.0310475	0.0366912	34.405556640624994
DBP	VaD	apoe_excluded	rs504691	rs504691	6	72206620	FALSE	0.1177	0.0177	0.0296977	0.0247864	44.21874301765137
DBP	VaD	apoe_excluded	rs1984195	rs1984195	6	79657391	FALSE	0.1736	0.0173	-0.00539095	0.0245107	100.6948444652344
DBP	VaD	apoe_excluded	rs16875357	rs16875357	6	85652904	FALSE	0.1205	0.0203	-0.0276593	0.0282305	35.2356281394841
DBP	VaD	apoe_excluded	rs3798293	rs3798293	6	97033370	FALSE	0.1328	0.021	0.0186981	0.0314297	39.99056689342403
DBP	VaD	apoe_excluded	rs72613227	rs72613227	6	106320771	FALSE	0.1884	0.0285	-0.0528827	0.0378224	43.69905817174515
DBP	VaD	apoe_excluded	rs7767235	rs7767235	6	116185900	FALSE	0.1181	0.0182	-0.0360353	0.0296808	42.10726361550536
DBP	VaD	apoe_excluded	rs509067	rs509067	6	117462040	FALSE	0.1436	0.0175	-0.00311291	0.0248345	67.33374693877549
DBP	VaD	apoe_excluded	rs11153730	rs11153730	6	118667522	FALSE	0.1551	0.0173	0.00810217	0.0244704	80.37692539008987
DBP	VaD	apoe_excluded	rs76785130	rs76785130	6	121813835	FALSE	0.4285	0.0662	0.160057	0.169048	41.89726499393032
DBP	VaD	apoe_excluded	rs13215166	rs13215166	6	127164360	FALSE	0.3094	0.0174	0.0132687	0.0243232	316.1856255780156
DBP	VaD	apoe_excluded	rs9399137	rs9399137	6	135419018	FALSE	0.1148	0.0197	0.0356607	0.025819	33.95872091525162
DBP	VaD	apoe_excluded	rs636202	rs636202	6	139843583	FALSE	0.1023	0.0174	0.00444423	0.0243414	34.56629013079667
DBP	VaD	apoe_excluded	rs9791312	rs9791312	6	143142313	FALSE	0.1225	0.0184	-0.0161263	0.0255948	44.32375354442344
DBP	VaD	apoe_excluded	rs62434124	rs62434124	6	150999751	FALSE	0.4853	0.0338	-0.0459101	0.0395831	206.15182416582056
DBP	VaD	apoe_excluded	rs9478282	rs9478282	6	152398669	FALSE	0.1994	0.0279	0.0603388	0.0312512	51.07894297349725
DBP	VaD	apoe_excluded	rs9365555	rs9365555	6	163757127	FALSE	0.1254	0.0187	0.00888488	0.0267953	44.96885813148789
DBP	VaD	apoe_excluded	rs11961593	rs11961593	6	166164137	FALSE	0.3158	0.0349	0.0129979	0.0485423	81.87916355366542
DBP	VaD	apoe_excluded	rs1322639	rs1322639	6	169587103	FALSE	0.1584	0.0209	-0.0208708	0.0275701	57.44044321329642
DBP	VaD	apoe_excluded	rs73033340	rs73033340	7	1195692	FALSE	0.5312	0.0525	0.0662652	0.0435634	102.37585124716553
DBP	VaD	apoe_excluded	rs6959688	rs6959688	7	1966831	FALSE	0.1269	0.0178	0.0378065	0.0249959	50.825684888271695
DBP	VaD	apoe_excluded	rs2906152	rs2906152	7	2523003	FALSE	0.1873	0.0181	0.00237351	0.0261166	107.0824761148927
DBP	VaD	apoe_excluded	rs5010183	rs5010183	7	7286198	FALSE	0.1195	0.018	-0.0291026	0.0253493	44.07484567901235
DBP	VaD	apoe_excluded	rs13240040	rs13240040	7	14375977	FALSE	0.1186	0.019	0.0281318	0.026455	38.963878116343494
DBP	VaD	apoe_excluded	rs17432462	rs17432462	7	18548613	FALSE	0.1036	0.0179	-0.0238961	0.0253678	33.497581224056674
DBP	VaD	apoe_excluded	rs4507656	rs4507656	7	22156538	FALSE	0.1487	0.0199	-0.0404053	0.0252109	55.83619100527764
DBP	VaD	apoe_excluded	rs4722548	rs4722548	7	25961519	FALSE	0.1346	0.0176	0.0253004	0.0250821	58.48773243801652
DBP	VaD	apoe_excluded	rs3735533	rs3735533	7	27245893	FALSE	0.487	0.0331	0.00844264	0.0413492	216.47210229917582
DBP	VaD	apoe_excluded	rs6961048	rs6961048	7	27328187	FALSE	0.2729	0.0286	0.0237302	0.0356575	91.04896327448775
DBP	VaD	apoe_excluded	rs342977	rs342977	7	35459888	FALSE	0.1577	0.0205	0.00398819	0.0329714	59.17737061273051
DBP	VaD	apoe_excluded	rs2854746	rs2854746	7	45960645	FALSE	0.113	0.018	-0.0490591	0.0255361	39.4104938271605
DBP	VaD	apoe_excluded	rs17454517	rs17454517	7	50915776	FALSE	0.1216	0.0174	-0.00500832	0.0247317	48.83921257761924
DBP	VaD	apoe_excluded	rs1178979	rs1178979	7	72856430	FALSE	0.1504	0.0221	0.011367499999999999	0.0318469	46.31387563727196
DBP	VaD	apoe_excluded	rs3807101	rs3807101	7	80393418	FALSE	0.1743	0.0265	-0.0154234	0.0350792	43.26164471342116
DBP	VaD	apoe_excluded	rs1449596	rs1449596	7	96395096	FALSE	0.1085	0.0181	-0.0399665	0.025201	35.93373218155734
DBP	VaD	apoe_excluded	rs7788746	rs7788746	7	99612405	FALSE	0.1644	0.0183	0.0133447	0.0259413	80.70518677774793
DBP	VaD	apoe_excluded	rs4556017	rs4556017	7	100632790	FALSE	0.1601	0.0247	-0.0147946	0.0319963	42.013489812978406
DBP	VaD	apoe_excluded	rs2191046	rs2191046	7	107834075	FALSE	0.1184	0.0197	-0.0292459	0.0277293	36.12193048004329
DBP	VaD	apoe_excluded	rs11556924	rs11556924	7	129663496	FALSE	0.181	0.0181	-0.0220758	0.0259529	99.99999999999997
DBP	VaD	apoe_excluded	rs13237249	rs13237249	7	131151783	FALSE	0.1366	0.0177	0.0199764	0.0247465	59.560024258674076
DBP	VaD	apoe_excluded	rs75511781	rs75511781	7	131323710	FALSE	0.3721	0.047	-0.00592185	0.0458504	62.67922589406972
DBP	VaD	apoe_excluded	rs7800558	rs7800558	7	140242661	FALSE	0.096	0.0175	0.0252695	0.0245774	30.093061224489787
DBP	VaD	apoe_excluded	rs1044608	rs1044608	7	150502016	FALSE	0.2018	0.0339	-0.0301417	0.0365922	35.43585593581678
DBP	VaD	apoe_excluded	rs3918226	rs3918226	7	150690176	FALSE	0.6117	0.0329	-0.00694244	0.0480354	345.688685433431
DBP	VaD	apoe_excluded	rs4726006	rs4726006	7	150878803	FALSE	0.1339	0.02	-0.0186132	0.0294047	44.823024999999994
DBP	VaD	apoe_excluded	rs6464165	rs6464165	7	151413124	FALSE	0.217	0.0195	0.00699674	0.0290602	123.83694937541091
DBP	VaD	apoe_excluded	rs9638084	rs9638084	7	156311745	FALSE	0.1154	0.0178	0.00150043	0.0243452	42.03118293144805
DBP	VaD	apoe_excluded	rs2442618	rs2442618	8	6379832	FALSE	0.1315	0.0177	-0.0125874	0.0246628	55.19566535797504
DBP	VaD	apoe_excluded	rs35091929	rs35091929	8	10693492	FALSE	0.1828	0.0177	0.0548461	0.0245105	106.6610488684605
DBP	VaD	apoe_excluded	rs62503324	rs62503324	8	23400615	FALSE	0.2033	0.0204	0.0264027	0.02762	99.31490292195308
DBP	VaD	apoe_excluded	rs951914	rs951914	8	25878995	FALSE	0.1904	0.0193	-0.0392308	0.0256554	97.32384762007032
DBP	VaD	apoe_excluded	rs17832905	rs17832905	8	26038759	FALSE	0.1923	0.0346	-0.0260961	0.0495234	30.889179391225902
DBP	VaD	apoe_excluded	rs17321041	rs17321041	8	26445194	FALSE	0.2313	0.0363	0.00699724	0.0499707	40.601120142066804
DBP	VaD	apoe_excluded	rs1906672	rs1906672	8	38130025	FALSE	0.1402	0.0205	0.011191	0.0317985	46.77225461035097
DBP	VaD	apoe_excluded	rs10087280	rs10087280	8	49391836	FALSE	0.1381	0.0232	-0.0277961	0.0352004	35.43328255053509
DBP	VaD	apoe_excluded	rs4873492	rs4873492	8	51947549	FALSE	0.1401	0.0231	0.00437039	0.0329486	36.78343734187891
DBP	VaD	apoe_excluded	rs11778153	rs11778153	8	64503942	FALSE	0.1192	0.0182	-0.0541722	0.0288136	42.895302499698104
DBP	VaD	apoe_excluded	rs6983239	rs6983239	8	72507296	FALSE	0.1159	0.0211	-0.0168685	0.0313061	30.17185148581568
DBP	VaD	apoe_excluded	rs148401029	rs148401029	8	81386066	FALSE	0.3122	0.0486	-0.0299714	0.0756067	41.26608409964605
DBP	VaD	apoe_excluded	rs56345595	rs56345595	8	82814156	FALSE	0.1329	0.0177	0.0184885	0.0244908	56.37719046251077
DBP	VaD	apoe_excluded	rs73276406	rs73276406	8	96021760	FALSE	0.1564	0.0246	-0.00531671	0.0328495	40.42064908453963
DBP	VaD	apoe_excluded	rs2978098	rs2978098	8	101676675	FALSE	0.1548	0.0176	0.0302737	0.0245569	77.36002066115702
DBP	VaD	apoe_excluded	rs142449193	rs142449193	8	102750597	FALSE	0.2573	0.0426	0.031316	0.0823435	36.480465736516116
DBP	VaD	apoe_excluded	rs2957468	rs2957468	8	106325360	FALSE	0.1377	0.0185	0.00492725	0.0286916	55.4018699780862
DBP	VaD	apoe_excluded	rs722783	rs722783	8	120442287	FALSE	0.2093	0.0208	-0.016324	0.0323938	101.25390625000004
DBP	VaD	apoe_excluded	rs9918907	rs9918907	8	124816862	FALSE	0.1188	0.021	0.0508496	0.0299163	32.003265306122444
DBP	VaD	apoe_excluded	rs7012891	rs7012891	8	126514676	FALSE	0.1391	0.0205	0.012462	0.0318139	46.04118976799524
DBP	VaD	apoe_excluded	rs4909314	rs4909314	8	135623798	FALSE	0.1339	0.0177	0.0108456	0.0243039	57.228797599668034
DBP	VaD	apoe_excluded	rs4074812	rs4074812	8	141883529	FALSE	0.1336	0.0175	5.14333e-4	0.0244123	58.282318367346925
DBP	VaD	apoe_excluded	rs3802230	rs3802230	8	143992864	FALSE	0.1605	0.0174	0.0261869	0.0246415	85.08472057074913
DBP	VaD	apoe_excluded	rs12337056	rs12337056	9	628670	FALSE	0.1364	0.0228	0.054839	0.0342102	35.78978147122191
DBP	VaD	apoe_excluded	rs12216886	rs12216886	9	2493751	FALSE	0.1292	0.0221	-0.0326034	0.0314728	34.1775147928994
DBP	VaD	apoe_excluded	rs1332812	rs1332812	9	9350986	FALSE	0.1145	0.0181	-0.0459972	0.0263722	40.017856597783954
DBP	VaD	apoe_excluded	rs4615669	rs4615669	9	21818674	FALSE	0.114	0.0174	0.0205546	0.024475	42.92508917954817
DBP	VaD	apoe_excluded	rs1243876	rs1243876	9	35693104	FALSE	0.1063	0.019	-0.0024233	0.026344	31.30108033240998
DBP	VaD	apoe_excluded	rs76452347	rs76452347	9	35906471	FALSE	0.2246	0.0229	0.0352063	0.0320403	96.19412291909
DBP	VaD	apoe_excluded	rs11141731	rs11141731	9	89888472	FALSE	0.1258	0.0207	-0.0187113	0.029495	36.9335107003664
DBP	VaD	apoe_excluded	rs4743021	rs4743021	9	109414561	FALSE	0.108	0.0194	0.0283658	0.0257982	30.991603783611435
DBP	VaD	apoe_excluded	rs10980408	rs10980408	9	113249071	FALSE	0.3745	0.0477	0.065796	0.107098	61.64060405486773
DBP	VaD	apoe_excluded	rs10759697	rs10759697	9	117172307	FALSE	0.1308	0.0173	0.0261974	0.0243428	57.16408834241038
DBP	VaD	apoe_excluded	rs2133386	rs2133386	9	128173838	FALSE	0.1322	0.0176	0.00189709	0.0244521	56.420583677685954
DBP	VaD	apoe_excluded	rs507666	rs992108547	9	136149399	FALSE	0.2854	0.0223	-0.00512568	0.0304787	163.79408393492727
DBP	VaD	apoe_excluded	rs6271	rs6271	9	136522274	FALSE	0.4313	0.0352	0.0147511	0.0490199	150.13211034349172
DBP	VaD	apoe_excluded	rs11145807	rs11145807	9	139520789	FALSE	0.155	0.0184	0.0314122	0.0249541	70.96231096408319
DBP	VaD	apoe_excluded	rs11252324	rs11252324	10	4124568	FALSE	0.2339	0.0328	0.074532	0.0553159	50.85255242415227
DBP	VaD	apoe_excluded	rs6602177	rs6602177	10	17167141	FALSE	0.1203	0.0207	-0.0375026	0.0268346	33.77462717916404
DBP	VaD	apoe_excluded	rs1623474	rs1623474	10	18471794	FALSE	0.2234	0.0184	-0.012326	0.0261541	147.4112712665406
DBP	VaD	apoe_excluded	rs12258967	rs12258967	10	18727959	FALSE	0.354	0.0193	0.0488417	0.029443	336.4278235657332
DBP	VaD	apoe_excluded	rs11596400	rs11596400	10	28245420	FALSE	0.1278	0.0174	0.00683133	0.0246941	53.94649227110583
DBP	VaD	apoe_excluded	rs1265842	rs1265842	10	28924901	FALSE	0.1113	0.0174	-0.0349987	0.024838	40.91587395957195
DBP	VaD	apoe_excluded	rs2487926	rs2487926	10	30300787	FALSE	0.0972	0.0176	-0.0255981	0.0248042	30.500516528925615
DBP	VaD	apoe_excluded	rs3006583	rs3006583	10	31280845	FALSE	0.1303	0.0222	0.0338848	0.0386863	34.44949679409138
DBP	VaD	apoe_excluded	rs4948643	rs4948643	10	45379759	FALSE	0.1591	0.0194	0.00216006	0.025441	67.25690827930704
DBP	VaD	apoe_excluded	rs72831343	rs72831343	10	63515681	FALSE	0.4936	0.0248	0.0480698	0.0401624	396.13839750260144
DBP	VaD	apoe_excluded	rs2236295	rs2236295	10	64564892	FALSE	0.207	0.0177	-0.0106164	0.0253553	136.771042803792
DBP	VaD	apoe_excluded	rs35506078	rs35506078	10	65210552	FALSE	0.1348	0.0183	-0.0209052	0.0255492	54.2597270745618
DBP	VaD	apoe_excluded	rs12247028	rs12247028	10	75410052	FALSE	0.1396	0.0188	-0.0702948	0.0247032	55.13852421910367
DBP	VaD	apoe_excluded	rs11187838	rs11187838	10	96038686	FALSE	0.2781	0.0174	0.00387505	0.025787	255.44857312722954
DBP	VaD	apoe_excluded	rs1006545	rs1006545	10	102553647	FALSE	0.3633	0.0275	0.0548026	0.0505951	174.52811900826447
DBP	VaD	apoe_excluded	rs11190746	rs11190746	10	102663565	FALSE	0.11	0.0175	0.0495779	0.0245491	39.51020408163265
DBP	VaD	apoe_excluded	rs12414028	rs12414028	10	104957629	FALSE	0.5141	0.0313	-0.0383754	0.0427859	269.7780012044626
DBP	VaD	apoe_excluded	rs4918065	rs4918065	10	105617578	FALSE	0.1327	0.0201	0.0332653	0.02598	43.586272617014444
DBP	VaD	apoe_excluded	rs117464403	rs117464403	10	107158054	FALSE	0.4537	0.0682	-0.186345	0.0811639	44.255658706065475
DBP	VaD	apoe_excluded	rs2484294	rs2484294	10	115792062	FALSE	0.3165	0.0196	0.0209636	0.0279838	260.7565857975844
DBP	VaD	apoe_excluded	rs72842207	rs72842207	10	121433675	FALSE	0.2112	0.0211	-0.00304233	0.0293352	100.18966330495722
DBP	VaD	apoe_excluded	rs11592107	rs11592107	10	122968964	FALSE	0.1203	0.0187	0.0170992	0.0267642	41.385484286081955
DBP	VaD	apoe_excluded	rs10490923	rs10490923	10	124214251	FALSE	0.1533	0.0262	0.0439711	0.0426869	34.23589825767728
DBP	VaD	apoe_excluded	rs9419374	rs9419374	10	133729749	FALSE	0.1164	0.0185	0.0116675	0.0248834	39.587903579254935
DBP	VaD	apoe_excluded	rs1133400	rs1133400	10	134459388	FALSE	0.1318	0.0215	-0.0293559	0.0323854	37.579751216873994
DBP	VaD	apoe_excluded	rs28570096	rs28570096	11	1616088	FALSE	0.1396	0.0188	0.0113664	0.027282	55.13852421910367
DBP	VaD	apoe_excluded	rs79889784	rs79889784	11	1702117	FALSE	0.3941	0.0717	0.0265297	0.147333	30.211657903592567
DBP	VaD	apoe_excluded	rs569550	rs569550	11	1887068	FALSE	0.2688	0.0181	0.0168226	0.024684	220.54711394646066
DBP	VaD	apoe_excluded	rs147081004	rs147081004	11	1919980	FALSE	0.1411	0.0257	-0.0131009	0.0335348	30.143090735665947
DBP	VaD	apoe_excluded	rs360153	rs360153	11	9762274	FALSE	0.2198	0.0175	-0.0139211	0.0263648	157.75359999999998
DBP	VaD	apoe_excluded	rs7107711	rs7107711	11	13255538	FALSE	0.1263	0.021	-5.08333e-4	0.0292639	36.171632653061216
DBP	VaD	apoe_excluded	rs4756782	rs4756782	11	14254606	FALSE	0.1551	0.0234	-0.00910099	0.031447	43.93310322156476
DBP	VaD	apoe_excluded	rs10832586	rs10832586	11	16304089	FALSE	0.3083	0.0216	-0.0134142	0.0340555	203.72275805898494
DBP	VaD	apoe_excluded	rs7926335	rs7926335	11	16917869	FALSE	0.1804	0.0195	0.0120148	0.0281605	85.58621959237345
DBP	VaD	apoe_excluded	rs10500932	rs10500932	11	22501446	FALSE	0.2784	0.0333	0.024312	0.039377	69.89562535508479
DBP	VaD	apoe_excluded	rs962369	rs962369	11	27734420	FALSE	0.1684	0.0189	0.0324291	0.0258575	79.38904285994232
DBP	VaD	apoe_excluded	rs7933758	rs7933758	11	31000774	FALSE	0.1138	0.0191	0.0110586	0.0266461	35.49913653682739
DBP	VaD	apoe_excluded	rs10838702	rs10838702	11	47410888	FALSE	0.2375	0.0178	0.0173529	0.0267224	178.02755333922485
DBP	VaD	apoe_excluded	rs751984	rs751984	11	61278246	FALSE	0.3937	0.0275	0.0033237	0.032448	204.95826776859505
DBP	VaD	apoe_excluded	rs35927325	rs35927325	11	63882495	FALSE	0.2221	0.0364	-0.0264689	0.0416866	37.23011260717304
DBP	VaD	apoe_excluded	rs2306363	rs2306363	11	65405600	FALSE	0.2643	0.0216	-0.00757917	0.032876	149.72241512345673
DBP	VaD	apoe_excluded	rs11228613	rs11228613	11	69068492	FALSE	0.1741	0.0212	0.0335824	0.0275157	67.44128248487006
DBP	VaD	apoe_excluded	rs504217	rs504217	11	72006086	FALSE	0.2745	0.0335	-0.0265831	0.0399751	67.14212519492092
DBP	VaD	apoe_excluded	rs7115331	rs7115331	11	76218590	FALSE	0.1266	0.0192	-0.00848363	0.0280459	43.4775390625
DBP	VaD	apoe_excluded	rs11021221	rs11021221	11	95308854	FALSE	0.1877	0.0233	0.0257477	0.0335904	64.8958168321391
DBP	VaD	apoe_excluded	rs61909958	rs61909958	11	96151677	FALSE	0.1275	0.0228	0.0101609	0.0360329	31.271641274238227
DBP	VaD	apoe_excluded	rs604723	rs604723	11	100610546	FALSE	0.3848	0.0194	0.0312751	0.0277517	393.4292698480177
DBP	VaD	apoe_excluded	rs66682451	rs66682451	11	107097540	FALSE	0.1348	0.0194	-0.0242491	0.0305519	48.28100754596663
DBP	VaD	apoe_excluded	rs7106104	rs7106104	11	111635655	FALSE	0.1186	0.0193	0.0124034	0.0273454	37.76198018738758
DBP	VaD	apoe_excluded	rs12790943	rs12790943	11	120058623	FALSE	0.1002	0.0175	0.0196752	0.0251744	32.783804081632645
DBP	VaD	apoe_excluded	rs12574332	rs12574332	11	122521123	FALSE	0.2072	0.0266	0.0553901	0.0341503	60.67590027700832
DBP	VaD	apoe_excluded	rs4936099	rs4936099	11	130280725	FALSE	0.1745	0.0178	-0.0049364	0.0249844	96.10607877793205
DBP	VaD	apoe_excluded	rs55935819	rs55935819	12	2521579	FALSE	0.1271	0.0181	0.0130806	0.0252494	49.30988065077376
DBP	VaD	apoe_excluded	rs7971147	rs7971147	12	19669330	FALSE	0.1187	0.0177	-0.0486456	0.0243795	44.97331545852085
DBP	VaD	apoe_excluded	rs4306343	rs4306343	12	20190630	FALSE	0.317	0.0193	0.0248262	0.0313356	269.77636983543175
DBP	VaD	apoe_excluded	rs6487076	rs6487076	12	20470857	FALSE	0.174	0.0209	0.0507555	0.0322933	69.3116000091573
DBP	VaD	apoe_excluded	rs12229480	rs12229480	12	26472908	FALSE	0.1359	0.0193	0.00184233	0.0273835	49.58202904775966
DBP	VaD	apoe_excluded	rs1669907	rs1669907	12	42777933	FALSE	0.1158	0.0191	-0.0054776	0.0264649	36.757873961788334
DBP	VaD	apoe_excluded	rs61917655	rs61917655	12	48210787	FALSE	0.2246	0.0297	-0.0798288	0.0414743	57.18822342391366
DBP	VaD	apoe_excluded	rs7967705	rs7967705	12	50511408	FALSE	0.2694	0.0178	-0.0205124	0.0252324	229.06312334301222
DBP	VaD	apoe_excluded	rs7306947	rs7306947	12	53385046	FALSE	0.205	0.0342	-0.00202111	0.0533993	35.929858759960325
DBP	VaD	apoe_excluded	rs6580970	rs6580970	12	54434277	FALSE	0.1661	0.0191	0.0621336	0.0249509	75.62624379814152
DBP	VaD	apoe_excluded	rs6581101	rs6581101	12	57136374	FALSE	0.1261	0.0179	-0.0255864	0.0253705	49.62769576480134
DBP	VaD	apoe_excluded	rs7959649	rs7959649	12	67783108	FALSE	0.1166	0.0202	-0.0274652	0.0284391	33.31918439368689
DBP	VaD	apoe_excluded	rs521033	rs521033	12	69951428	FALSE	0.1802	0.0253	-0.00517714	0.0417281	50.730428533487476
DBP	VaD	apoe_excluded	rs710698	rs710698	12	70369918	FALSE	0.1059	0.0176	-0.00169383	0.02566	36.20483600206611
DBP	VaD	apoe_excluded	rs2681485	rs2681485	12	90025622	FALSE	0.2945	0.0176	0.0594585	0.0268519	279.99176782024784
DBP	VaD	apoe_excluded	rs11112548	rs11112548	12	105871914	FALSE	0.2742	0.0443	0.037085	0.0573782	38.311349357194175
DBP	VaD	apoe_excluded	rs116063464	rs116063464	12	109860182	FALSE	0.2017	0.0369	0.0755969	0.0609729	29.878518812288387
DBP	VaD	apoe_excluded	rs7137828	rs7137828	12	111932800	FALSE	0.5027	0.0176	-0.00463427	0.0247596	815.81640625
DBP	VaD	apoe_excluded	rs35443	rs35443	12	115552878	FALSE	0.2661	0.0178	0.0242868	0.0253014	223.48570256280775
DBP	VaD	apoe_excluded	rs6490019	rs6490019	12	115920472	FALSE	0.1778	0.0178	0.0505449	0.0265269	99.77540714556244
DBP	VaD	apoe_excluded	rs1790123	rs1790123	12	123659542	FALSE	0.1991	0.0218	0.0100088	0.0321619	83.41219173470247
DBP	VaD	apoe_excluded	rs2271139	rs2271139	12	124839540	FALSE	0.1247	0.0192	-0.052237	0.0255641	42.18231879340279
DBP	VaD	apoe_excluded	rs682681	rs682681	13	22294062	FALSE	0.1454	0.0185	-0.00944373	0.0251157	61.77110299488679
DBP	VaD	apoe_excluded	rs61948065	rs61948065	13	25255052	FALSE	0.1737	0.027	0.0198939	0.0367478	41.38777777777778
DBP	VaD	apoe_excluded	rs9508495	rs9508495	13	30146201	FALSE	0.1944	0.0204	-0.0305443	0.0253892	90.80968858131484
DBP	VaD	apoe_excluded	rs56256111	rs56256111	13	41478963	FALSE	0.1926	0.0263	-0.0683568	0.0333608	53.629169136462856
DBP	VaD	apoe_excluded	rs7992292	rs7992292	13	41968013	FALSE	0.1367	0.0231	0.0652894	0.0342514	35.01975225351848
DBP	VaD	apoe_excluded	rs9526707	rs9526707	13	51489186	FALSE	0.1217	0.0186	0.0388114	0.0261296	42.81098970979305
DBP	VaD	apoe_excluded	rs9563529	rs9563529	13	58316637	FALSE	0.1222	0.0215	0.0271901	0.0287704	32.30468361276366
DBP	VaD	apoe_excluded	rs3861113	rs3861113	13	72364382	FALSE	0.2126	0.0322	0.0406647	0.0412123	43.59280120365727
DBP	VaD	apoe_excluded	rs12866098	rs12866098	13	73119617	FALSE	0.1033	0.0186	-0.00816275	0.0266612	30.844288357035506
DBP	VaD	apoe_excluded	rs1215469	rs1215469	13	80707408	FALSE	0.1383	0.0211	-0.00620824	0.032131	42.96150131398666
DBP	VaD	apoe_excluded	rs55684003	rs55684003	13	97988689	FALSE	0.122	0.0189	0.0126475	0.0287749	41.6673665350914
DBP	VaD	apoe_excluded	rs675605	rs675605	13	110873556	FALSE	0.1205	0.0196	0.0769301	0.0284515	37.79740212411495
DBP	VaD	apoe_excluded	rs7990017	rs7990017	13	110959705	FALSE	0.1039	0.0185	0.0416748	0.0245687	31.541884587290003
DBP	VaD	apoe_excluded	rs7491960	rs7491960	13	114470370	FALSE	0.1288	0.018	-0.0357504	0.0244863	51.20197530864198
DBP	VaD	apoe_excluded	rs7321688	rs7321688	13	115000365	FALSE	0.1507	0.0205	0.00107947	0.0288068	54.04042831647828
DBP	VaD	apoe_excluded	rs7350752	rs7350752	14	21841154	FALSE	0.1504	0.0268	0.0717627	0.0367695	31.49387391401203
DBP	VaD	apoe_excluded	rs17880989	rs17880989	14	23313633	FALSE	0.4014	0.0591	-0.0677552	0.0786573	46.12960911128861
DBP	VaD	apoe_excluded	rs1950500	rs1950500	14	24830850	FALSE	0.1396	0.019	-0.00358973	0.0269912	53.98382271468145
DBP	VaD	apoe_excluded	rs4424827	rs4424827	14	35110857	FALSE	0.0981	0.0175	0.00430052	0.0254573	31.424032653061225
DBP	VaD	apoe_excluded	rs7155504	rs7155504	14	36158828	FALSE	0.2286	0.0317	0.0637338	0.0669348	52.00366209236832
DBP	VaD	apoe_excluded	rs72683923	rs72683923	14	50735947	FALSE	0.5325	0.0635	0.0945391	0.115154	70.32209064418127
DBP	VaD	apoe_excluded	rs35413927	rs35413927	14	53420358	FALSE	0.1274	0.0189	-0.0178571	0.0276054	45.43758573388204
DBP	VaD	apoe_excluded	rs12148044	rs12148044	14	69214219	FALSE	0.1371	0.023	0.0566682	0.0328988	35.53196597353498
DBP	VaD	apoe_excluded	rs227426	rs227426	14	70456664	FALSE	0.1119	0.0175	-0.0298998	0.0250463	40.88688979591836
DBP	VaD	apoe_excluded	rs2239268	rs2239268	14	72469591	FALSE	0.1097	0.019	0.0258869	0.0263583	33.335429362880895
DBP	VaD	apoe_excluded	rs4903064	rs4903064	14	73279420	FALSE	0.1543	0.0206	0.0165466	0.0326667	56.10446319162974
DBP	VaD	apoe_excluded	rs8014182	rs8014182	14	103859962	FALSE	0.1942	0.0257	0.0135255	0.0365094	57.09948674468956
DBP	VaD	apoe_excluded	rs10873612	rs10873612	15	26105602	FALSE	0.1096	0.0179	0.0265552	0.0257332	37.48996598108673
DBP	VaD	apoe_excluded	rs11070245	rs11070245	15	40317792	FALSE	0.1287	0.0174	-0.0188835	0.0243516	54.70897740784782
DBP	VaD	apoe_excluded	rs2925345	rs2925345	15	41311799	FALSE	0.189	0.0174	0.0365092	0.0255677	117.98454221165281
DBP	VaD	apoe_excluded	rs17678552	rs17678552	15	42066190	FALSE	0.1649	0.0182	-0.00171581	0.0249406	82.09156502837821
DBP	VaD	apoe_excluded	rs7169864	rs7169864	15	53902901	FALSE	0.1132	0.0205	0.00102665	0.0278542	30.491945270672215
DBP	VaD	apoe_excluded	rs28429256	rs28429256	15	66931617	FALSE	0.1636	0.0188	-0.0251337	0.0249587	75.72702580353099
DBP	VaD	apoe_excluded	rs2469141	rs2469141	15	66967398	FALSE	0.1351	0.0238	-0.0372316	0.0338558	32.22231833910034
DBP	VaD	apoe_excluded	rs3743111	rs3743111	15	71587373	FALSE	0.1517	0.0178	-0.0340326	0.0252929	72.63252745865422
DBP	VaD	apoe_excluded	rs11636952	rs11636952	15	75114322	FALSE	0.3997	0.0189	-0.0314478	0.0250127	447.244170096022
DBP	VaD	apoe_excluded	rs57708073	rs57708073	15	79066653	FALSE	0.1907	0.0214	-0.00541466	0.0253391	79.40975194340119
DBP	VaD	apoe_excluded	rs2627313	rs2627313	15	81006712	FALSE	0.151	0.0175	0.0297981	0.0248941	74.45224489795918
DBP	VaD	apoe_excluded	rs77032376	rs77032376	15	90010780	FALSE	0.173	0.0249	0.0160118	0.0303095	48.27180206770859
DBP	VaD	apoe_excluded	rs4932373	rs4932373	15	91429287	FALSE	0.3664	0.0189	0.057061	0.0277693	375.8264326306654
DBP	VaD	apoe_excluded	rs3743369	rs3743369	15	92707569	FALSE	0.104	0.0179	0.0351963	0.0247916	33.75674916513218
DBP	VaD	apoe_excluded	rs12906962	rs12906962	15	95312071	FALSE	0.2378	0.0188	0.00891868	0.0250185	159.9955862381168
DBP	VaD	apoe_excluded	rs2589218	rs2589218	15	96785017	FALSE	0.1207	0.0196	0.0297656	0.0291932	37.92297480216577
DBP	VaD	apoe_excluded	rs12596630	rs12596630	16	2065666	FALSE	0.2606	0.0314	-0.0440665	0.0530584	68.87942715728833
DBP	VaD	apoe_excluded	rs917522	rs917522	16	4097222	FALSE	0.1665	0.0273	-0.0079391	0.0374805	37.19659461417703
DBP	VaD	apoe_excluded	rs12446456	rs12446456	16	4922201	FALSE	0.181	0.0175	-0.00192071	0.0248815	106.97469387755099
DBP	VaD	apoe_excluded	rs77924615	rs77924615	16	20392332	FALSE	0.3163	0.0224	-0.0172626	0.0295991	199.3895288584184
DBP	VaD	apoe_excluded	rs9937801	rs9937801	16	21088130	FALSE	0.1554	0.0174	0.0265982	0.0250976	79.76337693222358
DBP	VaD	apoe_excluded	rs80095680	rs80095680	16	30902353	FALSE	0.1566	0.0198	-0.0109396	0.0268774	62.55371900826445
DBP	VaD	apoe_excluded	rs7192407	rs7192407	16	49783926	FALSE	0.1019	0.0174	-0.00319887	0.0244933	34.29650548289075
DBP	VaD	apoe_excluded	rs62030049	rs62030049	16	50572709	FALSE	0.1336	0.0209	-0.0500461	0.0261058	40.86206817609487
DBP	VaD	apoe_excluded	rs9932220	rs9932220	16	51758116	FALSE	0.1591	0.021	0.0414018	0.029297	57.39866213151926
DBP	VaD	apoe_excluded	rs12919839	rs12919839	16	56859216	FALSE	0.1098	0.0192	-4.32788e-5	0.0257249	32.7041015625
DBP	VaD	apoe_excluded	rs45474499	rs45474499	16	66914492	FALSE	0.3562	0.0415	0.051441	0.0500749	73.67016402961242
DBP	VaD	apoe_excluded	rs28544928	rs28544928	16	69329268	FALSE	0.1543	0.0199	0.00185004	0.0286523	60.120931289613885
DBP	VaD	apoe_excluded	rs12444212	rs12444212	16	71437689	FALSE	0.1291	0.0226	0.0163385	0.0320421	32.63139243480304
DBP	VaD	apoe_excluded	rs11859505	rs11859505	16	74195719	FALSE	0.1037	0.0181	0.0053538	0.0248913	32.82466957663075
DBP	VaD	apoe_excluded	rs8046697	rs8046697	16	75442144	FALSE	0.1289	0.0179	0.0134545	0.0246925	51.85609063387535
DBP	VaD	apoe_excluded	rs12929303	rs12929303	16	81602264	FALSE	0.1572	0.0174	-0.0112042	0.0246904	81.62187871581452
DBP	VaD	apoe_excluded	rs79286081	rs79286081	16	86555837	FALSE	0.1631	0.0299	0.0659102	0.0609777	29.755383049406603
DBP	VaD	apoe_excluded	rs908951	rs908951	16	89697625	FALSE	0.1983	0.0181	0.0157284	0.0249557	120.02957785171391
DBP	VaD	apoe_excluded	rs4362428	rs4362428	17	2090341	FALSE	0.1127	0.0176	0.0428965	0.0250504	41.00364798553718
DBP	VaD	apoe_excluded	rs12601936	rs12601936	17	7172609	FALSE	0.1429	0.0178	-0.025706	0.0251475	64.45022724403485
DBP	VaD	apoe_excluded	rs138420351	rs138420351	17	7700063	FALSE	0.5568	0.0854	0.0560963	0.0643087	42.50917846310789
DBP	VaD	apoe_excluded	rs74439044	rs74439044	17	7781019	FALSE	0.3496	0.0294	-0.0563366	0.0333702	141.39960201767786
DBP	VaD	apoe_excluded	rs12949537	rs12949537	17	16240488	FALSE	0.1197	0.0177	0.0135221	0.0243892	45.73427176098822
DBP	VaD	apoe_excluded	rs1043809	rs1043809	17	19239432	FALSE	0.159	0.0223	0.0394864	0.0302601	50.8375394638943
DBP	VaD	apoe_excluded	rs76954792	rs76954792	17	30033514	FALSE	0.1213	0.0208	-0.00626391	0.0279267	34.00908376479291
DBP	VaD	apoe_excluded	rs28661492	rs28661492	17	30609932	FALSE	0.1359	0.0222	-0.00165967	0.0288721	37.474251278305324
DBP	VaD	apoe_excluded	rs2239917	rs2239917	17	43165887	FALSE	0.1731	0.0176	-0.0150853	0.0244736	96.73169550619832
DBP	VaD	apoe_excluded	rs62064603	rs62064603	17	43484496	FALSE	0.1335	0.0229	0.161697	0.0563691	33.985335901298605
DBP	VaD	apoe_excluded	rs3916033	rs3916033	17	44889703	FALSE	0.1233	0.0185	0.0248934	0.024446	44.42042366691016
DBP	VaD	apoe_excluded	rs8081301	rs8081301	17	47039302	FALSE	0.1278	0.0197	0.0591752	0.0279792	42.085186425829065
DBP	VaD	apoe_excluded	rs9889262	rs9889262	17	47398070	FALSE	0.2283	0.018	0.0252533	0.0246746	160.86694444444444
DBP	VaD	apoe_excluded	rs3785837	rs3785837	17	59468942	FALSE	0.1453	0.0213	0.0440712	0.0283259	46.53417531794839
DBP	VaD	apoe_excluded	rs6504163	rs6504163	17	61545779	FALSE	0.1842	0.0183	-0.0540168	0.0249784	101.31577532921256
DBP	VaD	apoe_excluded	rs1867624	rs1867624	17	62387091	FALSE	0.1412	0.0178	-0.00700191	0.0245762	62.925893195303615
DBP	VaD	apoe_excluded	rs1436138	rs1436138	17	75316880	FALSE	0.1991	0.0182	0.0290534	0.025592	119.6739826107958
DBP	VaD	apoe_excluded	rs7217916	rs7217916	17	76769434	FALSE	0.1111	0.0179	-0.0303493	0.0265272	38.52317343403764
DBP	VaD	apoe_excluded	rs11077961	rs11077961	17	81012749	FALSE	0.1073	0.0186	-0.00148886	0.0246192	33.27925193664008
DBP	VaD	apoe_excluded	rs7227492	rs7227492	18	772064	FALSE	0.181	0.0227	0.0667026	0.0360562	63.5777911467329
DBP	VaD	apoe_excluded	rs1903752	rs1903752	18	7129327	FALSE	0.0987	0.0178	-0.00195759	0.0245008	30.746401969448304
DBP	VaD	apoe_excluded	rs4410190	rs4410190	18	20020200	FALSE	0.1068	0.0176	0.00422488	0.0243278	36.8228305785124
DBP	VaD	apoe_excluded	rs10164193	rs10164193	18	31161426	FALSE	0.2196	0.0327	0.0609293	0.0530723	45.099234071206126
DBP	VaD	apoe_excluded	rs11661473	rs11661473	18	42177123	FALSE	0.2007	0.0196	0.0274054	0.0261996	104.85342044981259
DBP	VaD	apoe_excluded	rs58693787	rs58693787	18	48141710	FALSE	0.1584	0.0202	0.0535516	0.0262769	61.49044211351829
DBP	VaD	apoe_excluded	rs4102481	rs4102481	18	51774715	FALSE	0.1248	0.019	-3.34475e-4	0.0252141	43.14415512465374
DBP	VaD	apoe_excluded	rs2062011	rs2062011	18	60876114	FALSE	0.1138	0.0209	0.0282636	0.0257841	29.647764474256544
DBP	VaD	apoe_excluded	rs4891258	rs4891258	18	72995537	FALSE	0.1159	0.0187	-0.00600465	0.0265591	38.41348051131001
DBP	VaD	apoe_excluded	rs10424224	rs10424224	19	7240481	FALSE	0.1042	0.0182	0.0203842	0.0267517	32.77877067986958
DBP	VaD	apoe_excluded	rs7258382	rs7258382	19	7262569	FALSE	0.2624	0.0248	0.0525575	0.0435961	111.95005202913634
DBP	VaD	apoe_excluded	rs2009733	rs2009733	19	8398714	FALSE	0.1217	0.0176	0.0391566	0.0244276	47.8140818698347
DBP	VaD	apoe_excluded	rs387865	rs387865	19	11284539	FALSE	0.1059	0.0191	0.0243992	0.0252227	30.741509278802667
DBP	VaD	apoe_excluded	rs167479	rs167479	19	11526765	FALSE	0.362	0.0188	0.0252988	0.0248679	370.76731552738795
DBP	VaD	apoe_excluded	rs1077795	rs1077795	19	17222584	FALSE	0.1987	0.0199	0.0155721	0.0296389	99.69871972929974
DBP	VaD	apoe_excluded	rs72999033	rs72999033	19	19366632	FALSE	0.2793	0.0358	0.0660655	0.0504946	60.866148060297746
DBP	VaD	apoe_excluded	rs7257694	rs7257694	19	30314666	FALSE	0.1837	0.0178	0.0417646	0.0248386	106.50703825274586
DBP	VaD	apoe_excluded	rs8108717	rs8108717	19	31911914	FALSE	0.1323	0.0179	-0.00943997	0.0244473	54.62778939483786
DBP	VaD	apoe_excluded	rs2548459	rs2548459	19	49209339	FALSE	0.132	0.0176	0.0337812	0.0247245	56.25
DBP	VaD	apoe_excluded	rs73046792	rs73046792	19	49605705	FALSE	0.1518	0.0245	0.0433399	0.0387381	38.389404414827155
DBP	VaD	apoe_excluded	rs6108168	rs6108168	20	8626271	FALSE	0.1901	0.0199	-0.0115116	0.0290932	91.2552965834196
DBP	VaD	apoe_excluded	rs693974	rs693974	20	10557252	FALSE	0.1847	0.0177	-0.0186493	0.0245388	108.88981454882058
DBP	VaD	apoe_excluded	rs1327235	rs1327235	20	10969030	FALSE	0.3018	0.0173	0.0237476	0.0245703	304.33105015202653
DBP	VaD	apoe_excluded	rs6078393	rs6078393	20	11908101	FALSE	0.1205	0.0176	0.0139344	0.0246993	46.87580707644627
DBP	VaD	apoe_excluded	rs4814837	rs4814837	20	19241680	FALSE	0.1003	0.0184	0.0434336	0.0272206	29.714349007561438
DBP	VaD	apoe_excluded	rs7265695	rs7265695	20	40043096	FALSE	0.1967	0.0219	-0.00791612	0.0270817	80.67156648109925
DBP	VaD	apoe_excluded	rs6031431	rs6031431	20	42795152	FALSE	0.1153	0.0175	0.0238671	0.0243406	43.40927346938775
DBP	VaD	apoe_excluded	rs2598	rs2598	20	47241618	FALSE	0.1387	0.0175	0.0289286	0.0247063	62.81694693877549
DBP	VaD	apoe_excluded	rs79044887	rs79044887	20	47427831	FALSE	0.2427	0.0245	-0.036566	0.0423401	98.1312619741774
DBP	VaD	apoe_excluded	rs234623	rs234623	20	57488964	FALSE	0.1191	0.0174	0.0500777	0.0249385	46.851664684898935
DBP	VaD	apoe_excluded	rs6026739	rs6026739	20	57739469	FALSE	0.5032	0.0266	0.0318202	0.0325481	357.8639832664367
DBP	VaD	apoe_excluded	rs79208229	rs79208229	20	62516236	FALSE	0.2128	0.0326	0.024206600000000002	0.0311631	42.609657871956045
DBP	VaD	apoe_excluded	rs35213536	rs35213536	20	62694319	FALSE	0.2044	0.0205	-0.0514723	0.027966	99.41549077929804
DBP	VaD	apoe_excluded	rs1882961	rs1882961	21	16556367	FALSE	0.1272	0.0188	-0.0325384	0.0251431	45.77818017202354
DBP	VaD	apoe_excluded	rs1003763	rs1003763	21	40073020	FALSE	0.1484	0.0203	-0.0220951	0.0268658	53.44114149821642
DBP	VaD	apoe_excluded	rs12627514	rs12627514	21	44759440	FALSE	0.2164	0.0196	-0.0245431	0.02612	121.89962515618495
DBP	VaD	apoe_excluded	rs5992929	rs5992929	22	18451977	FALSE	0.1684	0.0193	0.0232331	0.0281702	76.13240623909365
DBP	VaD	apoe_excluded	rs2294239	rs2294239	22	29449477	FALSE	0.1458	0.0176	-0.0352981	0.0249674	68.62616219008267
DBP	VaD	apoe_excluded	rs5753630	rs5753630	22	31861950	FALSE	0.107	0.0175	0.0243207	0.0245101	37.38448979591836
SBP	VaD	all_ivs	rs2072927	rs2072927	1	1684800	FALSE	0.3378	0.0314	-0.00170779	0.0244281	115.7337417339446
SBP	VaD	all_ivs	rs263532	rs263532	1	2164116	FALSE	0.1798	0.0307	0.00499346	0.0244488	34.30067162516312
SBP	VaD	all_ivs	rs2493296	rs2493296	1	3327032	FALSE	0.4183	0.0442	-0.0413189	0.0388926	89.56352756905059
SBP	VaD	all_ivs	rs2232460	rs2232460	1	6659505	FALSE	0.2171	0.032	-0.00643909	0.0271956	46.027744140624996
SBP	VaD	all_ivs	rs488834	rs488834	1	10767902	FALSE	0.3799	0.0365	0.0241885	0.0283469	108.33102645899797
SBP	VaD	all_ivs	rs6699618	rs6699618	1	11881441	FALSE	0.9115	0.041	0.00327399	0.0346508	494.2488102320047
SBP	VaD	all_ivs	rs75461554	rs75461554	1	15810172	FALSE	0.3016	0.0377	-0.00185168	0.0298752	64
SBP	VaD	all_ivs	rs1889785	rs1889785	1	16348729	FALSE	0.1782	0.0304	0.00192562	0.0247536	34.36119286703601
SBP	VaD	all_ivs	rs404100	rs404100	1	25366987	FALSE	0.1935	0.0303	-0.0535908	0.024414	40.78276639545143
SBP	VaD	all_ivs	rs34079867	rs34079867	1	27407850	FALSE	0.1992	0.0354	-0.0438192	0.0267337	31.66446423441539
SBP	VaD	all_ivs	rs4908348	rs4908348	1	28706949	FALSE	0.2366	0.033	5.85305e-4	0.0254142	51.40455463728191
SBP	VaD	all_ivs	rs11210029	rs11210029	1	41865293	FALSE	0.203	0.0313	0.0111535	0.0249623	42.06330573957068
SBP	VaD	all_ivs	rs1408945	rs1408945	1	42364877	FALSE	0.3196	0.0304	-0.0418741	0.0247839	110.5264889196676
SBP	VaD	all_ivs	rs1209384	rs1209384	1	43765089	FALSE	0.2558	0.0313	0.00347768	0.0257017	66.79014790392881
SBP	VaD	all_ivs	rs778124	rs778124	1	56606206	FALSE	0.2965	0.0311	6.80472e-4	0.026194	90.89261897623061
SBP	VaD	all_ivs	rs61772592	rs61772592	1	56979681	FALSE	0.3181	0.0455	-0.031279	0.0325964	48.87700036227509
SBP	VaD	all_ivs	rs12063372	rs12063372	1	59621911	FALSE	0.1989	0.0318	-0.0135968	0.0252055	39.12148451406194
SBP	VaD	all_ivs	rs12136922	rs12136922	1	67007389	FALSE	0.2027	0.0304	-0.00776898	0.0245644	44.459065529778385
SBP	VaD	all_ivs	rs658780	rs658780	1	78555928	FALSE	0.2028	0.0347	0.0432245	0.0294495	34.15678230032639
SBP	VaD	all_ivs	rs786923	rs786923	1	89242954	FALSE	0.3082	0.031	-0.0502874	0.0267692	98.84208116545264
SBP	VaD	all_ivs	rs7514579	rs7514579	1	94051350	FALSE	0.2243	0.0361	-0.0179401	0.0299755	38.60505214048388
SBP	VaD	all_ivs	rs10776752	rs10776752	1	113044328	FALSE	0.8211	0.0576	0.0455661	0.0326553	203.21096462673611
SBP	VaD	all_ivs	rs59980837	rs59980837	1	115827266	FALSE	1.0997	0.1163	-0.105718	0.109571	89.41060234265312
SBP	VaD	all_ivs	rs11204684	rs11204684	1	150608894	FALSE	0.1716	0.0305	-0.0302054	0.0245701	31.65445847890352
SBP	VaD	all_ivs	rs76719272	rs76719272	1	156129796	FALSE	0.2738	0.0461	0.0264738	0.0358458	35.27483872182042
SBP	VaD	all_ivs	rs12731646	rs12731646	1	169090660	FALSE	0.189	0.0307	-0.0195743	0.0246736	37.90066738108627
SBP	VaD	all_ivs	rs1043069	rs1043069	1	180859368	FALSE	0.234	0.0311	-0.00347131	0.0246462	56.61231790407461
SBP	VaD	all_ivs	rs4651224	rs4651224	1	184585182	FALSE	0.1986	0.0306	-3.36355e-4	0.0244172	42.122645136485964
SBP	VaD	all_ivs	rs12042924	rs12042924	1	197297417	FALSE	0.1807	0.0303	-0.0255342	0.0245305	35.565674389221094
SBP	VaD	all_ivs	rs11120093	rs11120093	1	207211326	FALSE	0.1792	0.0307	-0.028255	0.0248661	34.072128086239644
SBP	VaD	all_ivs	rs2724377	rs2724377	1	207974818	FALSE	0.1938	0.0301	0.00946957	0.0244385	41.45477422986502
SBP	VaD	all_ivs	rs7555285	rs7555285	1	209970355	FALSE	0.2294	0.0376	-9.15921e-4	0.0286501	37.222979855138064
SBP	VaD	all_ivs	rs68085857	rs68085857	1	217737629	FALSE	0.274	0.0357	-0.0442878	0.0287126	58.90669993487592
SBP	VaD	all_ivs	rs4595370	rs4595370	1	221298122	FALSE	0.2092	0.0328	0.0361899	0.0262279	40.67950624628196
SBP	VaD	all_ivs	rs1745417	rs1745417	1	228204279	FALSE	0.2871	0.0301	-0.00796349	0.0245259	90.97737331817534
SBP	VaD	all_ivs	rs699	rs699	1	230845794	FALSE	0.3748	0.0308	0.00168385	0.0246204	148.08045201551695
SBP	VaD	all_ivs	rs1565440	rs1565440	1	243387788	FALSE	0.1746	0.0311	0.0162106	0.0252744	31.518656754996332
SBP	VaD	all_ivs	rs4926499	rs4926499	1	249155909	FALSE	0.2965	0.0438	-0.0338305	0.030778	45.82486290944726
SBP	VaD	all_ivs	rs17760259	rs17760259	2	19744462	FALSE	0.2654	0.0304	-0.0092981	0.0244751	76.21749480609421
SBP	VaD	all_ivs	rs2384063	rs2384063	2	25187115	FALSE	0.3266	0.0357	-0.0316842	0.0282277	83.69430909618748
SBP	VaD	all_ivs	rs1275988	rs1275988	2	26914364	FALSE	0.541	0.0308	0.0307181	0.0244803	308.52694383538545
SBP	VaD	all_ivs	rs13420463	rs13420463	2	37517566	FALSE	0.3143	0.036	-0.0107938	0.0297023	76.22260030864199
SBP	VaD	all_ivs	rs4952609	rs4952609	2	40555733	FALSE	0.2124	0.0347	-0.0222661	0.0261957	37.46709963540931
SBP	VaD	all_ivs	rs115262049	rs115262049	2	43196694	FALSE	0.5893	0.0552	-0.0353183	0.0455566	113.97109653959254
SBP	VaD	all_ivs	rs12464602	rs12464602	2	43397614	FALSE	0.2437	0.0315	0.0144948	0.0248063	59.85355505165029
SBP	VaD	all_ivs	rs13016772	rs13016772	2	55779476	FALSE	0.2522	0.0355	-0.0105755	0.0310082	50.47001785360048
SBP	VaD	all_ivs	rs2249105	rs2249105	2	65287896	FALSE	0.2927	0.0313	0.0132839	0.0258892	87.44938705100594
SBP	VaD	all_ivs	rs10188003	rs10188003	2	66773469	FALSE	0.1883	0.0307	0.00874608	0.0247382	37.6204415961973
SBP	VaD	all_ivs	rs6731373	rs6731373	2	68503044	FALSE	0.1913	0.0326	-0.00635873	0.0293068	34.43457600963529
SBP	VaD	all_ivs	rs6732123	rs6732123	2	69534650	FALSE	0.1737	0.0307	-0.0236849	0.0251302	32.01274284077284
SBP	VaD	all_ivs	rs4577304	rs4577304	2	73403040	FALSE	0.1767	0.0302	0.0408347	0.0245055	34.234123503355114
SBP	VaD	all_ivs	rs72847885	rs72847885	2	86326717	FALSE	0.2413	0.0318	-0.0253426	0.0256029	57.578507574858584
SBP	VaD	all_ivs	rs10207726	rs10207726	2	112744260	FALSE	0.2142	0.033	-0.0177984	0.0245123	42.13190082644627
SBP	VaD	all_ivs	rs6737318	rs6737318	2	114083120	FALSE	0.2348	0.0364	0.0459137	0.0295556	41.60958821398382
SBP	VaD	all_ivs	rs2580350	rs2580350	2	121996007	FALSE	0.1769	0.0307	-0.0404059	0.0247549	33.20312151853069
SBP	VaD	all_ivs	rs17257081	rs17257081	2	135630498	FALSE	0.2274	0.0392	-0.0293933	0.0292804	33.651837775926694
SBP	VaD	all_ivs	rs55944332	rs55944332	2	145726621	FALSE	0.2613	0.0355	-0.0218794	0.0279418	54.17789327514382
SBP	VaD	all_ivs	rs62170470	rs62170470	2	146989797	FALSE	0.1972	0.0321	0.0442991	0.0246153	37.74016168321348
SBP	VaD	all_ivs	rs55732192	rs55732192	2	162278233	FALSE	0.3358	0.0521	0.0475999	0.0366397	41.54185992536131
SBP	VaD	all_ivs	rs268263	rs268263	2	164954174	FALSE	0.5938	0.0353	-0.00926773	0.0302779	282.96386296334936
SBP	VaD	all_ivs	rs10048760	rs10048760	2	174977976	FALSE	0.1862	0.0301	-0.00849262	0.0244933	38.2671714440238
SBP	VaD	all_ivs	rs71421551	rs71421551	2	177053298	FALSE	0.2374	0.0333	0.0290041	0.0281062	50.824482139797446
SBP	VaD	all_ivs	rs4893914	rs4893914	2	177539076	FALSE	0.1736	0.0304	0.024991	0.0248655	32.6101108033241
SBP	VaD	all_ivs	rs4894132	rs4894132	2	180738654	FALSE	0.2469	0.0342	0.0157273	0.0270114	52.118267159125885
SBP	VaD	all_ivs	rs12473915	rs12473915	2	182987704	FALSE	0.295	0.0375	0.0486964	0.034736	61.88444444444444
SBP	VaD	all_ivs	rs13412750	rs13412750	2	191634958	FALSE	0.2889	0.0341	0.00485594	0.0323632	71.77716909899297
SBP	VaD	all_ivs	rs2043444	rs2043444	2	204143126	FALSE	0.2435	0.031	-0.0230503	0.0243677	61.698491155046824
SBP	VaD	all_ivs	rs4675682	rs4675682	2	208402750	FALSE	0.2837	0.0303	0.0407439	0.0242319	87.66644882310013
SBP	VaD	all_ivs	rs12694277	rs12694277	2	213188795	FALSE	0.2018	0.0335	-0.0143258	0.0270137	36.287137447092896
SBP	VaD	all_ivs	rs2161967	rs2161967	2	218680529	FALSE	0.2836	0.0307	0.012927	0.0244462	85.33667200713006
SBP	VaD	all_ivs	rs10804330	rs10804330	2	227185749	FALSE	0.2351	0.0306	0.0309776	0.0245655	59.02858943141527
SBP	VaD	all_ivs	rs1044822	rs1044822	2	230629138	FALSE	0.248	0.0424	-0.00670538	0.0383296	34.21146315414738
SBP	VaD	all_ivs	rs3754944	rs3754944	2	231279616	FALSE	0.1768	0.0308	0.0218103	0.0246318	32.95058188564683
SBP	VaD	all_ivs	rs139354822	rs139354822	2	242344695	FALSE	0.6115	0.0975	-0.0370948	0.0599191	39.33541091387245
SBP	VaD	all_ivs	rs9848170	rs9848170	3	11495983	FALSE	0.3231	0.0307	0.0320942	0.0244466	110.76362613926936
SBP	VaD	all_ivs	rs11925504	rs11925504	3	14943965	FALSE	0.2901	0.0305	-0.00133218	0.0244433	90.46816447191617
SBP	VaD	all_ivs	rs189267552	rs189267552	3	20073193	FALSE	0.8664	0.139	-0.0631859	0.07528	38.85145489363904
SBP	VaD	all_ivs	rs2643826	rs2643826	3	27562988	FALSE	0.4473	0.0306	0.0283963	0.0248922	213.67560553633217
SBP	VaD	all_ivs	rs68115553	rs68115553	3	27704702	FALSE	0.6445	0.1143	0.087299	0.0783736	31.79460124352347
SBP	VaD	all_ivs	rs743395	rs743395	3	37598382	FALSE	0.2597	0.0317	-0.0116679	0.0247751	67.11589328185174
SBP	VaD	all_ivs	rs6788984	rs6788984	3	41107173	FALSE	0.2999	0.0432	0.0335164	0.0462451	48.19316379458161
SBP	VaD	all_ivs	rs1052501	rs1052501	3	41925398	FALSE	0.2262	0.0412	0.00525263	0.0304291	30.143298143086064
SBP	VaD	all_ivs	rs6771917	rs6771917	3	48108442	FALSE	0.3793	0.0355	0.0109086	0.0303239	114.15869073596514
SBP	VaD	all_ivs	rs7615099	rs7615099	3	53143901	FALSE	0.1891	0.0321	-0.0408002	0.0261168	34.70347725662601
SBP	VaD	all_ivs	rs6445583	rs6445583	3	53562894	FALSE	0.2774	0.0349	-0.0158504	0.0282901	63.17744517696899
SBP	VaD	all_ivs	rs3772219	rs3772219	3	56771251	FALSE	0.2733	0.0324	0.0123558	0.0269573	71.15234910836763
SBP	VaD	all_ivs	rs7618284	rs7618284	3	66422246	FALSE	0.1891	0.0331	0.0288039	0.0287754	32.63826544116976
SBP	VaD	all_ivs	rs4499560	rs4499560	3	70920485	FALSE	0.2199	0.0326	0.00484442	0.0268916	45.500404606872685
SBP	VaD	all_ivs	rs1375564	rs1375564	3	85656311	FALSE	0.2579	0.0315	-0.00149618	0.0271463	67.0319072814311
SBP	VaD	all_ivs	rs12637573	rs12637573	3	121682388	FALSE	0.1731	0.0302	-0.001838	0.0243297	32.853394587956664
SBP	VaD	all_ivs	rs6438857	rs6438857	3	124557643	FALSE	0.2736	0.0305	0.0152481	0.0244845	80.46972319269014
SBP	VaD	all_ivs	rs9880098	rs9880098	3	133949366	FALSE	0.3081	0.0308	-0.0185328	0.0243958	100.0649456063417
SBP	VaD	all_ivs	rs1199330	rs1199330	3	138101529	FALSE	0.2654	0.047	0.0513487	0.0391231	31.88644635581712
SBP	VaD	all_ivs	rs9876694	rs9876694	3	141152017	FALSE	0.4713	0.0651	0.0126844	0.0561577	52.41226188706491
SBP	VaD	all_ivs	rs4408839	rs4408839	3	153729768	FALSE	0.2301	0.0345	-0.0404455	0.0272248	44.48310018903591
SBP	VaD	all_ivs	rs79539362	rs79539362	3	154680449	FALSE	0.4003	0.0504	0.0563647	0.0430994	63.082675894431844
SBP	VaD	all_ivs	rs17684859	rs17684859	3	158213841	FALSE	0.2241	0.034	-0.015725	0.0274582	43.44360726643598
SBP	VaD	all_ivs	rs3980686	rs3980686	3	168697602	FALSE	0.4998	0.0487	-0.0224535	0.0443311	105.32575505230449
SBP	VaD	all_ivs	rs1290784	rs1290784	3	169096900	FALSE	0.4124	0.0303	-0.0426096	0.024794	185.24737226197865
SBP	VaD	all_ivs	rs2111557	rs2111557	3	169325621	FALSE	0.1764	0.0302	-0.00975343	0.0243966	34.117977281698174
SBP	VaD	all_ivs	rs4955575	rs4955575	3	169534538	FALSE	0.2158	0.0348	-0.031235	0.0267787	38.454254194741715
SBP	VaD	all_ivs	rs13091418	rs13091418	3	185329756	FALSE	0.2234	0.0325	0.0285331	0.026297	47.24976094674555
SBP	VaD	all_ivs	rs9869437	rs9869437	3	196228360	FALSE	0.2001	0.0318	0.0346445	0.0260609	39.59496262014951
SBP	VaD	all_ivs	rs34535756	rs34535756	4	2246927	FALSE	0.478	0.0786	0.100244	0.0665697	36.983729256906805
SBP	VaD	all_ivs	rs1290933	rs1290933	4	2668217	FALSE	0.2847	0.0327	0.0522816	0.0276349	75.80178436158573
SBP	VaD	all_ivs	rs2498323	rs2498323	4	3451109	FALSE	0.3171	0.0517	-0.040733	0.0489439	37.61935956960443
SBP	VaD	all_ivs	rs2610990	rs2610990	4	18008232	FALSE	0.2903	0.0343	0.0299455	0.0260421	71.63179457538953
SBP	VaD	all_ivs	rs55924432	rs55924432	4	26812737	FALSE	0.2651	0.0317	0.0350547	0.0244676	69.93602284827196
SBP	VaD	all_ivs	rs2291434	rs2291434	4	38387244	FALSE	0.2622	0.0303	0.0148095	0.0245116	74.8824625036761
SBP	VaD	all_ivs	rs12511987	rs12511987	4	46595623	FALSE	0.2329	0.0399	0.0150179	0.0320177	34.07165155997764
SBP	VaD	all_ivs	rs62309747	rs62309747	4	48713862	FALSE	0.2244	0.0304	0.011723	0.0243766	54.48770775623267
SBP	VaD	all_ivs	rs60991988	rs60991988	4	54801228	FALSE	0.3789	0.0498	0.0586773	0.0417538	57.88826389896938
SBP	VaD	all_ivs	rs13107261	rs13107261	4	63768826	FALSE	0.1778	0.0314	-0.0313874	0.0256194	32.063004584364485
SBP	VaD	all_ivs	rs5020545	rs5020545	4	77414988	FALSE	0.2179	0.0305	0.041565	0.0247176	51.04048374092987
SBP	VaD	all_ivs	rs12509595	rs12509595	4	81182554	FALSE	0.8367	0.0334	0.0344934	0.0263532	627.5475008067698
SBP	VaD	all_ivs	rs6823199	rs6823199	4	83925895	FALSE	0.2094	0.0348	-0.0430631	0.0282246	36.20719381688467
SBP	VaD	all_ivs	rs17010957	rs17010957	4	86719165	FALSE	0.534	0.043	0.0386056	0.0342144	154.22174148188216
SBP	VaD	all_ivs	rs13149209	rs13149209	4	89750668	FALSE	0.281	0.0367	0.0113806	0.0260151	58.62468353020662
SBP	VaD	all_ivs	rs13107325	rs13107325	4	103188709	FALSE	0.9086	0.0592	0.0787104	0.102783	235.56027437910882
SBP	VaD	all_ivs	rs11097909	rs11097909	4	106911321	FALSE	0.3628	0.043	0.0207799	0.0397837	71.18650081124935
SBP	VaD	all_ivs	rs1493132	rs1493132	4	108861082	FALSE	0.1766	0.0318	0.00690416	0.025027400000000002	30.840908191922786
SBP	VaD	all_ivs	rs1814951	rs1814951	4	111408718	FALSE	0.3231	0.0466	0.0361928	0.0310334	48.073094917939166
SBP	VaD	all_ivs	rs2389873	rs2389873	4	120554714	FALSE	0.1972	0.0303	-0.00667631	0.0243618	42.35732880218714
SBP	VaD	all_ivs	rs7439567	rs7439567	4	138464842	FALSE	0.2537	0.0309	-0.00217221	0.024443	67.40994543417014
SBP	VaD	all_ivs	rs72719160	rs72719160	4	144051276	FALSE	0.2243	0.0324	0.0141841	0.0269925	47.92570682822741
SBP	VaD	all_ivs	rs2353940	rs2353940	4	145740898	FALSE	0.2075	0.0358	-0.026793	0.0285211	33.59465216441434
SBP	VaD	all_ivs	rs73855810	rs73855810	4	148383424	FALSE	0.2732	0.0434	-0.00293588	0.0367205	39.62615472828048
SBP	VaD	all_ivs	rs7683728	rs7683728	4	156402654	FALSE	0.3654	0.0304	-0.0510404	0.0249768	144.47407375346262
SBP	VaD	all_ivs	rs12643599	rs12643599	4	156639846	FALSE	0.3134	0.0313	-0.0148837	0.0259345	100.2557543712807
SBP	VaD	all_ivs	rs17035181	rs17035181	4	157678511	FALSE	0.3074	0.0429	0.0154114	0.0346674	51.344406952798565
SBP	VaD	all_ivs	rs869396	rs869396	4	169688000	FALSE	0.2115	0.0305	-0.0365001	0.0248184	48.086267132491265
SBP	VaD	all_ivs	rs4957026	rs4957026	5	361148	FALSE	0.1982	0.0323	-0.0185182	0.0261101	37.65323160386852
SBP	VaD	all_ivs	rs10069690	rs10069690	5	1279790	FALSE	0.3098	0.0369	0.015812	0.0266288	70.48717327281675
SBP	VaD	all_ivs	rs7725413	rs7725413	5	15695987	FALSE	0.1985	0.0359	-0.0228343	0.0287304	30.57258245978849
SBP	VaD	all_ivs	rs12656497	rs12656497	5	32831939	FALSE	0.6382	0.0307	0.0489769	0.0246322	432.1523199185136
SBP	VaD	all_ivs	rs10941043	rs10941043	5	33194751	FALSE	0.2585	0.0332	-0.0119055	0.0267379	60.62404739439687
SBP	VaD	all_ivs	rs2113077	rs2113077	5	50799442	FALSE	0.2097	0.0305	0.00673277	0.0247264	47.27126041386724
SBP	VaD	all_ivs	rs1694068	rs1694068	5	53283630	FALSE	0.2657	0.0311	-0.0388117	0.0245929	72.98982640791556
SBP	VaD	all_ivs	rs10043077	rs10043077	5	55692939	FALSE	0.1931	0.0324	-0.00620878	0.0251641	35.52012841030331
SBP	VaD	all_ivs	rs34496659	rs34496659	5	61798934	FALSE	0.4545	0.0616	0.0314351	0.0345531	54.43852515179625
SBP	VaD	all_ivs	rs6870654	rs6870654	5	63831964	FALSE	0.2136	0.0347	-0.0122581	0.0307777	37.891652617329264
SBP	VaD	all_ivs	rs4286632	rs4286632	5	66291370	FALSE	0.211	0.0343	-0.0268581	0.0290639	37.842225603277555
SBP	VaD	all_ivs	rs7703560	rs7703560	5	67678506	FALSE	0.2246	0.0333	0.0490289	0.0272138	45.49158167176184
SBP	VaD	all_ivs	rs246973	rs246973	5	68007803	FALSE	0.2479	0.0335	-0.0180805	0.0266758	54.75999999999999
SBP	VaD	all_ivs	rs6452769	rs6452769	5	87389027	FALSE	0.3143	0.0377	-1.15932e-4	0.0350792	69.5034018391743
SBP	VaD	all_ivs	rs76443575	rs76443575	5	96211594	FALSE	0.5233	0.0816	-0.0148864	0.0607112	41.126443254998065
SBP	VaD	all_ivs	rs1871190	rs1871190	5	97953719	FALSE	0.1954	0.0324	0.0327856	0.0248181	36.37132296905959
SBP	VaD	all_ivs	rs11241313	rs11241313	5	114428167	FALSE	0.2071	0.0326	0.0353074	0.0271037	40.35756897135761
SBP	VaD	all_ivs	rs1624823	rs1624823	5	122475438	FALSE	0.3371	0.0313	-0.00505566	0.0248774	115.99221182210698
SBP	VaD	all_ivs	rs9327297	rs9327297	5	122835051	FALSE	0.2747	0.0319	-0.0358426	0.0261781	74.15423394031114
SBP	VaD	all_ivs	rs758179	rs758179	5	127354424	FALSE	0.2091	0.0367	-0.0238156	0.0280537	32.46204961058438
SBP	VaD	all_ivs	rs6892983	rs6892983	5	127845030	FALSE	0.3427	0.0307	-0.0334727	0.0256892	124.60958736962725
SBP	VaD	all_ivs	rs702395	rs702395	5	140086677	FALSE	0.2318	0.0305	0.0197464	0.0244298	57.760000000000005
SBP	VaD	all_ivs	rs2913920	rs2913920	5	141726983	FALSE	0.2418	0.0359	0.0334513	0.0281924	45.365290461743776
SBP	VaD	all_ivs	rs1957563	rs1957563	5	157474590	FALSE	0.3629	0.0342	0.0738189	0.029067	112.59567901234567
SBP	VaD	all_ivs	rs11960210	rs11960210	5	157817634	FALSE	0.4727	0.0313	2.38337e-4	0.0256172	228.07754493768437
SBP	VaD	all_ivs	rs13358657	rs13358657	5	157938070	FALSE	0.388	0.0445	0.0127265	0.0372649	76.0227244034844
SBP	VaD	all_ivs	rs3860770	rs3860770	5	173301427	FALSE	0.2663	0.0333	0.0171977	0.0249531	63.95196096997896
SBP	VaD	all_ivs	rs12153395	rs12153395	5	179411477	FALSE	0.3303	0.0486	-0.0514202	0.0358771	46.18964334705076
SBP	VaD	all_ivs	rs2745599	rs2745599	6	1613686	FALSE	0.2164	0.0317	0.0131765	0.0250119	46.601080715302174
SBP	VaD	all_ivs	rs1575290	rs1575290	6	7715689	FALSE	0.1973	0.0301	-0.00629422	0.0244284	42.965629518438
SBP	VaD	all_ivs	rs1630736	rs1630736	6	12295987	FALSE	0.1706	0.0309	0.0609388	0.0245371	30.481834082173417
SBP	VaD	all_ivs	rs9349379	rs9349379	6	12903957	FALSE	0.2664	0.0312	0.0313139	0.0243906	72.905325443787
SBP	VaD	all_ivs	rs9368222	rs9368222	6	20686996	FALSE	0.2281	0.0339	0.00606147	0.0258564	45.27424056525788
SBP	VaD	all_ivs	rs2655445	rs2655445	6	22377623	FALSE	0.2018	0.0312	9.73972e-4	0.0249333	41.834360618014465
SBP	VaD	all_ivs	rs116025100	rs116025100	6	30935290	FALSE	0.5365	0.0851	0.0172989	0.0803696	39.74480151228734
SBP	VaD	all_ivs	rs2753960	rs2753960	6	31762844	FALSE	0.4466	0.0309	-0.0119551	0.0253488	208.89136058482842
SBP	VaD	all_ivs	rs2815063	rs2815063	6	39262535	FALSE	0.2755	0.0458	-0.0106568	0.0362235	36.1836397093877
SBP	VaD	all_ivs	rs7763558	rs7763558	6	43349215	FALSE	0.3363	0.0321	0.00615742	0.0264666	109.75989169359771
SBP	VaD	all_ivs	rs998584	rs998584	6	43757896	FALSE	0.1701	0.0312	0.0401207	0.0245349	29.723465236686398
SBP	VaD	all_ivs	rs78648104	rs78648104	6	50683009	FALSE	0.4287	0.0541	0.021082300000000002	0.0331592	62.79317413839642
SBP	VaD	all_ivs	rs1984195	rs1984195	6	79657391	FALSE	0.2409	0.0303	-0.00539095	0.0245107	63.21037153220272
SBP	VaD	all_ivs	rs9361836	rs9361836	6	82235408	FALSE	0.2196	0.0324	0.0161209	0.0258263	45.93827160493827
SBP	VaD	all_ivs	rs6921291	rs6921291	6	97066242	FALSE	0.3575	0.0385	0.0453209	0.0373416	86.22448979591834
SBP	VaD	all_ivs	rs9486916	rs9486916	6	109013930	FALSE	0.2657	0.0385	-0.0104431	0.0292416	47.62792376454714
SBP	VaD	all_ivs	rs560955	rs560955	6	117481404	FALSE	0.1784	0.0307	-0.0028719	0.0248289	33.76859170919585
SBP	VaD	all_ivs	rs10782230	rs10782230	6	126228512	FALSE	0.2106	0.0302	0.0209436	0.0244916	48.62984079645629
SBP	VaD	all_ivs	rs9401913	rs9401913	6	127159982	FALSE	0.5202	0.0305	0.0132148	0.0243244	290.8981886589627
SBP	VaD	all_ivs	rs2327429	rs2327429	6	134209837	FALSE	0.2	0.0338	-0.0242179	0.0283424	35.01277966457758
SBP	VaD	all_ivs	rs8180684	rs8180684	6	143200936	FALSE	0.2134	0.0335	-0.0138029	0.0266831	40.57880151481399
SBP	VaD	all_ivs	rs7765526	rs7765526	6	147713764	FALSE	0.201	0.0307	0.0219399	0.0246059	42.86623730755764
SBP	VaD	all_ivs	rs17080102	rs17080102	6	151004770	FALSE	0.8085	0.0594	-0.0110272	0.0459503	185.26234567901233
SBP	VaD	all_ivs	rs1293969	rs1293969	6	151959945	FALSE	0.1988	0.0347	0.00179939	0.0265225	32.822662757767276
SBP	VaD	all_ivs	rs509833	rs509833	6	159711515	FALSE	0.329	0.044	-0.0260982	0.0371653	55.90960743801654
SBP	VaD	all_ivs	rs12661036	rs12661036	6	163737476	FALSE	0.2104	0.0374	-0.0705215	0.0268744	31.64814550030026
SBP	VaD	all_ivs	rs7744902	rs7744902	6	166176722	FALSE	0.4088	0.0593	0.0187784	0.0470284	47.52393437774599
SBP	VaD	all_ivs	rs6959688	rs6959688	7	1966831	FALSE	0.2344	0.031	0.0378065	0.0249959	57.17311134235172
SBP	VaD	all_ivs	rs10282122	rs10282122	7	2529623	FALSE	0.302	0.0327	0.0119704	0.027888	85.29398011764816
SBP	VaD	all_ivs	rs73049928	rs73049928	7	4669949	FALSE	0.2382	0.0392	9.78696e-4	0.0268018	36.92422428154936
SBP	VaD	all_ivs	rs3807925	rs3807925	7	18543250	FALSE	0.1859	0.0319	-0.0223065	0.0252725	33.96076099881095
SBP	VaD	all_ivs	rs28688791	rs28688791	7	19039605	FALSE	0.3222	0.038	-0.0247577	0.0281402	71.89254847645428
SBP	VaD	all_ivs	rs112509803	rs112509803	7	24735004	FALSE	0.2641	0.0477	0.0181451	0.039806	30.654909923570187
SBP	VaD	all_ivs	rs3735533	rs3735533	7	27245893	FALSE	0.91	0.0577	0.00844264	0.0413492	248.73171156612972
SBP	VaD	all_ivs	rs6961048	rs6961048	7	27328187	FALSE	0.5304	0.0497	0.0237302	0.0356575	113.8922711318211
SBP	VaD	all_ivs	rs977184	rs977184	7	28650761	FALSE	0.184	0.0314	-0.00939361	0.0246937	34.33810702259727
SBP	VaD	all_ivs	rs11977526	rs11977526	7	46008110	FALSE	0.3213	0.0312	0.0497884	0.0260986	106.05038831360947
SBP	VaD	all_ivs	rs12668436	rs12668436	7	47548893	FALSE	0.2151	0.035	-0.0282574	0.0279784	37.76980408163266
SBP	VaD	all_ivs	rs848445	rs848445	7	77572461	FALSE	0.2025	0.0339	0.0336225	0.027735	35.68212076121858
SBP	VaD	all_ivs	rs2392929	rs2392929	7	106414069	FALSE	0.7507	0.0379	0.0390928	0.0267967	392.3326139472713
SBP	VaD	all_ivs	rs34072724	rs34072724	7	130432469	FALSE	0.2422	0.0303	0.0205121	0.0243908	63.8944330076572
SBP	VaD	all_ivs	rs35680304	rs35680304	7	130973495	FALSE	0.2694	0.031	0.0146665	0.0249651	75.52170655567116
SBP	VaD	all_ivs	rs75672964	rs75672964	7	131321010	FALSE	0.5885	0.0839	-0.0143731	0.0459089	49.200442947433025
SBP	VaD	all_ivs	rs73727605	rs73727605	7	149474622	FALSE	0.3616	0.0623	0.0545118	0.0592219	33.688428331817505
SBP	VaD	all_ivs	rs3918226	rs3918226	7	150690176	FALSE	0.664	0.0575	-0.00694244	0.0480354	133.3522873345936
SBP	VaD	all_ivs	rs10224210	rs10224210	7	151413194	FALSE	0.3831	0.034	0.0070271	0.0290605	126.95987024221454
SBP	VaD	all_ivs	rs62480403	rs62480403	7	155744252	FALSE	0.2056	0.0326	0.0427874	0.0264878	39.77507621664347
SBP	VaD	all_ivs	rs71499040	rs71499040	8	1711918	FALSE	0.2215	0.0338	0.0233777	0.0287602	42.94514372746053
SBP	VaD	all_ivs	rs1821002	rs1821002	8	10640065	FALSE	0.3794	0.0307	0.03145	0.0245078	152.72773185922395
SBP	VaD	all_ivs	rs10866828	rs10866828	8	23401534	FALSE	0.2476	0.0355	0.0203372	0.0275256	48.64571315215236
SBP	VaD	all_ivs	rs7821832	rs7821832	8	25889446	FALSE	0.4222	0.0348	-0.0283155	0.026658	147.18988637864982
SBP	VaD	all_ivs	rs77375686	rs77375686	8	26043622	FALSE	0.3467	0.0485	-0.0442357	0.0431308	51.1003889892656
SBP	VaD	all_ivs	rs1906672	rs1906672	8	38130025	FALSE	0.2966	0.0358	0.011191	0.0317985	68.6398364595362
SBP	VaD	all_ivs	rs4873492	rs4873492	8	51947549	FALSE	0.3431	0.0403	0.00437039	0.0329486	72.48219618370904
SBP	VaD	all_ivs	rs2354862	rs2354862	8	64501744	FALSE	0.2507	0.0317	-0.04601	0.0285765	62.54464667774582
SBP	VaD	all_ivs	rs13253358	rs13253358	8	68920135	FALSE	0.2127	0.033	0.00608935	0.0271283	41.54388429752066
SBP	VaD	all_ivs	rs2126474	rs2126474	8	76878957	FALSE	0.2601	0.0306	0.0082742	0.0254377	72.25
SBP	VaD	all_ivs	rs9918879	rs9918879	8	77681093	FALSE	0.2984	0.0499	-0.0498083	0.0345521	35.75992064288898
SBP	VaD	all_ivs	rs148401029	rs148401029	8	81386066	FALSE	0.4623	0.0848	-0.0299714	0.0756067	29.72049800863296
SBP	VaD	all_ivs	rs10091532	rs10091532	8	82853793	FALSE	0.2067	0.0305	0.0186873	0.0244893	45.92839559258264
SBP	VaD	all_ivs	rs843093	rs843093	8	92528310	FALSE	0.2085	0.0338	-0.0216503	0.0273504	38.052107769335805
SBP	VaD	all_ivs	rs2613203	rs2613203	8	95253197	FALSE	0.2681	0.0389	-0.0147549	0.0324526	47.50008921431924
SBP	VaD	all_ivs	rs79069610	rs79069610	8	105921209	FALSE	0.4005	0.0727	-0.0643518	0.0787236	30.34842931986703
SBP	VaD	all_ivs	rs35783704	rs35783704	8	105966258	FALSE	0.4619	0.0507	-0.0284663	0.033616	83.00036568903204
SBP	VaD	all_ivs	rs7830607	rs7830607	8	110097287	FALSE	0.206	0.0327	0.0214499	0.0257806	39.686146882510826
SBP	VaD	all_ivs	rs2470004	rs2470004	8	120358445	FALSE	0.3454	0.0392	-0.0422131	0.0373161	77.63767700957935
SBP	VaD	all_ivs	rs4598218	rs4598218	8	129483956	FALSE	0.1911	0.0313	0.0246222	0.0263809	37.27629147995793
SBP	VaD	all_ivs	rs7012866	rs7012866	8	135616959	FALSE	0.2325	0.0301	0.00729037	0.0249173	59.664076555446414
SBP	VaD	all_ivs	rs4440615	rs4440615	8	141057641	FALSE	0.2201	0.0312	-0.0329729	0.0246559	49.76578936554898
SBP	VaD	all_ivs	rs4961293	rs4961293	8	141812374	FALSE	0.2268	0.0303	0.00475746	0.024426	56.027448289383386
SBP	VaD	all_ivs	rs3802228	rs3802228	8	143992218	FALSE	0.2747	0.0305	0.0254214	0.0246499	81.118075786079
SBP	VaD	all_ivs	rs60191654	rs60191654	9	753648	FALSE	0.2382	0.0385	0.0334446	0.0325977	38.27912970146736
SBP	VaD	all_ivs	rs927315	rs927315	9	4117713	FALSE	0.1689	0.0303	-0.0569667	0.0247209	31.072345848446226
SBP	VaD	all_ivs	rs1332813	rs1332813	9	9350706	FALSE	0.2203	0.0314	-0.0466473	0.0264306	49.22318349628788
SBP	VaD	all_ivs	rs9886665	rs9886665	9	22942770	FALSE	0.2048	0.0343	-0.0276308	0.0267494	35.65099575856999
SBP	VaD	all_ivs	rs4553000	rs4553000	9	34223553	FALSE	0.2035	0.03	0.0599746	0.0244193	46.01361111111111
SBP	VaD	all_ivs	rs76452347	rs76452347	9	35906471	FALSE	0.2974	0.0397	0.0352063	0.0320403	56.117835910385836
SBP	VaD	all_ivs	rs10746963	rs10746963	9	77238558	FALSE	0.2177	0.0388	-0.0245772	0.0324529	31.48135428844723
SBP	VaD	all_ivs	rs7045409	rs7045409	9	95201540	FALSE	0.1862	0.0313	-0.0228208	0.0265917	35.38919454113036
SBP	VaD	all_ivs	rs10980408	rs10980408	9	113249071	FALSE	0.7606	0.0827	0.065796	0.107098	84.5866105984686
SBP	VaD	all_ivs	rs2900568	rs2900568	9	116689758	FALSE	0.1889	0.03	-1.81145e-4	0.0243164	39.648011111111124
SBP	VaD	all_ivs	rs34025993	rs34025993	9	123516572	FALSE	0.223	0.0308	0.0178132	0.0246721	52.42136110642603
SBP	VaD	all_ivs	rs7854147	rs7854147	9	125863350	FALSE	0.3056	0.0461	-0.0809521	0.0337462	43.94453254031366
SBP	VaD	all_ivs	rs13289468	rs13289468	9	128180332	FALSE	0.2488	0.0306	9.25549e-4	0.0247103	66.10859071297364
SBP	VaD	all_ivs	rs6271	rs6271	9	136522274	FALSE	0.5547	0.0611	0.0147511	0.0490199	82.4202469188714
SBP	VaD	all_ivs	rs11145807	rs11145807	9	139520789	FALSE	0.2135	0.0322	0.0314122	0.0249541	43.96266540642722
SBP	VaD	all_ivs	rs11252324	rs11252324	10	4124568	FALSE	0.4164	0.0573	0.074532	0.0553159	52.80951728296922
SBP	VaD	all_ivs	rs1623474	rs1623474	10	18471794	FALSE	0.3827	0.0321	-0.012326	0.0261541	142.13690666821947
SBP	VaD	all_ivs	rs12258967	rs12258967	10	18727959	FALSE	0.6327	0.0337	0.0488417	0.029443	352.48112601149967
SBP	VaD	all_ivs	rs11596400	rs11596400	10	28245420	FALSE	0.2518	0.0303	0.00683133	0.0246941	69.05993965733208
SBP	VaD	all_ivs	rs12264186	rs12264186	10	32289986	FALSE	0.2135	0.0387	0.0372006	0.0357892	30.435036623066186
SBP	VaD	all_ivs	rs4948643	rs4948643	10	45379759	FALSE	0.2258	0.0338	0.00216006	0.025441	44.62872448443683
SBP	VaD	all_ivs	rs4245599	rs4245599	10	60365755	FALSE	0.1794	0.0305	0.0122433	0.0244458	34.597538296156955
SBP	VaD	all_ivs	rs57946343	rs57946343	10	63499951	FALSE	0.716	0.0426	0.0630643	0.0400814	282.4924507923912
SBP	VaD	all_ivs	rs2236295	rs2236295	10	64564892	FALSE	0.3028	0.0309	-0.0106164	0.0253553	96.02731433478912
SBP	VaD	all_ivs	rs2177843	rs2177843	10	75409877	FALSE	0.4394	0.0432	-0.0911379	0.0343855	103.45526834705075
SBP	VaD	all_ivs	rs10749572	rs10749572	10	82136664	FALSE	0.203	0.0302	-0.052172	0.0247186	45.18332529275032
SBP	VaD	all_ivs	rs111866816	rs111866816	10	94441507	FALSE	0.3569	0.0597	-0.0591517	0.0596238	35.73916764167009
SBP	VaD	all_ivs	rs2689690	rs2689690	10	95899706	FALSE	0.2702	0.0316	0.00264892	0.0274432	73.11332318538693
SBP	VaD	all_ivs	rs57866767	rs57866767	10	96023077	FALSE	0.4501	0.0304	0.00379489	0.0257871	219.215298216759
SBP	VaD	all_ivs	rs1006545	rs1006545	10	102553647	FALSE	0.6846	0.048	0.0548026	0.0505951	203.41890625
SBP	VaD	all_ivs	rs11191580	rs11191580	10	104906211	FALSE	1.0995	0.055	-0.0428101	0.0443452	399.63644628099166
SBP	VaD	all_ivs	rs117464403	rs117464403	10	107158054	FALSE	0.864	0.1199	-0.186345	0.0811639	51.92650812012511
SBP	VaD	all_ivs	rs12255372	rs12255372	10	114808902	FALSE	0.2358	0.0335	0.0244145	0.0315446	49.54478948540877
SBP	VaD	all_ivs	rs1801253	rs1801253	10	115805056	FALSE	0.4626	0.0344	0.019387	0.027992	180.83994726879394
SBP	VaD	all_ivs	rs72842207	rs72842207	10	121433675	FALSE	0.203	0.0367	-0.00304233	0.0293352	30.595668540118343
SBP	VaD	all_ivs	rs11592107	rs11592107	10	122968964	FALSE	0.3024	0.0326	0.0170992	0.0267642	86.04554179683092
SBP	VaD	all_ivs	rs7093894	rs7093894	10	124234880	FALSE	0.236	0.0427	0.0316379	0.0402882	30.54697826456569
SBP	VaD	all_ivs	rs7912283	rs7912283	10	133773019	FALSE	0.2144	0.0322	0.00844904	0.024998	44.33409204891787
SBP	VaD	all_ivs	rs1133400	rs1133400	10	134459388	FALSE	0.2975	0.0376	-0.0293559	0.0323854	62.60344754413761
SBP	VaD	all_ivs	rs569550	rs569550	11	1887068	FALSE	0.5765	0.0318	0.0168226	0.024684	328.65813258969183
SBP	VaD	all_ivs	rs74048190	rs74048190	11	2114221	FALSE	0.4404	0.0757	0.00439673	0.0525962	33.84565019745257
SBP	VaD	all_ivs	rs360153	rs360153	11	9762274	FALSE	0.3445	0.0306	-0.0139211	0.0263648	126.74639027724378
SBP	VaD	all_ivs	rs2014408	rs2014408	11	16365282	FALSE	0.5169	0.0373	-0.0141859	0.0340211	192.04163761688795
SBP	VaD	all_ivs	rs7926335	rs7926335	11	16917869	FALSE	0.3135	0.0339	0.0120148	0.0281605	85.52157569112694
SBP	VaD	all_ivs	rs17762	rs17762	11	22492454	FALSE	0.4117	0.0571	0.0295613	0.0393125	51.986372879484485
SBP	VaD	all_ivs	rs1382472	rs1382472	11	27273967	FALSE	0.1917	0.0307	-0.00843919	0.0260922	38.99127842205222
SBP	VaD	all_ivs	rs871004	rs871004	11	28512458	FALSE	0.2336	0.0317	-0.0119357	0.0246523	54.303416294320776
SBP	VaD	all_ivs	rs10501122	rs10501122	11	30192151	FALSE	0.1916	0.0315	-0.0314391	0.025071	36.99728898966994
SBP	VaD	all_ivs	rs11604310	rs11604310	11	45351420	FALSE	0.2778	0.0411	0.0511929	0.0366187	45.68575843145612
SBP	VaD	all_ivs	rs7107356	rs7107356	11	47676170	FALSE	0.4598	0.0301	0.0420479	0.0249571	233.34846193750624
SBP	VaD	all_ivs	rs2904315	rs2904315	11	48109948	FALSE	0.2081	0.0325	-0.0376739	0.0265332	40.99939408284023
SBP	VaD	all_ivs	rs4427587	rs4427587	11	58436648	FALSE	0.2062	0.0313	0.0193479	0.0245625	43.399891802508954
SBP	VaD	all_ivs	rs7125196	rs7125196	11	61272565	FALSE	0.4422	0.0472	0.00293235	0.0323809	87.77149166906062
SBP	VaD	all_ivs	rs2306363	rs2306363	11	65405600	FALSE	0.4358	0.0376	-0.00757917	0.032876	134.33796401086465
SBP	VaD	all_ivs	rs7395791	rs7395791	11	69262916	FALSE	0.2162	0.0308	0.0219982	0.0245152	49.273106763366506
SBP	VaD	all_ivs	rs10501410	rs10501410	11	72088806	FALSE	0.4122	0.0607	-0.0427966	0.0393949	46.114615591303014
SBP	VaD	all_ivs	rs7927515	rs7927515	11	76125330	FALSE	0.2271	0.0319	-0.00254998	0.0250196	50.68190171087155
SBP	VaD	all_ivs	rs2289124	rs2289124	11	89224477	FALSE	0.308	0.0415	-0.0404441	0.0339845	55.08143417041661
SBP	VaD	all_ivs	rs604723	rs604723	11	100610546	FALSE	0.655	0.0339	0.0312751	0.0277517	373.3216731493809
SBP	VaD	all_ivs	rs629864	rs629864	11	100699139	FALSE	0.1868	0.0319	0.0223626	0.0278604	34.290386297304465
SBP	VaD	all_ivs	rs7926110	rs7926110	11	107086143	FALSE	0.2603	0.0321	0.0101591	0.0286252	65.75643675818363
SBP	VaD	all_ivs	rs236916	rs236916	11	117089628	FALSE	0.3166	0.0446	-0.0303754	0.0342613	50.390898670795714
SBP	VaD	all_ivs	rs573455	rs573455	11	117267884	FALSE	0.1994	0.0303	0.0144954	0.0243285	43.30769314555218
SBP	VaD	all_ivs	rs11222084	rs11222084	11	130273230	FALSE	0.3363	0.0316	-0.0151956	0.0257829	113.26078553116484
SBP	VaD	all_ivs	rs78998485	rs78998485	12	434755	FALSE	0.2449	0.0346	0.0156288	0.0261519	50.09857496074043
SBP	VaD	all_ivs	rs3819532	rs3819532	12	2436837	FALSE	0.1875	0.0306	0.0361232	0.0244894	37.54565551710881
SBP	VaD	all_ivs	rs10845621	rs10845621	12	12887977	FALSE	0.2879	0.0337	0.0113186	0.0290468	72.98330530338383
SBP	VaD	all_ivs	rs1010064	rs1010064	12	20000315	FALSE	0.3571	0.0387	0.0529938	0.0373814	85.14472955017393
SBP	VaD	all_ivs	rs73075659	rs73075659	12	20373541	FALSE	0.3962	0.0321	0.0327742	0.0289427	152.34172804999957
SBP	VaD	all_ivs	rs2129869	rs2129869	12	26457650	FALSE	0.2643	0.0361	0.0118502	0.0274964	53.60186769592007
SBP	VaD	all_ivs	rs9651825	rs9651825	12	27159784	FALSE	0.2042	0.034	-0.00718892	0.0273172	36.07062283737023
SBP	VaD	all_ivs	rs61917655	rs61917655	12	48210787	FALSE	0.3427	0.0514	-0.0798288	0.0414743	44.45309164408243
SBP	VaD	all_ivs	rs12426261	rs12426261	12	50573037	FALSE	0.3775	0.0309	-0.0231064	0.0251778	149.25089808443568
SBP	VaD	all_ivs	rs7134440	rs7134440	12	53450097	FALSE	0.4788	0.0562	-0.0352557	0.0421579	72.5831233140411
SBP	VaD	all_ivs	rs7134677	rs7134677	12	54441498	FALSE	0.3851	0.0332	0.05215	0.0251	134.5460244592829
SBP	VaD	all_ivs	rs7306710	rs7306710	12	66376091	FALSE	0.2429	0.0303	-0.0126508	0.0244798	64.26429870709843
SBP	VaD	all_ivs	rs4143175	rs4143175	12	67782397	FALSE	0.2187	0.0352	-0.00862625	0.0292109	38.60221623192149
SBP	VaD	all_ivs	rs7963801	rs7963801	12	79685226	FALSE	0.2362	0.0311	-0.0116951	0.0247688	57.68182711096866
SBP	VaD	all_ivs	rs6539467	rs6539467	12	79955306	FALSE	0.265	0.0404	-0.0151905	0.0336886	43.02580629350065
SBP	VaD	all_ivs	rs17249754	rs17249754	12	90060586	FALSE	0.8446	0.0403	-0.0167002	0.0457313	439.23006729922605
SBP	VaD	all_ivs	rs10777213	rs10777213	12	90349999	FALSE	0.1786	0.0299	0.0417781	0.0244202	35.67964564154764
SBP	VaD	all_ivs	rs3184504	rs3184504	12	111884608	FALSE	0.5779	0.0303	-0.00297868	0.0248094	363.7643477219008
SBP	VaD	all_ivs	rs1896326	rs1896326	12	115342956	FALSE	0.2797	0.0371	-0.0563585	0.031642000000000003	56.83778089377438
SBP	VaD	all_ivs	rs35444	rs35444	12	115552437	FALSE	0.4368	0.031	0.0237813	0.0253016	198.53719042663894
SBP	VaD	all_ivs	rs6490019	rs6490019	12	115920472	FALSE	0.2897	0.0309	0.0505449	0.0265269	87.89821011510143
SBP	VaD	all_ivs	rs117206641	rs117206641	12	133086888	FALSE	0.3154	0.0499	0.0518556	0.0441717	39.95050622286658
SBP	VaD	all_ivs	rs483071	rs483071	13	22294117	FALSE	0.2709	0.0313	-0.0055864	0.0248265	74.90819544958097
SBP	VaD	all_ivs	rs9507885	rs9507885	13	27951090	FALSE	0.3208	0.0542	1.08574e-5	0.0398995	35.03242058250841
SBP	VaD	all_ivs	rs9508495	rs9508495	13	30146201	FALSE	0.3557	0.0353	-0.0305443	0.0253892	101.53559534223051
SBP	VaD	all_ivs	rs2065498	rs2065498	13	41893105	FALSE	0.2934	0.0403	0.0714493	0.0359684	53.004180802788014
SBP	VaD	all_ivs	rs7491248	rs7491248	13	47180671	FALSE	0.2163	0.0362	-0.0829231	0.0352308	35.70227557156374
SBP	VaD	all_ivs	rs9526707	rs9526707	13	51489186	FALSE	0.2039	0.0323	0.0388114	0.0261296	39.850099205398294
SBP	VaD	all_ivs	rs75961402	rs75961402	13	56398286	FALSE	0.2659	0.0418	0.0162296	0.0363	40.46542547102861
SBP	VaD	all_ivs	rs17245822	rs17245822	13	73131694	FALSE	0.1899	0.0312	0.0130983	0.0249215	37.04595044378699
SBP	VaD	all_ivs	rs78474310	rs78474310	13	73826901	FALSE	0.4699	0.0734	0.0347459	0.0603798	40.984417806947846
SBP	VaD	all_ivs	rs6562778	rs6562778	13	74223828	FALSE	0.178	0.0304	0.0340566	0.0244684	34.28410664819944
SBP	VaD	all_ivs	rs9549627	rs9549627	13	113652369	FALSE	0.2846	0.05	-0.038669	0.0389598	32.398864
SBP	VaD	all_ivs	rs7331680	rs7331680	13	115000650	FALSE	0.4101	0.0423	0.00205767	0.0339022	93.99371258990998
SBP	VaD	all_ivs	rs8904	rs8904	14	35871217	FALSE	0.3061	0.0314	0.0189312	0.0250014	95.03145158018582
SBP	VaD	all_ivs	rs7493678	rs7493678	14	39400917	FALSE	0.189	0.0316	-0.0386303	0.0256136	35.77251241788175
SBP	VaD	all_ivs	rs72683923	rs72683923	14	50735947	FALSE	0.9587	0.1101	0.0945391	0.115154	75.82122849263446
SBP	VaD	all_ivs	rs35413927	rs35413927	14	53420358	FALSE	0.3002	0.0328	-0.0178571	0.0276054	83.76714009518143
SBP	VaD	all_ivs	rs57140819	rs57140819	14	68018247	FALSE	0.2415	0.0398	0.0610306	0.0312581	36.81867250826999
SBP	VaD	all_ivs	rs11847049	rs11847049	14	69259406	FALSE	0.2272	0.0364	0.0385659	0.0311896	38.959545948556936
SBP	VaD	all_ivs	rs11159091	rs11159091	14	75074316	FALSE	0.1978	0.0303	-0.0372851	0.0246565	42.615473428530976
SBP	VaD	all_ivs	rs7154723	rs7154723	14	98590629	FALSE	0.253	0.0309	-0.00451728	0.0254043	67.03846838638054
SBP	VaD	all_ivs	rs17562391	rs17562391	14	100133250	FALSE	0.1967	0.0306	0.00561717	0.0245027	41.32052842923663
SBP	VaD	all_ivs	rs75016974	rs75016974	14	100197940	FALSE	0.2513	0.0439	-0.0594626	0.0359865	32.768452841153795
SBP	VaD	all_ivs	rs12885878	rs12885878	14	104007555	FALSE	0.2291	0.0367	0.0176959	0.0269807	38.96889129773032
SBP	VaD	all_ivs	rs8030856	rs8030856	15	40314967	FALSE	0.1764	0.031	-0.0250956	0.0246086	32.37977107180021
SBP	VaD	all_ivs	rs28866311	rs28866311	15	41442195	FALSE	0.2762	0.0302	0.0407388	0.025368	83.64374369545195
SBP	VaD	all_ivs	rs4775769	rs4775769	15	48939888	FALSE	0.4162	0.0517	-0.103179	0.0505578	64.80717126406248
SBP	VaD	all_ivs	rs3098186	rs3098186	15	50810621	FALSE	0.2422	0.0303	-0.00282851	0.0244342	63.8944330076572
SBP	VaD	all_ivs	rs2652812	rs2652812	15	63406170	FALSE	0.2516	0.0353	0.0423471	0.0267195	50.80095338217946
SBP	VaD	all_ivs	rs28429256	rs28429256	15	66931617	FALSE	0.215	0.0325	-0.0251337	0.0249587	43.76331360946745
SBP	VaD	all_ivs	rs11636952	rs11636952	15	75114322	FALSE	0.5313	0.0328	-0.0314478	0.0250127	262.38073505353947
SBP	VaD	all_ivs	rs2627313	rs2627313	15	81006712	FALSE	0.3208	0.0303	0.0297981	0.0248941	112.09428269559628
SBP	VaD	all_ivs	rs2046341	rs2046341	15	86040872	FALSE	0.2542	0.0382	-0.0306108	0.0288072	44.28170828650531
SBP	VaD	all_ivs	rs77032376	rs77032376	15	90010780	FALSE	0.2727	0.043	0.0160118	0.0303095	40.21919415900487
SBP	VaD	all_ivs	rs4932373	rs4932373	15	91429287	FALSE	0.635	0.0328	0.057061	0.0277693	374.80015615704934
SBP	VaD	all_ivs	rs12906962	rs12906962	15	95312071	FALSE	0.2653	0.0325	0.00891868	0.0250185	66.63582485207098
SBP	VaD	all_ivs	rs2589218	rs2589218	15	96785017	FALSE	0.2258	0.0339	0.0297656	0.0291932	44.36581651743372
SBP	VaD	all_ivs	rs4606697	rs4606697	15	100087596	FALSE	0.3196	0.0523	-0.0263704	0.0443254	37.34308245195208
SBP	VaD	all_ivs	rs11641374	rs11641374	16	1347717	FALSE	0.1943	0.0309	0.039303	0.0259758	39.5392695929033
SBP	VaD	all_ivs	rs12596630	rs12596630	16	2065666	FALSE	0.4278	0.0547	-0.0440665	0.0530584	61.165553175205304
SBP	VaD	all_ivs	rs72778133	rs72778133	16	3578718	FALSE	0.2417	0.0443	0.0117833	0.0326219	29.767738943892706
SBP	VaD	all_ivs	rs111929315	rs111929315	16	4136871	FALSE	0.3146	0.0485	0.00831626	0.0445805	42.07595281113827
SBP	VaD	all_ivs	rs12446456	rs12446456	16	4922201	FALSE	0.3003	0.0302	-0.00192071	0.0248815	98.8773409061006
SBP	VaD	all_ivs	rs77924615	rs77924615	16	20392332	FALSE	0.4081	0.039	-0.0172626	0.0295991	109.49744247205786
SBP	VaD	all_ivs	rs7186298	rs7186298	16	21088031	FALSE	0.2315	0.0302	0.0264853	0.0250991	58.76085478707074
SBP	VaD	all_ivs	rs8044992	rs8044992	16	24811207	FALSE	0.2138	0.0331	-0.0389468	0.0279582	41.7214519765245
SBP	VaD	all_ivs	rs34941092	rs34941092	16	50550137	FALSE	0.3225	0.0425	-0.0513446	0.0378015	57.58131487889273
SBP	VaD	all_ivs	rs4784541	rs4784541	16	51704452	FALSE	0.2015	0.0307	-0.00324771	0.0245633	43.079767424588056
SBP	VaD	all_ivs	rs2060664	rs2060664	16	60652439	FALSE	0.216	0.0345	-0.0259678	0.0281116	39.1984877126654
SBP	VaD	all_ivs	rs146550789	rs146550789	16	66781040	FALSE	0.4824	0.0778	0.0550562	0.0508483	38.44637558567549
SBP	VaD	all_ivs	rs62047964	rs62047964	16	70729954	FALSE	0.5115	0.0686	-0.124349	0.0505329	55.595935792059436
SBP	VaD	all_ivs	rs12103229	rs12103229	16	74167594	FALSE	0.1791	0.0301	-7.08265e-4	0.0246584	35.40447677177957
SBP	VaD	all_ivs	rs4888408	rs4888408	16	75432824	FALSE	0.3653	0.0307	0.0131565	0.0246976	141.58674362592708
SBP	VaD	all_ivs	rs12926550	rs12926550	16	81510155	FALSE	0.2548	0.0324	-0.0125607	0.0274737	61.84560280445056
SBP	VaD	all_ivs	rs3950627	rs3950627	16	86436343	FALSE	0.1851	0.0308	0.0274544	0.0250404	36.11697798954292
SBP	VaD	all_ivs	rs6540119	rs6540119	16	87984477	FALSE	0.2016	0.0322	0.00659375	0.024771	39.19848771266541
SBP	VaD	all_ivs	rs908951	rs908951	16	89697625	FALSE	0.2261	0.0315	0.0157284	0.0249557	51.520493827160486
SBP	VaD	all_ivs	rs9303175	rs9303175	17	1372987	FALSE	0.2048	0.0327	0.00724123	0.0249617	39.22513069419895
SBP	VaD	all_ivs	rs11653927	rs11653927	17	2012094	FALSE	0.2796	0.0308	0.0382231	0.0255632	82.4086692528251
SBP	VaD	all_ivs	rs113086489	rs113086489	17	7171356	FALSE	0.3249	0.0307	-0.0396766	0.0247987	112.00119895171301
SBP	VaD	all_ivs	rs4511593	rs4511593	17	7455536	FALSE	0.2881	0.0318	-0.0291418	0.0253414	82.07904157272259
SBP	VaD	all_ivs	rs117285318	rs117285318	17	7870642	FALSE	0.4413	0.0589	0.014407	0.0567846	56.135457351961975
SBP	VaD	all_ivs	rs4925159	rs4925159	17	18185510	FALSE	0.2174	0.0305	0.022743	0.024474	50.806514377855414
SBP	VaD	all_ivs	rs7218708	rs7218708	17	19926836	FALSE	0.1781	0.0303	-0.00747303	0.0244727	34.54956485747585
SBP	VaD	all_ivs	rs1551355	rs1551355	17	30032420	FALSE	0.2098	0.0356	-0.0068625	0.0278827	34.730494887009215
SBP	VaD	all_ivs	rs9899540	rs9899540	17	30777924	FALSE	0.2011	0.0316	0.0271984	0.0253949	40.499529322224
SBP	VaD	all_ivs	rs7213273	rs7213273	17	43155914	FALSE	0.4	0.0315	-0.0447335	0.0255145	161.2496850592089
SBP	VaD	all_ivs	rs17608766	rs17608766	17	45013271	FALSE	0.6903	0.0433	-0.0396854	0.0320644	254.1557584711637
SBP	VaD	all_ivs	rs3764400	rs3764400	17	46123932	FALSE	0.3748	0.0445	0.00327928	0.0307019	70.93803307663175
SBP	VaD	all_ivs	rs9897429	rs9897429	17	47518378	FALSE	0.2645	0.0319	0.0498502	0.0244841	68.74957007104886
SBP	VaD	all_ivs	rs1000423	rs1000423	17	59475642	FALSE	0.4138	0.0346	0.0462911	0.0271989	143.03053894216313
SBP	VaD	all_ivs	rs56288724	rs56288724	17	60767135	FALSE	0.2178	0.031	0.0184688	0.0249315	49.36195629552549
SBP	VaD	all_ivs	rs62076622	rs62076622	17	61090958	FALSE	0.2363	0.0377	-0.0586887	0.029032	39.286626937500444
SBP	VaD	all_ivs	rs6504213	rs6504213	17	62381714	FALSE	0.2982	0.0312	-0.0199917	0.0245241	91.34948224852073
SBP	VaD	all_ivs	rs1436138	rs1436138	17	75316880	FALSE	0.3119	0.0315	0.0290534	0.025592	98.0414310909549
SBP	VaD	all_ivs	rs9302885	rs9302885	17	76799898	FALSE	0.2242	0.0302	-0.0358751	0.025197	55.11341607824219
SBP	VaD	all_ivs	rs11655604	rs11655604	17	79365861	FALSE	0.2033	0.0333	-0.00899497	0.0253337	37.27230834438041
SBP	VaD	all_ivs	rs34413141	rs34413141	18	777282	FALSE	0.3531	0.0393	0.0685452	0.0360686	80.72542392634463
SBP	VaD	all_ivs	rs62082230	rs62082230	18	22676071	FALSE	0.1884	0.0345	-0.0120681	0.0297015	29.821096408317576
SBP	VaD	all_ivs	rs1154214	rs1154214	18	24546824	FALSE	0.2031	0.0306	0.0400137	0.0246141	44.053152633602465
SBP	VaD	all_ivs	rs56407827	rs56407827	18	42179819	FALSE	0.3603	0.034	0.0274016	0.0261997	112.29765570934254
SBP	VaD	all_ivs	rs11874246	rs11874246	18	42596789	FALSE	0.2856	0.0328	-0.0212454	0.0253699	75.81737061273051
SBP	VaD	all_ivs	rs7245140	rs7245140	18	43095231	FALSE	0.3367	0.0391	-0.0130742	0.0292672	74.15368162165343
SBP	VaD	all_ivs	rs1437649	rs1437649	18	48132646	FALSE	0.2189	0.0357	0.0363039	0.0287944	37.597164355938446
SBP	VaD	all_ivs	rs665445	rs665445	18	51842682	FALSE	0.1909	0.0334	-0.0128692	0.0287989	32.667727419412664
SBP	VaD	all_ivs	rs10048404	rs10048404	18	54578482	FALSE	0.2607	0.0317	-0.0121888	0.0264341	67.63376090915423
SBP	VaD	all_ivs	rs10460108	rs10460108	18	73034151	FALSE	0.2141	0.0301	0.0210574	0.024476	50.5941545899052
SBP	VaD	all_ivs	rs698748	rs698748	19	1424888	FALSE	0.1871	0.0325	-0.00189317	0.0244888	33.14216331360946
SBP	VaD	all_ivs	rs149339216	rs149339216	19	2144046	FALSE	0.6912	0.0779	0.00729657	0.0434257	78.7286027147144
SBP	VaD	all_ivs	rs68096471	rs68096471	19	5175709	FALSE	0.2098	0.0343	-0.0256377	0.0271347	37.4130166852247
SBP	VaD	all_ivs	rs12985940	rs12985940	19	7262734	FALSE	0.4642	0.0434	0.0539131	0.0435994	114.40126144110089
SBP	VaD	all_ivs	rs167479	rs167479	19	11526765	FALSE	0.5642	0.0327	0.0252988	0.0248679	297.6943953464449
SBP	VaD	all_ivs	rs1077795	rs1077795	19	17222584	FALSE	0.2507	0.0344	0.0155721	0.0296389	53.11189325310978
SBP	VaD	all_ivs	rs62112908	rs62112908	19	22213956	FALSE	0.2388	0.0419	0.0126481	0.0292045	32.481838221472884
SBP	VaD	all_ivs	rs28572357	rs28572357	19	31867447	FALSE	0.2733	0.0308	-0.0170773	0.0244762	78.73681270028669
SBP	VaD	all_ivs	rs1433121	rs1433121	19	32591878	FALSE	0.228	0.0326	-0.00113371	0.0253263	48.91414806729648
SBP	VaD	all_ivs	rs33836	rs33836	19	34008600	FALSE	0.1766	0.0304	-0.0156154	0.0245703	33.74692693905817
SBP	VaD	all_ivs	rs10420519	rs10420519	19	45298461	TRUE	0.4921	0.0887	0.164116	0.0789218	30.77935327904378
SBP	VaD	all_ivs	rs7255933	rs7255933	19	45766729	TRUE	0.2306	0.0345	-0.0407844	0.0265528	44.67663095988237
SBP	VaD	all_ivs	rs11672660	rs11672660	19	46180184	FALSE	0.2212	0.0381	-0.0113604	0.0277626	33.707014969585494
SBP	VaD	all_ivs	rs571689	rs571689	19	49207554	FALSE	0.228	0.0304	0.0346369	0.0247206	56.25
SBP	VaD	all_ivs	rs73046792	rs73046792	19	49605705	FALSE	0.3554	0.0426	0.0433399	0.0387381	69.60102713306443
SBP	VaD	all_ivs	rs6054139	rs6054139	20	6327810	FALSE	0.2094	0.0306	0.00345532	0.0252602	46.82852748942715
SBP	VaD	all_ivs	rs2423514	rs2423514	20	10693337	FALSE	0.3011	0.0302	-0.00864836	0.0247838	99.4048616288759
SBP	VaD	all_ivs	rs6108787	rs6108787	20	10967214	FALSE	0.4274	0.03	0.0240721	0.0245706	202.96751111111115
SBP	VaD	all_ivs	rs6078093	rs6078093	20	11168669	FALSE	0.1849	0.0304	0.00816873	0.0247448	36.99360500346261
SBP	VaD	all_ivs	rs8125763	rs8125763	20	17883531	FALSE	0.1761	0.0301	-0.00813947	0.0245517	34.22833081312569
SBP	VaD	all_ivs	rs17812022	rs17812022	20	19007099	FALSE	0.3613	0.0525	-0.0170679	0.0388078	47.36061315192744
SBP	VaD	all_ivs	rs6058088	rs6058088	20	30139886	FALSE	0.2832	0.0417	-0.0108067	0.0302726	46.12266445836137
SBP	VaD	all_ivs	rs79384779	rs79384779	20	31214944	FALSE	0.3179	0.0428	-0.0127519	0.0309965	55.16879749323086
SBP	VaD	all_ivs	rs6029756	rs6029756	20	40266681	FALSE	0.2712	0.033	0.00719968	0.0250601	67.53851239669419
SBP	VaD	all_ivs	rs6031431	rs6031431	20	42795152	FALSE	0.2617	0.0304	0.0238671	0.0243406	74.10717841066482
SBP	VaD	all_ivs	rs2598	rs2598	20	47241618	FALSE	0.168	0.0303	0.0289286	0.0247063	30.742084109401045
SBP	VaD	all_ivs	rs6090907	rs6090907	20	47410231	FALSE	0.3854	0.0425	-0.0373894	0.0423502	82.23289134948097
SBP	VaD	all_ivs	rs234623	rs234623	20	57488964	FALSE	0.1804	0.0302	0.0500777	0.0249385	35.68282092890662
SBP	VaD	all_ivs	rs6026744	rs6026744	20	57742388	FALSE	0.7131	0.0461	0.0266964	0.0327991	239.27593508406224
SBP	VaD	all_ivs	rs28374392	rs28374392	20	61189717	FALSE	0.1924	0.0338	0.0595826	0.0273457	32.40236686390533
SBP	VaD	all_ivs	rs6062324	rs6062324	20	62446351	FALSE	0.3294	0.0363	0.0185316	0.0295387	82.34437538419509
SBP	VaD	all_ivs	rs2776037	rs2776037	21	16317933	FALSE	0.1851	0.0309	5.59826e-4	0.0245883	35.883589405221976
SBP	VaD	all_ivs	rs1882961	rs1882961	21	16556367	FALSE	0.2443	0.0326	-0.0325384	0.0251431	56.15801309797133
SBP	VaD	all_ivs	rs2833834	rs2833834	21	33814378	FALSE	0.2177	0.0338	0.0593524	0.026982	41.484270508735705
SBP	VaD	all_ivs	rs12627651	rs12627651	21	44760603	FALSE	0.3498	0.0341	-0.0213167	0.0261289	105.22788761706555
SBP	VaD	all_ivs	rs2238787	rs2238787	22	19976406	FALSE	0.2552	0.0332	0.0513926	0.0251549	59.08607925678618
SBP	VaD	all_ivs	rs4823007	rs4823007	22	29452278	FALSE	0.2205	0.0301	-0.0358037	0.0244894	53.664142779881026
SBP	VaD	all_ivs	rs2240365	rs2240365	22	30188741	FALSE	0.4187	0.069	-0.0451399	0.0494843	36.82203108590632
SBP	VaD	all_ivs	rs8142376	rs8142376	22	32001037	FALSE	0.1676	0.03	0.0196174	0.0244838	31.210844444444447
SBP	VaD	all_ivs	rs148140538	rs148140538	22	50228044	FALSE	0.3252	0.0562	-0.0282834	0.0557986	33.4833145476881
SBP	VaD	all_ivs	rs28578714	rs28578714	22	50727921	FALSE	0.2066	0.0327	0.0327966	0.0250981	39.91766499265868
SBP	VaD	apoe_excluded	rs2072927	rs2072927	1	1684800	FALSE	0.3378	0.0314	-0.00170779	0.0244281	115.7337417339446
SBP	VaD	apoe_excluded	rs263532	rs263532	1	2164116	FALSE	0.1798	0.0307	0.00499346	0.0244488	34.30067162516312
SBP	VaD	apoe_excluded	rs2493296	rs2493296	1	3327032	FALSE	0.4183	0.0442	-0.0413189	0.0388926	89.56352756905059
SBP	VaD	apoe_excluded	rs2232460	rs2232460	1	6659505	FALSE	0.2171	0.032	-0.00643909	0.0271956	46.027744140624996
SBP	VaD	apoe_excluded	rs488834	rs488834	1	10767902	FALSE	0.3799	0.0365	0.0241885	0.0283469	108.33102645899797
SBP	VaD	apoe_excluded	rs6699618	rs6699618	1	11881441	FALSE	0.9115	0.041	0.00327399	0.0346508	494.2488102320047
SBP	VaD	apoe_excluded	rs75461554	rs75461554	1	15810172	FALSE	0.3016	0.0377	-0.00185168	0.0298752	64
SBP	VaD	apoe_excluded	rs1889785	rs1889785	1	16348729	FALSE	0.1782	0.0304	0.00192562	0.0247536	34.36119286703601
SBP	VaD	apoe_excluded	rs404100	rs404100	1	25366987	FALSE	0.1935	0.0303	-0.0535908	0.024414	40.78276639545143
SBP	VaD	apoe_excluded	rs34079867	rs34079867	1	27407850	FALSE	0.1992	0.0354	-0.0438192	0.0267337	31.66446423441539
SBP	VaD	apoe_excluded	rs4908348	rs4908348	1	28706949	FALSE	0.2366	0.033	5.85305e-4	0.0254142	51.40455463728191
SBP	VaD	apoe_excluded	rs11210029	rs11210029	1	41865293	FALSE	0.203	0.0313	0.0111535	0.0249623	42.06330573957068
SBP	VaD	apoe_excluded	rs1408945	rs1408945	1	42364877	FALSE	0.3196	0.0304	-0.0418741	0.0247839	110.5264889196676
SBP	VaD	apoe_excluded	rs1209384	rs1209384	1	43765089	FALSE	0.2558	0.0313	0.00347768	0.0257017	66.79014790392881
SBP	VaD	apoe_excluded	rs778124	rs778124	1	56606206	FALSE	0.2965	0.0311	6.80472e-4	0.026194	90.89261897623061
SBP	VaD	apoe_excluded	rs61772592	rs61772592	1	56979681	FALSE	0.3181	0.0455	-0.031279	0.0325964	48.87700036227509
SBP	VaD	apoe_excluded	rs12063372	rs12063372	1	59621911	FALSE	0.1989	0.0318	-0.0135968	0.0252055	39.12148451406194
SBP	VaD	apoe_excluded	rs12136922	rs12136922	1	67007389	FALSE	0.2027	0.0304	-0.00776898	0.0245644	44.459065529778385
SBP	VaD	apoe_excluded	rs658780	rs658780	1	78555928	FALSE	0.2028	0.0347	0.0432245	0.0294495	34.15678230032639
SBP	VaD	apoe_excluded	rs786923	rs786923	1	89242954	FALSE	0.3082	0.031	-0.0502874	0.0267692	98.84208116545264
SBP	VaD	apoe_excluded	rs7514579	rs7514579	1	94051350	FALSE	0.2243	0.0361	-0.0179401	0.0299755	38.60505214048388
SBP	VaD	apoe_excluded	rs10776752	rs10776752	1	113044328	FALSE	0.8211	0.0576	0.0455661	0.0326553	203.21096462673611
SBP	VaD	apoe_excluded	rs59980837	rs59980837	1	115827266	FALSE	1.0997	0.1163	-0.105718	0.109571	89.41060234265312
SBP	VaD	apoe_excluded	rs11204684	rs11204684	1	150608894	FALSE	0.1716	0.0305	-0.0302054	0.0245701	31.65445847890352
SBP	VaD	apoe_excluded	rs76719272	rs76719272	1	156129796	FALSE	0.2738	0.0461	0.0264738	0.0358458	35.27483872182042
SBP	VaD	apoe_excluded	rs12731646	rs12731646	1	169090660	FALSE	0.189	0.0307	-0.0195743	0.0246736	37.90066738108627
SBP	VaD	apoe_excluded	rs1043069	rs1043069	1	180859368	FALSE	0.234	0.0311	-0.00347131	0.0246462	56.61231790407461
SBP	VaD	apoe_excluded	rs4651224	rs4651224	1	184585182	FALSE	0.1986	0.0306	-3.36355e-4	0.0244172	42.122645136485964
SBP	VaD	apoe_excluded	rs12042924	rs12042924	1	197297417	FALSE	0.1807	0.0303	-0.0255342	0.0245305	35.565674389221094
SBP	VaD	apoe_excluded	rs11120093	rs11120093	1	207211326	FALSE	0.1792	0.0307	-0.028255	0.0248661	34.072128086239644
SBP	VaD	apoe_excluded	rs2724377	rs2724377	1	207974818	FALSE	0.1938	0.0301	0.00946957	0.0244385	41.45477422986502
SBP	VaD	apoe_excluded	rs7555285	rs7555285	1	209970355	FALSE	0.2294	0.0376	-9.15921e-4	0.0286501	37.222979855138064
SBP	VaD	apoe_excluded	rs68085857	rs68085857	1	217737629	FALSE	0.274	0.0357	-0.0442878	0.0287126	58.90669993487592
SBP	VaD	apoe_excluded	rs4595370	rs4595370	1	221298122	FALSE	0.2092	0.0328	0.0361899	0.0262279	40.67950624628196
SBP	VaD	apoe_excluded	rs1745417	rs1745417	1	228204279	FALSE	0.2871	0.0301	-0.00796349	0.0245259	90.97737331817534
SBP	VaD	apoe_excluded	rs699	rs699	1	230845794	FALSE	0.3748	0.0308	0.00168385	0.0246204	148.08045201551695
SBP	VaD	apoe_excluded	rs1565440	rs1565440	1	243387788	FALSE	0.1746	0.0311	0.0162106	0.0252744	31.518656754996332
SBP	VaD	apoe_excluded	rs4926499	rs4926499	1	249155909	FALSE	0.2965	0.0438	-0.0338305	0.030778	45.82486290944726
SBP	VaD	apoe_excluded	rs17760259	rs17760259	2	19744462	FALSE	0.2654	0.0304	-0.0092981	0.0244751	76.21749480609421
SBP	VaD	apoe_excluded	rs2384063	rs2384063	2	25187115	FALSE	0.3266	0.0357	-0.0316842	0.0282277	83.69430909618748
SBP	VaD	apoe_excluded	rs1275988	rs1275988	2	26914364	FALSE	0.541	0.0308	0.0307181	0.0244803	308.52694383538545
SBP	VaD	apoe_excluded	rs13420463	rs13420463	2	37517566	FALSE	0.3143	0.036	-0.0107938	0.0297023	76.22260030864199
SBP	VaD	apoe_excluded	rs4952609	rs4952609	2	40555733	FALSE	0.2124	0.0347	-0.0222661	0.0261957	37.46709963540931
SBP	VaD	apoe_excluded	rs115262049	rs115262049	2	43196694	FALSE	0.5893	0.0552	-0.0353183	0.0455566	113.97109653959254
SBP	VaD	apoe_excluded	rs12464602	rs12464602	2	43397614	FALSE	0.2437	0.0315	0.0144948	0.0248063	59.85355505165029
SBP	VaD	apoe_excluded	rs13016772	rs13016772	2	55779476	FALSE	0.2522	0.0355	-0.0105755	0.0310082	50.47001785360048
SBP	VaD	apoe_excluded	rs2249105	rs2249105	2	65287896	FALSE	0.2927	0.0313	0.0132839	0.0258892	87.44938705100594
SBP	VaD	apoe_excluded	rs10188003	rs10188003	2	66773469	FALSE	0.1883	0.0307	0.00874608	0.0247382	37.6204415961973
SBP	VaD	apoe_excluded	rs6731373	rs6731373	2	68503044	FALSE	0.1913	0.0326	-0.00635873	0.0293068	34.43457600963529
SBP	VaD	apoe_excluded	rs6732123	rs6732123	2	69534650	FALSE	0.1737	0.0307	-0.0236849	0.0251302	32.01274284077284
SBP	VaD	apoe_excluded	rs4577304	rs4577304	2	73403040	FALSE	0.1767	0.0302	0.0408347	0.0245055	34.234123503355114
SBP	VaD	apoe_excluded	rs72847885	rs72847885	2	86326717	FALSE	0.2413	0.0318	-0.0253426	0.0256029	57.578507574858584
SBP	VaD	apoe_excluded	rs10207726	rs10207726	2	112744260	FALSE	0.2142	0.033	-0.0177984	0.0245123	42.13190082644627
SBP	VaD	apoe_excluded	rs6737318	rs6737318	2	114083120	FALSE	0.2348	0.0364	0.0459137	0.0295556	41.60958821398382
SBP	VaD	apoe_excluded	rs2580350	rs2580350	2	121996007	FALSE	0.1769	0.0307	-0.0404059	0.0247549	33.20312151853069
SBP	VaD	apoe_excluded	rs17257081	rs17257081	2	135630498	FALSE	0.2274	0.0392	-0.0293933	0.0292804	33.651837775926694
SBP	VaD	apoe_excluded	rs55944332	rs55944332	2	145726621	FALSE	0.2613	0.0355	-0.0218794	0.0279418	54.17789327514382
SBP	VaD	apoe_excluded	rs62170470	rs62170470	2	146989797	FALSE	0.1972	0.0321	0.0442991	0.0246153	37.74016168321348
SBP	VaD	apoe_excluded	rs55732192	rs55732192	2	162278233	FALSE	0.3358	0.0521	0.0475999	0.0366397	41.54185992536131
SBP	VaD	apoe_excluded	rs268263	rs268263	2	164954174	FALSE	0.5938	0.0353	-0.00926773	0.0302779	282.96386296334936
SBP	VaD	apoe_excluded	rs10048760	rs10048760	2	174977976	FALSE	0.1862	0.0301	-0.00849262	0.0244933	38.2671714440238
SBP	VaD	apoe_excluded	rs71421551	rs71421551	2	177053298	FALSE	0.2374	0.0333	0.0290041	0.0281062	50.824482139797446
SBP	VaD	apoe_excluded	rs4893914	rs4893914	2	177539076	FALSE	0.1736	0.0304	0.024991	0.0248655	32.6101108033241
SBP	VaD	apoe_excluded	rs4894132	rs4894132	2	180738654	FALSE	0.2469	0.0342	0.0157273	0.0270114	52.118267159125885
SBP	VaD	apoe_excluded	rs12473915	rs12473915	2	182987704	FALSE	0.295	0.0375	0.0486964	0.034736	61.88444444444444
SBP	VaD	apoe_excluded	rs13412750	rs13412750	2	191634958	FALSE	0.2889	0.0341	0.00485594	0.0323632	71.77716909899297
SBP	VaD	apoe_excluded	rs2043444	rs2043444	2	204143126	FALSE	0.2435	0.031	-0.0230503	0.0243677	61.698491155046824
SBP	VaD	apoe_excluded	rs4675682	rs4675682	2	208402750	FALSE	0.2837	0.0303	0.0407439	0.0242319	87.66644882310013
SBP	VaD	apoe_excluded	rs12694277	rs12694277	2	213188795	FALSE	0.2018	0.0335	-0.0143258	0.0270137	36.287137447092896
SBP	VaD	apoe_excluded	rs2161967	rs2161967	2	218680529	FALSE	0.2836	0.0307	0.012927	0.0244462	85.33667200713006
SBP	VaD	apoe_excluded	rs10804330	rs10804330	2	227185749	FALSE	0.2351	0.0306	0.0309776	0.0245655	59.02858943141527
SBP	VaD	apoe_excluded	rs1044822	rs1044822	2	230629138	FALSE	0.248	0.0424	-0.00670538	0.0383296	34.21146315414738
SBP	VaD	apoe_excluded	rs3754944	rs3754944	2	231279616	FALSE	0.1768	0.0308	0.0218103	0.0246318	32.95058188564683
SBP	VaD	apoe_excluded	rs139354822	rs139354822	2	242344695	FALSE	0.6115	0.0975	-0.0370948	0.0599191	39.33541091387245
SBP	VaD	apoe_excluded	rs9848170	rs9848170	3	11495983	FALSE	0.3231	0.0307	0.0320942	0.0244466	110.76362613926936
SBP	VaD	apoe_excluded	rs11925504	rs11925504	3	14943965	FALSE	0.2901	0.0305	-0.00133218	0.0244433	90.46816447191617
SBP	VaD	apoe_excluded	rs189267552	rs189267552	3	20073193	FALSE	0.8664	0.139	-0.0631859	0.07528	38.85145489363904
SBP	VaD	apoe_excluded	rs2643826	rs2643826	3	27562988	FALSE	0.4473	0.0306	0.0283963	0.0248922	213.67560553633217
SBP	VaD	apoe_excluded	rs68115553	rs68115553	3	27704702	FALSE	0.6445	0.1143	0.087299	0.0783736	31.79460124352347
SBP	VaD	apoe_excluded	rs743395	rs743395	3	37598382	FALSE	0.2597	0.0317	-0.0116679	0.0247751	67.11589328185174
SBP	VaD	apoe_excluded	rs6788984	rs6788984	3	41107173	FALSE	0.2999	0.0432	0.0335164	0.0462451	48.19316379458161
SBP	VaD	apoe_excluded	rs1052501	rs1052501	3	41925398	FALSE	0.2262	0.0412	0.00525263	0.0304291	30.143298143086064
SBP	VaD	apoe_excluded	rs6771917	rs6771917	3	48108442	FALSE	0.3793	0.0355	0.0109086	0.0303239	114.15869073596514
SBP	VaD	apoe_excluded	rs7615099	rs7615099	3	53143901	FALSE	0.1891	0.0321	-0.0408002	0.0261168	34.70347725662601
SBP	VaD	apoe_excluded	rs6445583	rs6445583	3	53562894	FALSE	0.2774	0.0349	-0.0158504	0.0282901	63.17744517696899
SBP	VaD	apoe_excluded	rs3772219	rs3772219	3	56771251	FALSE	0.2733	0.0324	0.0123558	0.0269573	71.15234910836763
SBP	VaD	apoe_excluded	rs7618284	rs7618284	3	66422246	FALSE	0.1891	0.0331	0.0288039	0.0287754	32.63826544116976
SBP	VaD	apoe_excluded	rs4499560	rs4499560	3	70920485	FALSE	0.2199	0.0326	0.00484442	0.0268916	45.500404606872685
SBP	VaD	apoe_excluded	rs1375564	rs1375564	3	85656311	FALSE	0.2579	0.0315	-0.00149618	0.0271463	67.0319072814311
SBP	VaD	apoe_excluded	rs12637573	rs12637573	3	121682388	FALSE	0.1731	0.0302	-0.001838	0.0243297	32.853394587956664
SBP	VaD	apoe_excluded	rs6438857	rs6438857	3	124557643	FALSE	0.2736	0.0305	0.0152481	0.0244845	80.46972319269014
SBP	VaD	apoe_excluded	rs9880098	rs9880098	3	133949366	FALSE	0.3081	0.0308	-0.0185328	0.0243958	100.0649456063417
SBP	VaD	apoe_excluded	rs1199330	rs1199330	3	138101529	FALSE	0.2654	0.047	0.0513487	0.0391231	31.88644635581712
SBP	VaD	apoe_excluded	rs9876694	rs9876694	3	141152017	FALSE	0.4713	0.0651	0.0126844	0.0561577	52.41226188706491
SBP	VaD	apoe_excluded	rs4408839	rs4408839	3	153729768	FALSE	0.2301	0.0345	-0.0404455	0.0272248	44.48310018903591
SBP	VaD	apoe_excluded	rs79539362	rs79539362	3	154680449	FALSE	0.4003	0.0504	0.0563647	0.0430994	63.082675894431844
SBP	VaD	apoe_excluded	rs17684859	rs17684859	3	158213841	FALSE	0.2241	0.034	-0.015725	0.0274582	43.44360726643598
SBP	VaD	apoe_excluded	rs3980686	rs3980686	3	168697602	FALSE	0.4998	0.0487	-0.0224535	0.0443311	105.32575505230449
SBP	VaD	apoe_excluded	rs1290784	rs1290784	3	169096900	FALSE	0.4124	0.0303	-0.0426096	0.024794	185.24737226197865
SBP	VaD	apoe_excluded	rs2111557	rs2111557	3	169325621	FALSE	0.1764	0.0302	-0.00975343	0.0243966	34.117977281698174
SBP	VaD	apoe_excluded	rs4955575	rs4955575	3	169534538	FALSE	0.2158	0.0348	-0.031235	0.0267787	38.454254194741715
SBP	VaD	apoe_excluded	rs13091418	rs13091418	3	185329756	FALSE	0.2234	0.0325	0.0285331	0.026297	47.24976094674555
SBP	VaD	apoe_excluded	rs9869437	rs9869437	3	196228360	FALSE	0.2001	0.0318	0.0346445	0.0260609	39.59496262014951
SBP	VaD	apoe_excluded	rs34535756	rs34535756	4	2246927	FALSE	0.478	0.0786	0.100244	0.0665697	36.983729256906805
SBP	VaD	apoe_excluded	rs1290933	rs1290933	4	2668217	FALSE	0.2847	0.0327	0.0522816	0.0276349	75.80178436158573
SBP	VaD	apoe_excluded	rs2498323	rs2498323	4	3451109	FALSE	0.3171	0.0517	-0.040733	0.0489439	37.61935956960443
SBP	VaD	apoe_excluded	rs2610990	rs2610990	4	18008232	FALSE	0.2903	0.0343	0.0299455	0.0260421	71.63179457538953
SBP	VaD	apoe_excluded	rs55924432	rs55924432	4	26812737	FALSE	0.2651	0.0317	0.0350547	0.0244676	69.93602284827196
SBP	VaD	apoe_excluded	rs2291434	rs2291434	4	38387244	FALSE	0.2622	0.0303	0.0148095	0.0245116	74.8824625036761
SBP	VaD	apoe_excluded	rs12511987	rs12511987	4	46595623	FALSE	0.2329	0.0399	0.0150179	0.0320177	34.07165155997764
SBP	VaD	apoe_excluded	rs62309747	rs62309747	4	48713862	FALSE	0.2244	0.0304	0.011723	0.0243766	54.48770775623267
SBP	VaD	apoe_excluded	rs60991988	rs60991988	4	54801228	FALSE	0.3789	0.0498	0.0586773	0.0417538	57.88826389896938
SBP	VaD	apoe_excluded	rs13107261	rs13107261	4	63768826	FALSE	0.1778	0.0314	-0.0313874	0.0256194	32.063004584364485
SBP	VaD	apoe_excluded	rs5020545	rs5020545	4	77414988	FALSE	0.2179	0.0305	0.041565	0.0247176	51.04048374092987
SBP	VaD	apoe_excluded	rs12509595	rs12509595	4	81182554	FALSE	0.8367	0.0334	0.0344934	0.0263532	627.5475008067698
SBP	VaD	apoe_excluded	rs6823199	rs6823199	4	83925895	FALSE	0.2094	0.0348	-0.0430631	0.0282246	36.20719381688467
SBP	VaD	apoe_excluded	rs17010957	rs17010957	4	86719165	FALSE	0.534	0.043	0.0386056	0.0342144	154.22174148188216
SBP	VaD	apoe_excluded	rs13149209	rs13149209	4	89750668	FALSE	0.281	0.0367	0.0113806	0.0260151	58.62468353020662
SBP	VaD	apoe_excluded	rs13107325	rs13107325	4	103188709	FALSE	0.9086	0.0592	0.0787104	0.102783	235.56027437910882
SBP	VaD	apoe_excluded	rs11097909	rs11097909	4	106911321	FALSE	0.3628	0.043	0.0207799	0.0397837	71.18650081124935
SBP	VaD	apoe_excluded	rs1493132	rs1493132	4	108861082	FALSE	0.1766	0.0318	0.00690416	0.025027400000000002	30.840908191922786
SBP	VaD	apoe_excluded	rs1814951	rs1814951	4	111408718	FALSE	0.3231	0.0466	0.0361928	0.0310334	48.073094917939166
SBP	VaD	apoe_excluded	rs2389873	rs2389873	4	120554714	FALSE	0.1972	0.0303	-0.00667631	0.0243618	42.35732880218714
SBP	VaD	apoe_excluded	rs7439567	rs7439567	4	138464842	FALSE	0.2537	0.0309	-0.00217221	0.024443	67.40994543417014
SBP	VaD	apoe_excluded	rs72719160	rs72719160	4	144051276	FALSE	0.2243	0.0324	0.0141841	0.0269925	47.92570682822741
SBP	VaD	apoe_excluded	rs2353940	rs2353940	4	145740898	FALSE	0.2075	0.0358	-0.026793	0.0285211	33.59465216441434
SBP	VaD	apoe_excluded	rs73855810	rs73855810	4	148383424	FALSE	0.2732	0.0434	-0.00293588	0.0367205	39.62615472828048
SBP	VaD	apoe_excluded	rs7683728	rs7683728	4	156402654	FALSE	0.3654	0.0304	-0.0510404	0.0249768	144.47407375346262
SBP	VaD	apoe_excluded	rs12643599	rs12643599	4	156639846	FALSE	0.3134	0.0313	-0.0148837	0.0259345	100.2557543712807
SBP	VaD	apoe_excluded	rs17035181	rs17035181	4	157678511	FALSE	0.3074	0.0429	0.0154114	0.0346674	51.344406952798565
SBP	VaD	apoe_excluded	rs869396	rs869396	4	169688000	FALSE	0.2115	0.0305	-0.0365001	0.0248184	48.086267132491265
SBP	VaD	apoe_excluded	rs4957026	rs4957026	5	361148	FALSE	0.1982	0.0323	-0.0185182	0.0261101	37.65323160386852
SBP	VaD	apoe_excluded	rs10069690	rs10069690	5	1279790	FALSE	0.3098	0.0369	0.015812	0.0266288	70.48717327281675
SBP	VaD	apoe_excluded	rs7725413	rs7725413	5	15695987	FALSE	0.1985	0.0359	-0.0228343	0.0287304	30.57258245978849
SBP	VaD	apoe_excluded	rs12656497	rs12656497	5	32831939	FALSE	0.6382	0.0307	0.0489769	0.0246322	432.1523199185136
SBP	VaD	apoe_excluded	rs10941043	rs10941043	5	33194751	FALSE	0.2585	0.0332	-0.0119055	0.0267379	60.62404739439687
SBP	VaD	apoe_excluded	rs2113077	rs2113077	5	50799442	FALSE	0.2097	0.0305	0.00673277	0.0247264	47.27126041386724
SBP	VaD	apoe_excluded	rs1694068	rs1694068	5	53283630	FALSE	0.2657	0.0311	-0.0388117	0.0245929	72.98982640791556
SBP	VaD	apoe_excluded	rs10043077	rs10043077	5	55692939	FALSE	0.1931	0.0324	-0.00620878	0.0251641	35.52012841030331
SBP	VaD	apoe_excluded	rs34496659	rs34496659	5	61798934	FALSE	0.4545	0.0616	0.0314351	0.0345531	54.43852515179625
SBP	VaD	apoe_excluded	rs6870654	rs6870654	5	63831964	FALSE	0.2136	0.0347	-0.0122581	0.0307777	37.891652617329264
SBP	VaD	apoe_excluded	rs4286632	rs4286632	5	66291370	FALSE	0.211	0.0343	-0.0268581	0.0290639	37.842225603277555
SBP	VaD	apoe_excluded	rs7703560	rs7703560	5	67678506	FALSE	0.2246	0.0333	0.0490289	0.0272138	45.49158167176184
SBP	VaD	apoe_excluded	rs246973	rs246973	5	68007803	FALSE	0.2479	0.0335	-0.0180805	0.0266758	54.75999999999999
SBP	VaD	apoe_excluded	rs6452769	rs6452769	5	87389027	FALSE	0.3143	0.0377	-1.15932e-4	0.0350792	69.5034018391743
SBP	VaD	apoe_excluded	rs76443575	rs76443575	5	96211594	FALSE	0.5233	0.0816	-0.0148864	0.0607112	41.126443254998065
SBP	VaD	apoe_excluded	rs1871190	rs1871190	5	97953719	FALSE	0.1954	0.0324	0.0327856	0.0248181	36.37132296905959
SBP	VaD	apoe_excluded	rs11241313	rs11241313	5	114428167	FALSE	0.2071	0.0326	0.0353074	0.0271037	40.35756897135761
SBP	VaD	apoe_excluded	rs1624823	rs1624823	5	122475438	FALSE	0.3371	0.0313	-0.00505566	0.0248774	115.99221182210698
SBP	VaD	apoe_excluded	rs9327297	rs9327297	5	122835051	FALSE	0.2747	0.0319	-0.0358426	0.0261781	74.15423394031114
SBP	VaD	apoe_excluded	rs758179	rs758179	5	127354424	FALSE	0.2091	0.0367	-0.0238156	0.0280537	32.46204961058438
SBP	VaD	apoe_excluded	rs6892983	rs6892983	5	127845030	FALSE	0.3427	0.0307	-0.0334727	0.0256892	124.60958736962725
SBP	VaD	apoe_excluded	rs702395	rs702395	5	140086677	FALSE	0.2318	0.0305	0.0197464	0.0244298	57.760000000000005
SBP	VaD	apoe_excluded	rs2913920	rs2913920	5	141726983	FALSE	0.2418	0.0359	0.0334513	0.0281924	45.365290461743776
SBP	VaD	apoe_excluded	rs1957563	rs1957563	5	157474590	FALSE	0.3629	0.0342	0.0738189	0.029067	112.59567901234567
SBP	VaD	apoe_excluded	rs11960210	rs11960210	5	157817634	FALSE	0.4727	0.0313	2.38337e-4	0.0256172	228.07754493768437
SBP	VaD	apoe_excluded	rs13358657	rs13358657	5	157938070	FALSE	0.388	0.0445	0.0127265	0.0372649	76.0227244034844
SBP	VaD	apoe_excluded	rs3860770	rs3860770	5	173301427	FALSE	0.2663	0.0333	0.0171977	0.0249531	63.95196096997896
SBP	VaD	apoe_excluded	rs12153395	rs12153395	5	179411477	FALSE	0.3303	0.0486	-0.0514202	0.0358771	46.18964334705076
SBP	VaD	apoe_excluded	rs2745599	rs2745599	6	1613686	FALSE	0.2164	0.0317	0.0131765	0.0250119	46.601080715302174
SBP	VaD	apoe_excluded	rs1575290	rs1575290	6	7715689	FALSE	0.1973	0.0301	-0.00629422	0.0244284	42.965629518438
SBP	VaD	apoe_excluded	rs1630736	rs1630736	6	12295987	FALSE	0.1706	0.0309	0.0609388	0.0245371	30.481834082173417
SBP	VaD	apoe_excluded	rs9349379	rs9349379	6	12903957	FALSE	0.2664	0.0312	0.0313139	0.0243906	72.905325443787
SBP	VaD	apoe_excluded	rs9368222	rs9368222	6	20686996	FALSE	0.2281	0.0339	0.00606147	0.0258564	45.27424056525788
SBP	VaD	apoe_excluded	rs2655445	rs2655445	6	22377623	FALSE	0.2018	0.0312	9.73972e-4	0.0249333	41.834360618014465
SBP	VaD	apoe_excluded	rs116025100	rs116025100	6	30935290	FALSE	0.5365	0.0851	0.0172989	0.0803696	39.74480151228734
SBP	VaD	apoe_excluded	rs2753960	rs2753960	6	31762844	FALSE	0.4466	0.0309	-0.0119551	0.0253488	208.89136058482842
SBP	VaD	apoe_excluded	rs2815063	rs2815063	6	39262535	FALSE	0.2755	0.0458	-0.0106568	0.0362235	36.1836397093877
SBP	VaD	apoe_excluded	rs7763558	rs7763558	6	43349215	FALSE	0.3363	0.0321	0.00615742	0.0264666	109.75989169359771
SBP	VaD	apoe_excluded	rs998584	rs998584	6	43757896	FALSE	0.1701	0.0312	0.0401207	0.0245349	29.723465236686398
SBP	VaD	apoe_excluded	rs78648104	rs78648104	6	50683009	FALSE	0.4287	0.0541	0.021082300000000002	0.0331592	62.79317413839642
SBP	VaD	apoe_excluded	rs1984195	rs1984195	6	79657391	FALSE	0.2409	0.0303	-0.00539095	0.0245107	63.21037153220272
SBP	VaD	apoe_excluded	rs9361836	rs9361836	6	82235408	FALSE	0.2196	0.0324	0.0161209	0.0258263	45.93827160493827
SBP	VaD	apoe_excluded	rs6921291	rs6921291	6	97066242	FALSE	0.3575	0.0385	0.0453209	0.0373416	86.22448979591834
SBP	VaD	apoe_excluded	rs9486916	rs9486916	6	109013930	FALSE	0.2657	0.0385	-0.0104431	0.0292416	47.62792376454714
SBP	VaD	apoe_excluded	rs560955	rs560955	6	117481404	FALSE	0.1784	0.0307	-0.0028719	0.0248289	33.76859170919585
SBP	VaD	apoe_excluded	rs10782230	rs10782230	6	126228512	FALSE	0.2106	0.0302	0.0209436	0.0244916	48.62984079645629
SBP	VaD	apoe_excluded	rs9401913	rs9401913	6	127159982	FALSE	0.5202	0.0305	0.0132148	0.0243244	290.8981886589627
SBP	VaD	apoe_excluded	rs2327429	rs2327429	6	134209837	FALSE	0.2	0.0338	-0.0242179	0.0283424	35.01277966457758
SBP	VaD	apoe_excluded	rs8180684	rs8180684	6	143200936	FALSE	0.2134	0.0335	-0.0138029	0.0266831	40.57880151481399
SBP	VaD	apoe_excluded	rs7765526	rs7765526	6	147713764	FALSE	0.201	0.0307	0.0219399	0.0246059	42.86623730755764
SBP	VaD	apoe_excluded	rs17080102	rs17080102	6	151004770	FALSE	0.8085	0.0594	-0.0110272	0.0459503	185.26234567901233
SBP	VaD	apoe_excluded	rs1293969	rs1293969	6	151959945	FALSE	0.1988	0.0347	0.00179939	0.0265225	32.822662757767276
SBP	VaD	apoe_excluded	rs509833	rs509833	6	159711515	FALSE	0.329	0.044	-0.0260982	0.0371653	55.90960743801654
SBP	VaD	apoe_excluded	rs12661036	rs12661036	6	163737476	FALSE	0.2104	0.0374	-0.0705215	0.0268744	31.64814550030026
SBP	VaD	apoe_excluded	rs7744902	rs7744902	6	166176722	FALSE	0.4088	0.0593	0.0187784	0.0470284	47.52393437774599
SBP	VaD	apoe_excluded	rs6959688	rs6959688	7	1966831	FALSE	0.2344	0.031	0.0378065	0.0249959	57.17311134235172
SBP	VaD	apoe_excluded	rs10282122	rs10282122	7	2529623	FALSE	0.302	0.0327	0.0119704	0.027888	85.29398011764816
SBP	VaD	apoe_excluded	rs73049928	rs73049928	7	4669949	FALSE	0.2382	0.0392	9.78696e-4	0.0268018	36.92422428154936
SBP	VaD	apoe_excluded	rs3807925	rs3807925	7	18543250	FALSE	0.1859	0.0319	-0.0223065	0.0252725	33.96076099881095
SBP	VaD	apoe_excluded	rs28688791	rs28688791	7	19039605	FALSE	0.3222	0.038	-0.0247577	0.0281402	71.89254847645428
SBP	VaD	apoe_excluded	rs112509803	rs112509803	7	24735004	FALSE	0.2641	0.0477	0.0181451	0.039806	30.654909923570187
SBP	VaD	apoe_excluded	rs3735533	rs3735533	7	27245893	FALSE	0.91	0.0577	0.00844264	0.0413492	248.73171156612972
SBP	VaD	apoe_excluded	rs6961048	rs6961048	7	27328187	FALSE	0.5304	0.0497	0.0237302	0.0356575	113.8922711318211
SBP	VaD	apoe_excluded	rs977184	rs977184	7	28650761	FALSE	0.184	0.0314	-0.00939361	0.0246937	34.33810702259727
SBP	VaD	apoe_excluded	rs11977526	rs11977526	7	46008110	FALSE	0.3213	0.0312	0.0497884	0.0260986	106.05038831360947
SBP	VaD	apoe_excluded	rs12668436	rs12668436	7	47548893	FALSE	0.2151	0.035	-0.0282574	0.0279784	37.76980408163266
SBP	VaD	apoe_excluded	rs848445	rs848445	7	77572461	FALSE	0.2025	0.0339	0.0336225	0.027735	35.68212076121858
SBP	VaD	apoe_excluded	rs2392929	rs2392929	7	106414069	FALSE	0.7507	0.0379	0.0390928	0.0267967	392.3326139472713
SBP	VaD	apoe_excluded	rs34072724	rs34072724	7	130432469	FALSE	0.2422	0.0303	0.0205121	0.0243908	63.8944330076572
SBP	VaD	apoe_excluded	rs35680304	rs35680304	7	130973495	FALSE	0.2694	0.031	0.0146665	0.0249651	75.52170655567116
SBP	VaD	apoe_excluded	rs75672964	rs75672964	7	131321010	FALSE	0.5885	0.0839	-0.0143731	0.0459089	49.200442947433025
SBP	VaD	apoe_excluded	rs73727605	rs73727605	7	149474622	FALSE	0.3616	0.0623	0.0545118	0.0592219	33.688428331817505
SBP	VaD	apoe_excluded	rs3918226	rs3918226	7	150690176	FALSE	0.664	0.0575	-0.00694244	0.0480354	133.3522873345936
SBP	VaD	apoe_excluded	rs10224210	rs10224210	7	151413194	FALSE	0.3831	0.034	0.0070271	0.0290605	126.95987024221454
SBP	VaD	apoe_excluded	rs62480403	rs62480403	7	155744252	FALSE	0.2056	0.0326	0.0427874	0.0264878	39.77507621664347
SBP	VaD	apoe_excluded	rs71499040	rs71499040	8	1711918	FALSE	0.2215	0.0338	0.0233777	0.0287602	42.94514372746053
SBP	VaD	apoe_excluded	rs1821002	rs1821002	8	10640065	FALSE	0.3794	0.0307	0.03145	0.0245078	152.72773185922395
SBP	VaD	apoe_excluded	rs10866828	rs10866828	8	23401534	FALSE	0.2476	0.0355	0.0203372	0.0275256	48.64571315215236
SBP	VaD	apoe_excluded	rs7821832	rs7821832	8	25889446	FALSE	0.4222	0.0348	-0.0283155	0.026658	147.18988637864982
SBP	VaD	apoe_excluded	rs77375686	rs77375686	8	26043622	FALSE	0.3467	0.0485	-0.0442357	0.0431308	51.1003889892656
SBP	VaD	apoe_excluded	rs1906672	rs1906672	8	38130025	FALSE	0.2966	0.0358	0.011191	0.0317985	68.6398364595362
SBP	VaD	apoe_excluded	rs4873492	rs4873492	8	51947549	FALSE	0.3431	0.0403	0.00437039	0.0329486	72.48219618370904
SBP	VaD	apoe_excluded	rs2354862	rs2354862	8	64501744	FALSE	0.2507	0.0317	-0.04601	0.0285765	62.54464667774582
SBP	VaD	apoe_excluded	rs13253358	rs13253358	8	68920135	FALSE	0.2127	0.033	0.00608935	0.0271283	41.54388429752066
SBP	VaD	apoe_excluded	rs2126474	rs2126474	8	76878957	FALSE	0.2601	0.0306	0.0082742	0.0254377	72.25
SBP	VaD	apoe_excluded	rs9918879	rs9918879	8	77681093	FALSE	0.2984	0.0499	-0.0498083	0.0345521	35.75992064288898
SBP	VaD	apoe_excluded	rs148401029	rs148401029	8	81386066	FALSE	0.4623	0.0848	-0.0299714	0.0756067	29.72049800863296
SBP	VaD	apoe_excluded	rs10091532	rs10091532	8	82853793	FALSE	0.2067	0.0305	0.0186873	0.0244893	45.92839559258264
SBP	VaD	apoe_excluded	rs843093	rs843093	8	92528310	FALSE	0.2085	0.0338	-0.0216503	0.0273504	38.052107769335805
SBP	VaD	apoe_excluded	rs2613203	rs2613203	8	95253197	FALSE	0.2681	0.0389	-0.0147549	0.0324526	47.50008921431924
SBP	VaD	apoe_excluded	rs79069610	rs79069610	8	105921209	FALSE	0.4005	0.0727	-0.0643518	0.0787236	30.34842931986703
SBP	VaD	apoe_excluded	rs35783704	rs35783704	8	105966258	FALSE	0.4619	0.0507	-0.0284663	0.033616	83.00036568903204
SBP	VaD	apoe_excluded	rs7830607	rs7830607	8	110097287	FALSE	0.206	0.0327	0.0214499	0.0257806	39.686146882510826
SBP	VaD	apoe_excluded	rs2470004	rs2470004	8	120358445	FALSE	0.3454	0.0392	-0.0422131	0.0373161	77.63767700957935
SBP	VaD	apoe_excluded	rs4598218	rs4598218	8	129483956	FALSE	0.1911	0.0313	0.0246222	0.0263809	37.27629147995793
SBP	VaD	apoe_excluded	rs7012866	rs7012866	8	135616959	FALSE	0.2325	0.0301	0.00729037	0.0249173	59.664076555446414
SBP	VaD	apoe_excluded	rs4440615	rs4440615	8	141057641	FALSE	0.2201	0.0312	-0.0329729	0.0246559	49.76578936554898
SBP	VaD	apoe_excluded	rs4961293	rs4961293	8	141812374	FALSE	0.2268	0.0303	0.00475746	0.024426	56.027448289383386
SBP	VaD	apoe_excluded	rs3802228	rs3802228	8	143992218	FALSE	0.2747	0.0305	0.0254214	0.0246499	81.118075786079
SBP	VaD	apoe_excluded	rs60191654	rs60191654	9	753648	FALSE	0.2382	0.0385	0.0334446	0.0325977	38.27912970146736
SBP	VaD	apoe_excluded	rs927315	rs927315	9	4117713	FALSE	0.1689	0.0303	-0.0569667	0.0247209	31.072345848446226
SBP	VaD	apoe_excluded	rs1332813	rs1332813	9	9350706	FALSE	0.2203	0.0314	-0.0466473	0.0264306	49.22318349628788
SBP	VaD	apoe_excluded	rs9886665	rs9886665	9	22942770	FALSE	0.2048	0.0343	-0.0276308	0.0267494	35.65099575856999
SBP	VaD	apoe_excluded	rs4553000	rs4553000	9	34223553	FALSE	0.2035	0.03	0.0599746	0.0244193	46.01361111111111
SBP	VaD	apoe_excluded	rs76452347	rs76452347	9	35906471	FALSE	0.2974	0.0397	0.0352063	0.0320403	56.117835910385836
SBP	VaD	apoe_excluded	rs10746963	rs10746963	9	77238558	FALSE	0.2177	0.0388	-0.0245772	0.0324529	31.48135428844723
SBP	VaD	apoe_excluded	rs7045409	rs7045409	9	95201540	FALSE	0.1862	0.0313	-0.0228208	0.0265917	35.38919454113036
SBP	VaD	apoe_excluded	rs10980408	rs10980408	9	113249071	FALSE	0.7606	0.0827	0.065796	0.107098	84.5866105984686
SBP	VaD	apoe_excluded	rs2900568	rs2900568	9	116689758	FALSE	0.1889	0.03	-1.81145e-4	0.0243164	39.648011111111124
SBP	VaD	apoe_excluded	rs34025993	rs34025993	9	123516572	FALSE	0.223	0.0308	0.0178132	0.0246721	52.42136110642603
SBP	VaD	apoe_excluded	rs7854147	rs7854147	9	125863350	FALSE	0.3056	0.0461	-0.0809521	0.0337462	43.94453254031366
SBP	VaD	apoe_excluded	rs13289468	rs13289468	9	128180332	FALSE	0.2488	0.0306	9.25549e-4	0.0247103	66.10859071297364
SBP	VaD	apoe_excluded	rs6271	rs6271	9	136522274	FALSE	0.5547	0.0611	0.0147511	0.0490199	82.4202469188714
SBP	VaD	apoe_excluded	rs11145807	rs11145807	9	139520789	FALSE	0.2135	0.0322	0.0314122	0.0249541	43.96266540642722
SBP	VaD	apoe_excluded	rs11252324	rs11252324	10	4124568	FALSE	0.4164	0.0573	0.074532	0.0553159	52.80951728296922
SBP	VaD	apoe_excluded	rs1623474	rs1623474	10	18471794	FALSE	0.3827	0.0321	-0.012326	0.0261541	142.13690666821947
SBP	VaD	apoe_excluded	rs12258967	rs12258967	10	18727959	FALSE	0.6327	0.0337	0.0488417	0.029443	352.48112601149967
SBP	VaD	apoe_excluded	rs11596400	rs11596400	10	28245420	FALSE	0.2518	0.0303	0.00683133	0.0246941	69.05993965733208
SBP	VaD	apoe_excluded	rs12264186	rs12264186	10	32289986	FALSE	0.2135	0.0387	0.0372006	0.0357892	30.435036623066186
SBP	VaD	apoe_excluded	rs4948643	rs4948643	10	45379759	FALSE	0.2258	0.0338	0.00216006	0.025441	44.62872448443683
SBP	VaD	apoe_excluded	rs4245599	rs4245599	10	60365755	FALSE	0.1794	0.0305	0.0122433	0.0244458	34.597538296156955
SBP	VaD	apoe_excluded	rs57946343	rs57946343	10	63499951	FALSE	0.716	0.0426	0.0630643	0.0400814	282.4924507923912
SBP	VaD	apoe_excluded	rs2236295	rs2236295	10	64564892	FALSE	0.3028	0.0309	-0.0106164	0.0253553	96.02731433478912
SBP	VaD	apoe_excluded	rs2177843	rs2177843	10	75409877	FALSE	0.4394	0.0432	-0.0911379	0.0343855	103.45526834705075
SBP	VaD	apoe_excluded	rs10749572	rs10749572	10	82136664	FALSE	0.203	0.0302	-0.052172	0.0247186	45.18332529275032
SBP	VaD	apoe_excluded	rs111866816	rs111866816	10	94441507	FALSE	0.3569	0.0597	-0.0591517	0.0596238	35.73916764167009
SBP	VaD	apoe_excluded	rs2689690	rs2689690	10	95899706	FALSE	0.2702	0.0316	0.00264892	0.0274432	73.11332318538693
SBP	VaD	apoe_excluded	rs57866767	rs57866767	10	96023077	FALSE	0.4501	0.0304	0.00379489	0.0257871	219.215298216759
SBP	VaD	apoe_excluded	rs1006545	rs1006545	10	102553647	FALSE	0.6846	0.048	0.0548026	0.0505951	203.41890625
SBP	VaD	apoe_excluded	rs11191580	rs11191580	10	104906211	FALSE	1.0995	0.055	-0.0428101	0.0443452	399.63644628099166
SBP	VaD	apoe_excluded	rs117464403	rs117464403	10	107158054	FALSE	0.864	0.1199	-0.186345	0.0811639	51.92650812012511
SBP	VaD	apoe_excluded	rs12255372	rs12255372	10	114808902	FALSE	0.2358	0.0335	0.0244145	0.0315446	49.54478948540877
SBP	VaD	apoe_excluded	rs1801253	rs1801253	10	115805056	FALSE	0.4626	0.0344	0.019387	0.027992	180.83994726879394
SBP	VaD	apoe_excluded	rs72842207	rs72842207	10	121433675	FALSE	0.203	0.0367	-0.00304233	0.0293352	30.595668540118343
SBP	VaD	apoe_excluded	rs11592107	rs11592107	10	122968964	FALSE	0.3024	0.0326	0.0170992	0.0267642	86.04554179683092
SBP	VaD	apoe_excluded	rs7093894	rs7093894	10	124234880	FALSE	0.236	0.0427	0.0316379	0.0402882	30.54697826456569
SBP	VaD	apoe_excluded	rs7912283	rs7912283	10	133773019	FALSE	0.2144	0.0322	0.00844904	0.024998	44.33409204891787
SBP	VaD	apoe_excluded	rs1133400	rs1133400	10	134459388	FALSE	0.2975	0.0376	-0.0293559	0.0323854	62.60344754413761
SBP	VaD	apoe_excluded	rs569550	rs569550	11	1887068	FALSE	0.5765	0.0318	0.0168226	0.024684	328.65813258969183
SBP	VaD	apoe_excluded	rs74048190	rs74048190	11	2114221	FALSE	0.4404	0.0757	0.00439673	0.0525962	33.84565019745257
SBP	VaD	apoe_excluded	rs360153	rs360153	11	9762274	FALSE	0.3445	0.0306	-0.0139211	0.0263648	126.74639027724378
SBP	VaD	apoe_excluded	rs2014408	rs2014408	11	16365282	FALSE	0.5169	0.0373	-0.0141859	0.0340211	192.04163761688795
SBP	VaD	apoe_excluded	rs7926335	rs7926335	11	16917869	FALSE	0.3135	0.0339	0.0120148	0.0281605	85.52157569112694
SBP	VaD	apoe_excluded	rs17762	rs17762	11	22492454	FALSE	0.4117	0.0571	0.0295613	0.0393125	51.986372879484485
SBP	VaD	apoe_excluded	rs1382472	rs1382472	11	27273967	FALSE	0.1917	0.0307	-0.00843919	0.0260922	38.99127842205222
SBP	VaD	apoe_excluded	rs871004	rs871004	11	28512458	FALSE	0.2336	0.0317	-0.0119357	0.0246523	54.303416294320776
SBP	VaD	apoe_excluded	rs10501122	rs10501122	11	30192151	FALSE	0.1916	0.0315	-0.0314391	0.025071	36.99728898966994
SBP	VaD	apoe_excluded	rs11604310	rs11604310	11	45351420	FALSE	0.2778	0.0411	0.0511929	0.0366187	45.68575843145612
SBP	VaD	apoe_excluded	rs7107356	rs7107356	11	47676170	FALSE	0.4598	0.0301	0.0420479	0.0249571	233.34846193750624
SBP	VaD	apoe_excluded	rs2904315	rs2904315	11	48109948	FALSE	0.2081	0.0325	-0.0376739	0.0265332	40.99939408284023
SBP	VaD	apoe_excluded	rs4427587	rs4427587	11	58436648	FALSE	0.2062	0.0313	0.0193479	0.0245625	43.399891802508954
SBP	VaD	apoe_excluded	rs7125196	rs7125196	11	61272565	FALSE	0.4422	0.0472	0.00293235	0.0323809	87.77149166906062
SBP	VaD	apoe_excluded	rs2306363	rs2306363	11	65405600	FALSE	0.4358	0.0376	-0.00757917	0.032876	134.33796401086465
SBP	VaD	apoe_excluded	rs7395791	rs7395791	11	69262916	FALSE	0.2162	0.0308	0.0219982	0.0245152	49.273106763366506
SBP	VaD	apoe_excluded	rs10501410	rs10501410	11	72088806	FALSE	0.4122	0.0607	-0.0427966	0.0393949	46.114615591303014
SBP	VaD	apoe_excluded	rs7927515	rs7927515	11	76125330	FALSE	0.2271	0.0319	-0.00254998	0.0250196	50.68190171087155
SBP	VaD	apoe_excluded	rs2289124	rs2289124	11	89224477	FALSE	0.308	0.0415	-0.0404441	0.0339845	55.08143417041661
SBP	VaD	apoe_excluded	rs604723	rs604723	11	100610546	FALSE	0.655	0.0339	0.0312751	0.0277517	373.3216731493809
SBP	VaD	apoe_excluded	rs629864	rs629864	11	100699139	FALSE	0.1868	0.0319	0.0223626	0.0278604	34.290386297304465
SBP	VaD	apoe_excluded	rs7926110	rs7926110	11	107086143	FALSE	0.2603	0.0321	0.0101591	0.0286252	65.75643675818363
SBP	VaD	apoe_excluded	rs236916	rs236916	11	117089628	FALSE	0.3166	0.0446	-0.0303754	0.0342613	50.390898670795714
SBP	VaD	apoe_excluded	rs573455	rs573455	11	117267884	FALSE	0.1994	0.0303	0.0144954	0.0243285	43.30769314555218
SBP	VaD	apoe_excluded	rs11222084	rs11222084	11	130273230	FALSE	0.3363	0.0316	-0.0151956	0.0257829	113.26078553116484
SBP	VaD	apoe_excluded	rs78998485	rs78998485	12	434755	FALSE	0.2449	0.0346	0.0156288	0.0261519	50.09857496074043
SBP	VaD	apoe_excluded	rs3819532	rs3819532	12	2436837	FALSE	0.1875	0.0306	0.0361232	0.0244894	37.54565551710881
SBP	VaD	apoe_excluded	rs10845621	rs10845621	12	12887977	FALSE	0.2879	0.0337	0.0113186	0.0290468	72.98330530338383
SBP	VaD	apoe_excluded	rs1010064	rs1010064	12	20000315	FALSE	0.3571	0.0387	0.0529938	0.0373814	85.14472955017393
SBP	VaD	apoe_excluded	rs73075659	rs73075659	12	20373541	FALSE	0.3962	0.0321	0.0327742	0.0289427	152.34172804999957
SBP	VaD	apoe_excluded	rs2129869	rs2129869	12	26457650	FALSE	0.2643	0.0361	0.0118502	0.0274964	53.60186769592007
SBP	VaD	apoe_excluded	rs9651825	rs9651825	12	27159784	FALSE	0.2042	0.034	-0.00718892	0.0273172	36.07062283737023
SBP	VaD	apoe_excluded	rs61917655	rs61917655	12	48210787	FALSE	0.3427	0.0514	-0.0798288	0.0414743	44.45309164408243
SBP	VaD	apoe_excluded	rs12426261	rs12426261	12	50573037	FALSE	0.3775	0.0309	-0.0231064	0.0251778	149.25089808443568
SBP	VaD	apoe_excluded	rs7134440	rs7134440	12	53450097	FALSE	0.4788	0.0562	-0.0352557	0.0421579	72.5831233140411
SBP	VaD	apoe_excluded	rs7134677	rs7134677	12	54441498	FALSE	0.3851	0.0332	0.05215	0.0251	134.5460244592829
SBP	VaD	apoe_excluded	rs7306710	rs7306710	12	66376091	FALSE	0.2429	0.0303	-0.0126508	0.0244798	64.26429870709843
SBP	VaD	apoe_excluded	rs4143175	rs4143175	12	67782397	FALSE	0.2187	0.0352	-0.00862625	0.0292109	38.60221623192149
SBP	VaD	apoe_excluded	rs7963801	rs7963801	12	79685226	FALSE	0.2362	0.0311	-0.0116951	0.0247688	57.68182711096866
SBP	VaD	apoe_excluded	rs6539467	rs6539467	12	79955306	FALSE	0.265	0.0404	-0.0151905	0.0336886	43.02580629350065
SBP	VaD	apoe_excluded	rs17249754	rs17249754	12	90060586	FALSE	0.8446	0.0403	-0.0167002	0.0457313	439.23006729922605
SBP	VaD	apoe_excluded	rs10777213	rs10777213	12	90349999	FALSE	0.1786	0.0299	0.0417781	0.0244202	35.67964564154764
SBP	VaD	apoe_excluded	rs3184504	rs3184504	12	111884608	FALSE	0.5779	0.0303	-0.00297868	0.0248094	363.7643477219008
SBP	VaD	apoe_excluded	rs1896326	rs1896326	12	115342956	FALSE	0.2797	0.0371	-0.0563585	0.031642000000000003	56.83778089377438
SBP	VaD	apoe_excluded	rs35444	rs35444	12	115552437	FALSE	0.4368	0.031	0.0237813	0.0253016	198.53719042663894
SBP	VaD	apoe_excluded	rs6490019	rs6490019	12	115920472	FALSE	0.2897	0.0309	0.0505449	0.0265269	87.89821011510143
SBP	VaD	apoe_excluded	rs117206641	rs117206641	12	133086888	FALSE	0.3154	0.0499	0.0518556	0.0441717	39.95050622286658
SBP	VaD	apoe_excluded	rs483071	rs483071	13	22294117	FALSE	0.2709	0.0313	-0.0055864	0.0248265	74.90819544958097
SBP	VaD	apoe_excluded	rs9507885	rs9507885	13	27951090	FALSE	0.3208	0.0542	1.08574e-5	0.0398995	35.03242058250841
SBP	VaD	apoe_excluded	rs9508495	rs9508495	13	30146201	FALSE	0.3557	0.0353	-0.0305443	0.0253892	101.53559534223051
SBP	VaD	apoe_excluded	rs2065498	rs2065498	13	41893105	FALSE	0.2934	0.0403	0.0714493	0.0359684	53.004180802788014
SBP	VaD	apoe_excluded	rs7491248	rs7491248	13	47180671	FALSE	0.2163	0.0362	-0.0829231	0.0352308	35.70227557156374
SBP	VaD	apoe_excluded	rs9526707	rs9526707	13	51489186	FALSE	0.2039	0.0323	0.0388114	0.0261296	39.850099205398294
SBP	VaD	apoe_excluded	rs75961402	rs75961402	13	56398286	FALSE	0.2659	0.0418	0.0162296	0.0363	40.46542547102861
SBP	VaD	apoe_excluded	rs17245822	rs17245822	13	73131694	FALSE	0.1899	0.0312	0.0130983	0.0249215	37.04595044378699
SBP	VaD	apoe_excluded	rs78474310	rs78474310	13	73826901	FALSE	0.4699	0.0734	0.0347459	0.0603798	40.984417806947846
SBP	VaD	apoe_excluded	rs6562778	rs6562778	13	74223828	FALSE	0.178	0.0304	0.0340566	0.0244684	34.28410664819944
SBP	VaD	apoe_excluded	rs9549627	rs9549627	13	113652369	FALSE	0.2846	0.05	-0.038669	0.0389598	32.398864
SBP	VaD	apoe_excluded	rs7331680	rs7331680	13	115000650	FALSE	0.4101	0.0423	0.00205767	0.0339022	93.99371258990998
SBP	VaD	apoe_excluded	rs8904	rs8904	14	35871217	FALSE	0.3061	0.0314	0.0189312	0.0250014	95.03145158018582
SBP	VaD	apoe_excluded	rs7493678	rs7493678	14	39400917	FALSE	0.189	0.0316	-0.0386303	0.0256136	35.77251241788175
SBP	VaD	apoe_excluded	rs72683923	rs72683923	14	50735947	FALSE	0.9587	0.1101	0.0945391	0.115154	75.82122849263446
SBP	VaD	apoe_excluded	rs35413927	rs35413927	14	53420358	FALSE	0.3002	0.0328	-0.0178571	0.0276054	83.76714009518143
SBP	VaD	apoe_excluded	rs57140819	rs57140819	14	68018247	FALSE	0.2415	0.0398	0.0610306	0.0312581	36.81867250826999
SBP	VaD	apoe_excluded	rs11847049	rs11847049	14	69259406	FALSE	0.2272	0.0364	0.0385659	0.0311896	38.959545948556936
SBP	VaD	apoe_excluded	rs11159091	rs11159091	14	75074316	FALSE	0.1978	0.0303	-0.0372851	0.0246565	42.615473428530976
SBP	VaD	apoe_excluded	rs7154723	rs7154723	14	98590629	FALSE	0.253	0.0309	-0.00451728	0.0254043	67.03846838638054
SBP	VaD	apoe_excluded	rs17562391	rs17562391	14	100133250	FALSE	0.1967	0.0306	0.00561717	0.0245027	41.32052842923663
SBP	VaD	apoe_excluded	rs75016974	rs75016974	14	100197940	FALSE	0.2513	0.0439	-0.0594626	0.0359865	32.768452841153795
SBP	VaD	apoe_excluded	rs12885878	rs12885878	14	104007555	FALSE	0.2291	0.0367	0.0176959	0.0269807	38.96889129773032
SBP	VaD	apoe_excluded	rs8030856	rs8030856	15	40314967	FALSE	0.1764	0.031	-0.0250956	0.0246086	32.37977107180021
SBP	VaD	apoe_excluded	rs28866311	rs28866311	15	41442195	FALSE	0.2762	0.0302	0.0407388	0.025368	83.64374369545195
SBP	VaD	apoe_excluded	rs4775769	rs4775769	15	48939888	FALSE	0.4162	0.0517	-0.103179	0.0505578	64.80717126406248
SBP	VaD	apoe_excluded	rs3098186	rs3098186	15	50810621	FALSE	0.2422	0.0303	-0.00282851	0.0244342	63.8944330076572
SBP	VaD	apoe_excluded	rs2652812	rs2652812	15	63406170	FALSE	0.2516	0.0353	0.0423471	0.0267195	50.80095338217946
SBP	VaD	apoe_excluded	rs28429256	rs28429256	15	66931617	FALSE	0.215	0.0325	-0.0251337	0.0249587	43.76331360946745
SBP	VaD	apoe_excluded	rs11636952	rs11636952	15	75114322	FALSE	0.5313	0.0328	-0.0314478	0.0250127	262.38073505353947
SBP	VaD	apoe_excluded	rs2627313	rs2627313	15	81006712	FALSE	0.3208	0.0303	0.0297981	0.0248941	112.09428269559628
SBP	VaD	apoe_excluded	rs2046341	rs2046341	15	86040872	FALSE	0.2542	0.0382	-0.0306108	0.0288072	44.28170828650531
SBP	VaD	apoe_excluded	rs77032376	rs77032376	15	90010780	FALSE	0.2727	0.043	0.0160118	0.0303095	40.21919415900487
SBP	VaD	apoe_excluded	rs4932373	rs4932373	15	91429287	FALSE	0.635	0.0328	0.057061	0.0277693	374.80015615704934
SBP	VaD	apoe_excluded	rs12906962	rs12906962	15	95312071	FALSE	0.2653	0.0325	0.00891868	0.0250185	66.63582485207098
SBP	VaD	apoe_excluded	rs2589218	rs2589218	15	96785017	FALSE	0.2258	0.0339	0.0297656	0.0291932	44.36581651743372
SBP	VaD	apoe_excluded	rs4606697	rs4606697	15	100087596	FALSE	0.3196	0.0523	-0.0263704	0.0443254	37.34308245195208
SBP	VaD	apoe_excluded	rs11641374	rs11641374	16	1347717	FALSE	0.1943	0.0309	0.039303	0.0259758	39.5392695929033
SBP	VaD	apoe_excluded	rs12596630	rs12596630	16	2065666	FALSE	0.4278	0.0547	-0.0440665	0.0530584	61.165553175205304
SBP	VaD	apoe_excluded	rs72778133	rs72778133	16	3578718	FALSE	0.2417	0.0443	0.0117833	0.0326219	29.767738943892706
SBP	VaD	apoe_excluded	rs111929315	rs111929315	16	4136871	FALSE	0.3146	0.0485	0.00831626	0.0445805	42.07595281113827
SBP	VaD	apoe_excluded	rs12446456	rs12446456	16	4922201	FALSE	0.3003	0.0302	-0.00192071	0.0248815	98.8773409061006
SBP	VaD	apoe_excluded	rs77924615	rs77924615	16	20392332	FALSE	0.4081	0.039	-0.0172626	0.0295991	109.49744247205786
SBP	VaD	apoe_excluded	rs7186298	rs7186298	16	21088031	FALSE	0.2315	0.0302	0.0264853	0.0250991	58.76085478707074
SBP	VaD	apoe_excluded	rs8044992	rs8044992	16	24811207	FALSE	0.2138	0.0331	-0.0389468	0.0279582	41.7214519765245
SBP	VaD	apoe_excluded	rs34941092	rs34941092	16	50550137	FALSE	0.3225	0.0425	-0.0513446	0.0378015	57.58131487889273
SBP	VaD	apoe_excluded	rs4784541	rs4784541	16	51704452	FALSE	0.2015	0.0307	-0.00324771	0.0245633	43.079767424588056
SBP	VaD	apoe_excluded	rs2060664	rs2060664	16	60652439	FALSE	0.216	0.0345	-0.0259678	0.0281116	39.1984877126654
SBP	VaD	apoe_excluded	rs146550789	rs146550789	16	66781040	FALSE	0.4824	0.0778	0.0550562	0.0508483	38.44637558567549
SBP	VaD	apoe_excluded	rs62047964	rs62047964	16	70729954	FALSE	0.5115	0.0686	-0.124349	0.0505329	55.595935792059436
SBP	VaD	apoe_excluded	rs12103229	rs12103229	16	74167594	FALSE	0.1791	0.0301	-7.08265e-4	0.0246584	35.40447677177957
SBP	VaD	apoe_excluded	rs4888408	rs4888408	16	75432824	FALSE	0.3653	0.0307	0.0131565	0.0246976	141.58674362592708
SBP	VaD	apoe_excluded	rs12926550	rs12926550	16	81510155	FALSE	0.2548	0.0324	-0.0125607	0.0274737	61.84560280445056
SBP	VaD	apoe_excluded	rs3950627	rs3950627	16	86436343	FALSE	0.1851	0.0308	0.0274544	0.0250404	36.11697798954292
SBP	VaD	apoe_excluded	rs6540119	rs6540119	16	87984477	FALSE	0.2016	0.0322	0.00659375	0.024771	39.19848771266541
SBP	VaD	apoe_excluded	rs908951	rs908951	16	89697625	FALSE	0.2261	0.0315	0.0157284	0.0249557	51.520493827160486
SBP	VaD	apoe_excluded	rs9303175	rs9303175	17	1372987	FALSE	0.2048	0.0327	0.00724123	0.0249617	39.22513069419895
SBP	VaD	apoe_excluded	rs11653927	rs11653927	17	2012094	FALSE	0.2796	0.0308	0.0382231	0.0255632	82.4086692528251
SBP	VaD	apoe_excluded	rs113086489	rs113086489	17	7171356	FALSE	0.3249	0.0307	-0.0396766	0.0247987	112.00119895171301
SBP	VaD	apoe_excluded	rs4511593	rs4511593	17	7455536	FALSE	0.2881	0.0318	-0.0291418	0.0253414	82.07904157272259
SBP	VaD	apoe_excluded	rs117285318	rs117285318	17	7870642	FALSE	0.4413	0.0589	0.014407	0.0567846	56.135457351961975
SBP	VaD	apoe_excluded	rs4925159	rs4925159	17	18185510	FALSE	0.2174	0.0305	0.022743	0.024474	50.806514377855414
SBP	VaD	apoe_excluded	rs7218708	rs7218708	17	19926836	FALSE	0.1781	0.0303	-0.00747303	0.0244727	34.54956485747585
SBP	VaD	apoe_excluded	rs1551355	rs1551355	17	30032420	FALSE	0.2098	0.0356	-0.0068625	0.0278827	34.730494887009215
SBP	VaD	apoe_excluded	rs9899540	rs9899540	17	30777924	FALSE	0.2011	0.0316	0.0271984	0.0253949	40.499529322224
SBP	VaD	apoe_excluded	rs7213273	rs7213273	17	43155914	FALSE	0.4	0.0315	-0.0447335	0.0255145	161.2496850592089
SBP	VaD	apoe_excluded	rs17608766	rs17608766	17	45013271	FALSE	0.6903	0.0433	-0.0396854	0.0320644	254.1557584711637
SBP	VaD	apoe_excluded	rs3764400	rs3764400	17	46123932	FALSE	0.3748	0.0445	0.00327928	0.0307019	70.93803307663175
SBP	VaD	apoe_excluded	rs9897429	rs9897429	17	47518378	FALSE	0.2645	0.0319	0.0498502	0.0244841	68.74957007104886
SBP	VaD	apoe_excluded	rs1000423	rs1000423	17	59475642	FALSE	0.4138	0.0346	0.0462911	0.0271989	143.03053894216313
SBP	VaD	apoe_excluded	rs56288724	rs56288724	17	60767135	FALSE	0.2178	0.031	0.0184688	0.0249315	49.36195629552549
SBP	VaD	apoe_excluded	rs62076622	rs62076622	17	61090958	FALSE	0.2363	0.0377	-0.0586887	0.029032	39.286626937500444
SBP	VaD	apoe_excluded	rs6504213	rs6504213	17	62381714	FALSE	0.2982	0.0312	-0.0199917	0.0245241	91.34948224852073
SBP	VaD	apoe_excluded	rs1436138	rs1436138	17	75316880	FALSE	0.3119	0.0315	0.0290534	0.025592	98.0414310909549
SBP	VaD	apoe_excluded	rs9302885	rs9302885	17	76799898	FALSE	0.2242	0.0302	-0.0358751	0.025197	55.11341607824219
SBP	VaD	apoe_excluded	rs11655604	rs11655604	17	79365861	FALSE	0.2033	0.0333	-0.00899497	0.0253337	37.27230834438041
SBP	VaD	apoe_excluded	rs34413141	rs34413141	18	777282	FALSE	0.3531	0.0393	0.0685452	0.0360686	80.72542392634463
SBP	VaD	apoe_excluded	rs62082230	rs62082230	18	22676071	FALSE	0.1884	0.0345	-0.0120681	0.0297015	29.821096408317576
SBP	VaD	apoe_excluded	rs1154214	rs1154214	18	24546824	FALSE	0.2031	0.0306	0.0400137	0.0246141	44.053152633602465
SBP	VaD	apoe_excluded	rs56407827	rs56407827	18	42179819	FALSE	0.3603	0.034	0.0274016	0.0261997	112.29765570934254
SBP	VaD	apoe_excluded	rs11874246	rs11874246	18	42596789	FALSE	0.2856	0.0328	-0.0212454	0.0253699	75.81737061273051
SBP	VaD	apoe_excluded	rs7245140	rs7245140	18	43095231	FALSE	0.3367	0.0391	-0.0130742	0.0292672	74.15368162165343
SBP	VaD	apoe_excluded	rs1437649	rs1437649	18	48132646	FALSE	0.2189	0.0357	0.0363039	0.0287944	37.597164355938446
SBP	VaD	apoe_excluded	rs665445	rs665445	18	51842682	FALSE	0.1909	0.0334	-0.0128692	0.0287989	32.667727419412664
SBP	VaD	apoe_excluded	rs10048404	rs10048404	18	54578482	FALSE	0.2607	0.0317	-0.0121888	0.0264341	67.63376090915423
SBP	VaD	apoe_excluded	rs10460108	rs10460108	18	73034151	FALSE	0.2141	0.0301	0.0210574	0.024476	50.5941545899052
SBP	VaD	apoe_excluded	rs698748	rs698748	19	1424888	FALSE	0.1871	0.0325	-0.00189317	0.0244888	33.14216331360946
SBP	VaD	apoe_excluded	rs149339216	rs149339216	19	2144046	FALSE	0.6912	0.0779	0.00729657	0.0434257	78.7286027147144
SBP	VaD	apoe_excluded	rs68096471	rs68096471	19	5175709	FALSE	0.2098	0.0343	-0.0256377	0.0271347	37.4130166852247
SBP	VaD	apoe_excluded	rs12985940	rs12985940	19	7262734	FALSE	0.4642	0.0434	0.0539131	0.0435994	114.40126144110089
SBP	VaD	apoe_excluded	rs167479	rs167479	19	11526765	FALSE	0.5642	0.0327	0.0252988	0.0248679	297.6943953464449
SBP	VaD	apoe_excluded	rs1077795	rs1077795	19	17222584	FALSE	0.2507	0.0344	0.0155721	0.0296389	53.11189325310978
SBP	VaD	apoe_excluded	rs62112908	rs62112908	19	22213956	FALSE	0.2388	0.0419	0.0126481	0.0292045	32.481838221472884
SBP	VaD	apoe_excluded	rs28572357	rs28572357	19	31867447	FALSE	0.2733	0.0308	-0.0170773	0.0244762	78.73681270028669
SBP	VaD	apoe_excluded	rs1433121	rs1433121	19	32591878	FALSE	0.228	0.0326	-0.00113371	0.0253263	48.91414806729648
SBP	VaD	apoe_excluded	rs33836	rs33836	19	34008600	FALSE	0.1766	0.0304	-0.0156154	0.0245703	33.74692693905817
SBP	VaD	apoe_excluded	rs11672660	rs11672660	19	46180184	FALSE	0.2212	0.0381	-0.0113604	0.0277626	33.707014969585494
SBP	VaD	apoe_excluded	rs571689	rs571689	19	49207554	FALSE	0.228	0.0304	0.0346369	0.0247206	56.25
SBP	VaD	apoe_excluded	rs73046792	rs73046792	19	49605705	FALSE	0.3554	0.0426	0.0433399	0.0387381	69.60102713306443
SBP	VaD	apoe_excluded	rs6054139	rs6054139	20	6327810	FALSE	0.2094	0.0306	0.00345532	0.0252602	46.82852748942715
SBP	VaD	apoe_excluded	rs2423514	rs2423514	20	10693337	FALSE	0.3011	0.0302	-0.00864836	0.0247838	99.4048616288759
SBP	VaD	apoe_excluded	rs6108787	rs6108787	20	10967214	FALSE	0.4274	0.03	0.0240721	0.0245706	202.96751111111115
SBP	VaD	apoe_excluded	rs6078093	rs6078093	20	11168669	FALSE	0.1849	0.0304	0.00816873	0.0247448	36.99360500346261
SBP	VaD	apoe_excluded	rs8125763	rs8125763	20	17883531	FALSE	0.1761	0.0301	-0.00813947	0.0245517	34.22833081312569
SBP	VaD	apoe_excluded	rs17812022	rs17812022	20	19007099	FALSE	0.3613	0.0525	-0.0170679	0.0388078	47.36061315192744
SBP	VaD	apoe_excluded	rs6058088	rs6058088	20	30139886	FALSE	0.2832	0.0417	-0.0108067	0.0302726	46.12266445836137
SBP	VaD	apoe_excluded	rs79384779	rs79384779	20	31214944	FALSE	0.3179	0.0428	-0.0127519	0.0309965	55.16879749323086
SBP	VaD	apoe_excluded	rs6029756	rs6029756	20	40266681	FALSE	0.2712	0.033	0.00719968	0.0250601	67.53851239669419
SBP	VaD	apoe_excluded	rs6031431	rs6031431	20	42795152	FALSE	0.2617	0.0304	0.0238671	0.0243406	74.10717841066482
SBP	VaD	apoe_excluded	rs2598	rs2598	20	47241618	FALSE	0.168	0.0303	0.0289286	0.0247063	30.742084109401045
SBP	VaD	apoe_excluded	rs6090907	rs6090907	20	47410231	FALSE	0.3854	0.0425	-0.0373894	0.0423502	82.23289134948097
SBP	VaD	apoe_excluded	rs234623	rs234623	20	57488964	FALSE	0.1804	0.0302	0.0500777	0.0249385	35.68282092890662
SBP	VaD	apoe_excluded	rs6026744	rs6026744	20	57742388	FALSE	0.7131	0.0461	0.0266964	0.0327991	239.27593508406224
SBP	VaD	apoe_excluded	rs28374392	rs28374392	20	61189717	FALSE	0.1924	0.0338	0.0595826	0.0273457	32.40236686390533
SBP	VaD	apoe_excluded	rs6062324	rs6062324	20	62446351	FALSE	0.3294	0.0363	0.0185316	0.0295387	82.34437538419509
SBP	VaD	apoe_excluded	rs2776037	rs2776037	21	16317933	FALSE	0.1851	0.0309	5.59826e-4	0.0245883	35.883589405221976
SBP	VaD	apoe_excluded	rs1882961	rs1882961	21	16556367	FALSE	0.2443	0.0326	-0.0325384	0.0251431	56.15801309797133
SBP	VaD	apoe_excluded	rs2833834	rs2833834	21	33814378	FALSE	0.2177	0.0338	0.0593524	0.026982	41.484270508735705
SBP	VaD	apoe_excluded	rs12627651	rs12627651	21	44760603	FALSE	0.3498	0.0341	-0.0213167	0.0261289	105.22788761706555
SBP	VaD	apoe_excluded	rs2238787	rs2238787	22	19976406	FALSE	0.2552	0.0332	0.0513926	0.0251549	59.08607925678618
SBP	VaD	apoe_excluded	rs4823007	rs4823007	22	29452278	FALSE	0.2205	0.0301	-0.0358037	0.0244894	53.664142779881026
SBP	VaD	apoe_excluded	rs2240365	rs2240365	22	30188741	FALSE	0.4187	0.069	-0.0451399	0.0494843	36.82203108590632
SBP	VaD	apoe_excluded	rs8142376	rs8142376	22	32001037	FALSE	0.1676	0.03	0.0196174	0.0244838	31.210844444444447
SBP	VaD	apoe_excluded	rs148140538	rs148140538	22	50228044	FALSE	0.3252	0.0562	-0.0282834	0.0557986	33.4833145476881
SBP	VaD	apoe_excluded	rs28578714	rs28578714	22	50727921	FALSE	0.2066	0.0327	0.0327966	0.0250981	39.91766499265868
WMH	VaD	all_ivs	rs4953671	rs4953671	2	43073548	FALSE	0.0459102	0.007132	0.0107702	0.0256641	41.43770558247976
WMH	VaD	all_ivs	rs7596872	rs7596872	2	56128091	FALSE	0.121317	0.0112368	0.0700193	0.0637408	116.5622769417526
WMH	VaD	all_ivs	rs76122535	rs76122535	2	203664929	FALSE	0.0671589	0.00985281	0.102525	0.0376048	46.46082661621452
WMH	VaD	all_ivs	rs11711420	rs11711420	3	183349010	FALSE	0.0572615	0.00763974	-0.00244803	0.0291223	56.17825997511682
WMH	VaD	all_ivs	rs7733216	rs7733216	5	82857870	FALSE	0.0525522	0.00832774	-0.00406834	0.0268221	39.822405294193416
WMH	VaD	all_ivs	rs275350	rs275350	6	151016058	FALSE	0.0593096	0.0067609	-0.00667968	0.024518	76.9557305525125
WMH	VaD	all_ivs	rs2707466	rs2707466	7	120979089	FALSE	0.0382082	0.00668279	-0.0192203	0.0246456	32.688690914145155
WMH	VaD	all_ivs	rs17149723	rs17149723	8	8171487	FALSE	0.0436418	0.00735832	0.0504966	0.0289834	35.17612275896982
WMH	VaD	all_ivs	rs4630220	rs4630220	10	105459116	FALSE	0.057639	0.00744865	0.0966877	0.0287825	59.87944122931483
WMH	VaD	all_ivs	rs10883926	rs10883926	10	105608838	FALSE	0.0408093	0.00680101	-0.0191394	0.0260415	36.005717024902985
WMH	VaD	all_ivs	rs17616633	rs17616633	16	51451683	FALSE	0.0451465	0.00674472	0.0420896	0.0245983	44.80436473622818
WMH	VaD	all_ivs	rs7199751	rs7199751	16	86609302	FALSE	0.0499982	0.00818107	0.0454857	0.028443	37.349820726747275
WMH	VaD	all_ivs	rs4843553	rs4843553	16	87233185	FALSE	0.0480372	0.00677899	-0.00230068	0.0244558	50.21406540951729
WMH	VaD	all_ivs	rs1964703	rs1964703	17	19257124	FALSE	0.0545047	0.00858312	0.0392962	0.0302742	40.32529362461401
WMH	VaD	all_ivs	rs4793173	rs4793173	17	43127715	FALSE	0.0552666	0.00693585	0.0557476	0.024698	63.49303847830252
WMH	VaD	all_ivs	rs3744020	rs3744020	17	73871773	FALSE	0.110438	0.00852062	0.0927923	0.0352453	167.99434846385088
WMH	VaD	all_ivs	rs769449	rs769449	19	45410002	TRUE	0.0550774	0.0100817	0.592276	0.0322795	29.84553176219076
WMH	VaD	apoe_excluded	rs4953671	rs4953671	2	43073548	FALSE	0.0459102	0.007132	0.0107702	0.0256641	41.43770558247976
WMH	VaD	apoe_excluded	rs7596872	rs7596872	2	56128091	FALSE	0.121317	0.0112368	0.0700193	0.0637408	116.5622769417526
WMH	VaD	apoe_excluded	rs76122535	rs76122535	2	203664929	FALSE	0.0671589	0.00985281	0.102525	0.0376048	46.46082661621452
WMH	VaD	apoe_excluded	rs11711420	rs11711420	3	183349010	FALSE	0.0572615	0.00763974	-0.00244803	0.0291223	56.17825997511682
WMH	VaD	apoe_excluded	rs7733216	rs7733216	5	82857870	FALSE	0.0525522	0.00832774	-0.00406834	0.0268221	39.822405294193416
WMH	VaD	apoe_excluded	rs275350	rs275350	6	151016058	FALSE	0.0593096	0.0067609	-0.00667968	0.024518	76.9557305525125
WMH	VaD	apoe_excluded	rs2707466	rs2707466	7	120979089	FALSE	0.0382082	0.00668279	-0.0192203	0.0246456	32.688690914145155
WMH	VaD	apoe_excluded	rs17149723	rs17149723	8	8171487	FALSE	0.0436418	0.00735832	0.0504966	0.0289834	35.17612275896982
WMH	VaD	apoe_excluded	rs4630220	rs4630220	10	105459116	FALSE	0.057639	0.00744865	0.0966877	0.0287825	59.87944122931483
WMH	VaD	apoe_excluded	rs10883926	rs10883926	10	105608838	FALSE	0.0408093	0.00680101	-0.0191394	0.0260415	36.005717024902985
WMH	VaD	apoe_excluded	rs17616633	rs17616633	16	51451683	FALSE	0.0451465	0.00674472	0.0420896	0.0245983	44.80436473622818
WMH	VaD	apoe_excluded	rs7199751	rs7199751	16	86609302	FALSE	0.0499982	0.00818107	0.0454857	0.028443	37.349820726747275
WMH	VaD	apoe_excluded	rs4843553	rs4843553	16	87233185	FALSE	0.0480372	0.00677899	-0.00230068	0.0244558	50.21406540951729
WMH	VaD	apoe_excluded	rs1964703	rs1964703	17	19257124	FALSE	0.0545047	0.00858312	0.0392962	0.0302742	40.32529362461401
WMH	VaD	apoe_excluded	rs4793173	rs4793173	17	43127715	FALSE	0.0552666	0.00693585	0.0557476	0.024698	63.49303847830252
WMH	VaD	apoe_excluded	rs3744020	rs3744020	17	73871773	FALSE	0.110438	0.00852062	0.0927923	0.0352453	167.99434846385088
DBP	Dem	all_ivs	rs34645159	rs34645159	1	1724366	FALSE	0.133	0.0174	-0.0229724	0.0102164	58.42581582771834
DBP	Dem	all_ivs	rs2493296	rs2493296	1	3327032	FALSE	0.2496	0.0254	-2.63443e-4	0.0164268	96.56544113088226
DBP	Dem	all_ivs	rs488834	rs488834	1	10767902	FALSE	0.1931	0.0208	0.0179865	0.0118748	86.18622873520711
DBP	Dem	all_ivs	rs55857306	rs55857306	1	11895795	FALSE	0.5224	0.0235	-0.0131544	0.0144723	494.16344047080116
DBP	Dem	all_ivs	rs1889785	rs1889785	1	16348729	FALSE	0.1255	0.0174	-0.0236596	0.0104111	52.02222882811469
DBP	Dem	all_ivs	rs6686889	rs6686889	1	25030470	FALSE	0.1918	0.0199	0.0133849	0.0113676	92.89472488068482
DBP	Dem	all_ivs	rs12728150	rs12728150	1	27268737	FALSE	0.2045	0.0318	-0.00635538	0.0191572	41.35541513389501
DBP	Dem	all_ivs	rs2146315	rs2146315	1	42050366	FALSE	0.1197	0.0205	0.0297359	0.0111596	34.09420582986318
DBP	Dem	all_ivs	rs839759	rs839759	1	43863460	FALSE	0.1505	0.0175	-0.00611774	0.0104199	73.96
DBP	Dem	all_ivs	rs4926901	rs4926901	1	48025824	FALSE	0.0984	0.018	0.0161711	0.0110274	29.884444444444444
DBP	Dem	all_ivs	rs10493127	rs10493127	1	48114417	FALSE	0.1853	0.0307	-0.0241451	0.0200367	36.43125125996031
DBP	Dem	all_ivs	rs61772592	rs61772592	1	56979681	FALSE	0.1509	0.0261	0.015889	0.0136784	33.427004888360415
DBP	Dem	all_ivs	rs10493408	rs10493408	1	66992054	FALSE	0.1584	0.0255	0.00333861	0.0145504	38.586020761245685
DBP	Dem	all_ivs	rs34517439	rs34517439	1	78450517	FALSE	0.2514	0.0279	0.0106484	0.0153291	81.19366400739972
DBP	Dem	all_ivs	rs786921	rs786921	1	89286673	FALSE	0.1145	0.0176	-0.028937	0.0108116	42.32389591942149
DBP	Dem	all_ivs	rs17396055	rs17396055	1	94730954	FALSE	0.115	0.0184	-0.0165396	0.0113244	39.0625
DBP	Dem	all_ivs	rs10776752	rs10776752	1	113044328	FALSE	0.4573	0.033	0.013028	0.0136133	192.0324058769513
DBP	Dem	all_ivs	rs57748895	rs57748895	1	115826169	FALSE	0.6627	0.0666	-0.089786	0.0464072	99.01146416686953
DBP	Dem	all_ivs	rs1819663	rs1819663	1	154025891	FALSE	0.1147	0.0174	0.00874096	0.0102664	43.45385784119434
DBP	Dem	all_ivs	rs76719272	rs76719272	1	156129796	FALSE	0.1438	0.0264	0.0146313	0.0150534	29.669478879706155
DBP	Dem	all_ivs	rs7524019	rs7524019	1	167367193	FALSE	0.1036	0.0174	-0.00472486	0.0103837	35.45038974765492
DBP	Dem	all_ivs	rs12405515	rs12405515	1	172357441	FALSE	0.1698	0.0174	7.49736e-4	0.0103079	95.230677764566
DBP	Dem	all_ivs	rs150816167	rs150816167	1	179571862	FALSE	0.2873	0.0446	-0.0102028	0.0210745	41.49555088580104
DBP	Dem	all_ivs	rs4651224	rs4651224	1	184585182	FALSE	0.1102	0.0175	-0.00983594	0.0102419	39.6540081632653
DBP	Dem	all_ivs	rs882624	rs882624	1	201735913	FALSE	0.1571	0.0185	0.0164951	0.010691	72.11222790357927
DBP	Dem	all_ivs	rs2169137	rs2169137	1	204497913	FALSE	0.1588	0.0194	-0.00572194	0.0136306	67.00350728026356
DBP	Dem	all_ivs	rs1502358	rs1502358	1	217324932	FALSE	0.1127	0.0185	-0.00312434	0.0106498	37.11114682249818
DBP	Dem	all_ivs	rs68085857	rs68085857	1	217737629	FALSE	0.191	0.0205	-0.00467925	0.0120368	86.80785246876857
DBP	Dem	all_ivs	rs12088448	rs12088448	1	218546170	FALSE	0.1544	0.0182	-0.00575228	0.0104987	71.97005192609588
DBP	Dem	all_ivs	rs602521	rs602521	1	227311066	FALSE	0.1351	0.0195	0.0399792	0.0115795	48.00002629848784
DBP	Dem	all_ivs	rs1745417	rs1745417	1	228204279	FALSE	0.1708	0.0173	0.00158468	0.0102961	97.47281900497845
DBP	Dem	all_ivs	rs699	rs699	1	230845794	FALSE	0.2359	0.0177	-0.0042557	0.010321	177.6271505633758
DBP	Dem	all_ivs	rs3943093	rs3943093	1	243458502	FALSE	0.2477	0.0184	6.7788e-4	0.0111321	181.22427339319472
DBP	Dem	all_ivs	rs4926499	rs4926499	1	249155909	FALSE	0.1694	0.0248	-0.0124126	0.012901	46.6577133194589
DBP	Dem	all_ivs	rs112393817	rs112393817	2	9807226	FALSE	0.116	0.0211	-0.0175412	0.0120983	30.223939264616696
DBP	Dem	all_ivs	rs1373780	rs1373780	2	19501029	FALSE	0.1246	0.0224	0.00511772	0.0123976	30.94140625
DBP	Dem	all_ivs	rs824523	rs824523	2	19707855	FALSE	0.1226	0.0183	-8.86409e-4	0.0118283	44.88267789423393
DBP	Dem	all_ivs	rs11687089	rs11687089	2	25082926	FALSE	0.1739	0.0175	-0.0188384	0.0104666	98.74680816326529
DBP	Dem	all_ivs	rs1275988	rs1275988	2	26914364	FALSE	0.2945	0.0177	5.76579e-4	0.0102661	276.83695617479015
DBP	Dem	all_ivs	rs11684340	rs11684340	2	37207251	FALSE	0.1249	0.021	-0.0203286	0.011787	35.374172335600896
DBP	Dem	all_ivs	rs2160236	rs2160236	2	40557276	FALSE	0.1421	0.0181	8.20244e-4	0.0102532	61.63551173651597
DBP	Dem	all_ivs	rs76326501	rs76326501	2	43167878	FALSE	0.3618	0.0305	0.0262702	0.0189176	140.71404461166352
DBP	Dem	all_ivs	rs4952668	rs4952668	2	43386568	FALSE	0.192	0.018	-0.0216496	0.0105751	113.7777777777778
DBP	Dem	all_ivs	rs2586970	rs2586970	2	55829967	FALSE	0.1493	0.0175	-0.00148932	0.0103173	72.78527346938773
DBP	Dem	all_ivs	rs2421200	rs2421200	2	61711815	FALSE	0.1097	0.0173	-4.34106e-5	0.0103383	40.208794146145884
DBP	Dem	all_ivs	rs1876490	rs1876490	2	73052351	FALSE	0.1364	0.0192	0.00307159	0.0114522	50.46918402777778
DBP	Dem	all_ivs	rs6546810	rs6546810	2	73389716	FALSE	0.12	0.0181	0.00819579	0.0104273	43.95470223741643
DBP	Dem	all_ivs	rs311564	rs311564	2	86293498	FALSE	0.133	0.0183	1.84126e-4	0.0107692	52.820329063274514
DBP	Dem	all_ivs	rs62155750	rs62155750	2	96491456	FALSE	0.2177	0.0196	-0.0156181	0.0103014	123.36862244897961
DBP	Dem	all_ivs	rs28377357	rs28377357	2	112769721	FALSE	0.1243	0.019	-0.00840004	0.0103021	42.79914127423823
DBP	Dem	all_ivs	rs62158170	rs62158170	2	114082175	FALSE	0.1645	0.0211	-0.00526564	0.0126379	60.780867455807375
DBP	Dem	all_ivs	rs13001283	rs13001283	2	127183454	FALSE	0.1522	0.0239	8.5365e-4	0.0149328	40.55398189807601
DBP	Dem	all_ivs	rs4954192	rs4954192	2	135632981	FALSE	0.1225	0.0179	-0.0453358	0.0103955	46.834524515464565
DBP	Dem	all_ivs	rs55944332	rs55944332	2	145726621	FALSE	0.2365	0.0204	0.013637	0.0117274	134.40083141099575
DBP	Dem	all_ivs	rs12990959	rs12990959	2	148572160	FALSE	0.1271	0.0187	0.0235094	0.0107203	46.19637393119619
DBP	Dem	all_ivs	rs2444769	rs2444769	2	158494100	FALSE	0.158	0.0219	0.0280238	0.0140224	52.050624465711735
DBP	Dem	all_ivs	rs7572130	rs7572130	2	164460947	FALSE	0.1796	0.0287	0.0128999	0.0133644	39.16055797690879
DBP	Dem	all_ivs	rs1446468	rs1446468	2	164963486	FALSE	0.253	0.0174	-0.00958262	0.0105075	211.41828511031844
DBP	Dem	all_ivs	rs75717699	rs75717699	2	179682997	FALSE	0.4667	0.0541	0.0478282	0.0577217	74.4185273386383
DBP	Dem	all_ivs	rs1518460	rs1518460	2	181933689	FALSE	0.1342	0.0189	-0.00586736	0.0112332	50.41751350746061
DBP	Dem	all_ivs	rs12693302	rs12693302	2	183211443	FALSE	0.2378	0.0181	-0.00275616	0.0108131	172.61023778272946
DBP	Dem	all_ivs	rs7592578	rs7592578	2	191439591	FALSE	0.1998	0.0224	-0.0144186	0.0176684	79.56002869897961
DBP	Dem	all_ivs	rs4673253	rs4673253	2	204120214	FALSE	0.1177	0.0197	0.00735492	0.0105661	35.696075652554825
DBP	Dem	all_ivs	rs11692619	rs11692619	2	205084439	FALSE	0.1281	0.0184	0.00719775	0.0103512	48.468838610586005
DBP	Dem	all_ivs	rs1263671	rs1263671	2	207996447	FALSE	0.1394	0.0238	-0.00349916	0.0138761	34.306122448979586
DBP	Dem	all_ivs	rs4675682	rs4675682	2	208402750	FALSE	0.1409	0.0173	0.00474943	0.0101944	66.33302148417923
DBP	Dem	all_ivs	rs1035673	rs1035673	2	218675533	FALSE	0.1625	0.0176	0.0076751	0.0103125	85.24744963842974
DBP	Dem	all_ivs	rs13004222	rs13004222	2	219560492	FALSE	0.2944	0.0393	-0.0433849	0.0245176	56.11649152794773
DBP	Dem	all_ivs	rs1039897	rs1039897	2	220337196	FALSE	0.1085	0.0183	0.0103696	0.0107215	35.15258741676371
DBP	Dem	all_ivs	rs10804330	rs10804330	2	227185749	FALSE	0.1331	0.0176	0.0107419	0.0102964	57.191406249999986
DBP	Dem	all_ivs	rs1044822	rs1044822	2	230629138	FALSE	0.1334	0.0243	-0.0162542	0.0160861	30.136937120018967
DBP	Dem	all_ivs	rs4507125	rs4507125	2	239864732	FALSE	0.1244	0.0211	0.0104831	0.0124153	34.75968644010692
DBP	Dem	all_ivs	rs347585	rs347585	3	11286220	FALSE	0.1506	0.0189	0.0130114	0.010927	63.493071302595126
DBP	Dem	all_ivs	rs1687295	rs1687295	3	14889756	FALSE	0.2061	0.0194	7.52372e-4	0.0119786	112.8632426400255
DBP	Dem	all_ivs	rs62234672	rs62234672	3	16592069	FALSE	0.1248	0.0229	0.0426522	0.0137628	29.70012013500886
DBP	Dem	all_ivs	rs2643826	rs2643826	3	27562988	FALSE	0.1857	0.0175	0.0157077	0.0104267	112.60241632653059
DBP	Dem	all_ivs	rs7427249	rs7427249	3	37572489	FALSE	0.1098	0.0176	-0.013541	0.0103238	38.92058367768595
DBP	Dem	all_ivs	rs3864004	rs3864004	3	41240177	FALSE	0.1004	0.0173	-0.00771652	0.0102834	33.68024324234021
DBP	Dem	all_ivs	rs6442105	rs6442105	3	48182326	FALSE	0.2485	0.0185	-1.33171e-4	0.0123078	180.4302410518627
DBP	Dem	all_ivs	rs6445590	rs6445590	3	53655932	FALSE	0.1284	0.0174	0.0197682	0.0102362	54.45422116527943
DBP	Dem	all_ivs	rs3772219	rs3772219	3	56771251	FALSE	0.1754	0.0185	0.00413956	0.011306	89.8908984660336
DBP	Dem	all_ivs	rs1675383	rs1675383	3	57945274	FALSE	0.1488	0.0174	0.0138338	0.0103718	73.13198573127228
DBP	Dem	all_ivs	rs3774702	rs3774702	3	63856870	FALSE	0.147	0.0228	0.0261468	0.0159157	41.568559556786695
DBP	Dem	all_ivs	rs6795735	rs6795735	3	64705365	FALSE	0.1438	0.0176	6.21641e-4	0.0106527	66.75632747933884
DBP	Dem	all_ivs	rs7623706	rs7623706	3	74712754	FALSE	0.0975	0.0176	0.0192517	0.0102441	30.689081869834713
DBP	Dem	all_ivs	rs11923343	rs11923343	3	85668570	FALSE	0.1138	0.0181	-0.0157343	0.0113951	39.530050975244954
DBP	Dem	all_ivs	rs11923667	rs11923667	3	101268080	FALSE	0.1175	0.0177	0.00480857	0.0103239	44.068594592869225
DBP	Dem	all_ivs	rs28675079	rs28675079	3	111500002	FALSE	0.1444	0.0222	0.00664827	0.0119249	42.30857884911939
DBP	Dem	all_ivs	rs12152463	rs12152463	3	122100447	FALSE	0.1006	0.0174	-0.0194574	0.0102434	33.42700488836042
DBP	Dem	all_ivs	rs4141663	rs4141663	3	124551967	FALSE	0.1496	0.0175	0.0208328	0.010301	73.07807346938775
DBP	Dem	all_ivs	rs4077158	rs4077158	3	133942941	FALSE	0.1832	0.0173	-0.0252664	0.0102148	112.13953022152428
DBP	Dem	all_ivs	rs9289557	rs9289557	3	138071604	FALSE	0.119	0.0207	0.00577403	0.0129881	33.04861256972158
DBP	Dem	all_ivs	rs6763931	rs6763931	3	141102833	FALSE	0.1383	0.0173	0.0205626	0.0102558	63.907547863276434
DBP	Dem	all_ivs	rs36117336	rs36117336	3	153732232	FALSE	0.147	0.0198	-0.00598452	0.0113911	55.11937557392101
DBP	Dem	all_ivs	rs78809139	rs78809139	3	154674943	FALSE	0.2281	0.0288	0.0122266	0.0181128	62.72860001929013
DBP	Dem	all_ivs	rs78151625	rs78151625	3	158316726	FALSE	0.1869	0.0233	0.00407385	0.0125689	64.3438081379285
DBP	Dem	all_ivs	rs2242338	rs2242338	3	168854925	FALSE	0.3463	0.0331	0.0069001	0.0208632	109.45837478664855
DBP	Dem	all_ivs	rs223102	rs223102	3	169100755	FALSE	0.2759	0.0173	-0.0011243	0.0103542	254.33796652076578
DBP	Dem	all_ivs	rs7611674	rs7611674	3	179169230	FALSE	0.1576	0.0223	-0.00689842	0.0158241	49.94622855878862
DBP	Dem	all_ivs	rs6779368	rs6779368	3	185298868	FALSE	0.1791	0.0184	0.0113955	0.0110344	94.74483104914935
DBP	Dem	all_ivs	rs147501096	rs147501096	3	186180253	FALSE	0.1955	0.0341	-0.00245622	0.0174076	32.86886937676835
DBP	Dem	all_ivs	rs4244200	rs4244200	3	196226059	FALSE	0.1215	0.0193	0.0252566	0.0112412	39.63126526886627
DBP	Dem	all_ivs	rs6777317	rs6777317	3	197070959	FALSE	0.1249	0.0195	-0.0111741	0.0108496	41.025667324128854
DBP	Dem	all_ivs	rs61789369	rs61789369	4	2265295	FALSE	0.3039	0.0436	0.00270863	0.0215694	48.58345783183234
DBP	Dem	all_ivs	rs16896276	rs16896276	4	18015156	FALSE	0.1309	0.0198	-0.00172129	0.010931	43.70679012345677
DBP	Dem	all_ivs	rs28667801	rs28667801	4	26785356	FALSE	0.1622	0.018	0.00572761	0.0102616	81.20012345679015
DBP	Dem	all_ivs	rs11721984	rs11721984	4	38343935	FALSE	0.1409	0.0177	0.0147787	0.0106753	63.36879568450956
DBP	Dem	all_ivs	rs62301873	rs62301873	4	40603821	FALSE	0.1734	0.0284	-0.0430342	0.0145053	37.27876413410037
DBP	Dem	all_ivs	rs11945489	rs11945489	4	56463775	FALSE	0.1392	0.0192	-0.0166046	0.0109213	52.5625
DBP	Dem	all_ivs	rs13152154	rs13152154	4	77417756	FALSE	0.1186	0.0195	-0.0036058	0.0112396	36.99134779750164
DBP	Dem	all_ivs	rs12509595	rs12509595	4	81182554	FALSE	0.4972	0.0192	0.0069859	0.0110714	670.5941840277779
DBP	Dem	all_ivs	rs72976750	rs72976750	4	86725684	FALSE	0.1718	0.0251	0.0120462	0.0146095	46.84884366914811
DBP	Dem	all_ivs	rs4699835	rs4699835	4	95329727	FALSE	0.0963	0.0175	-0.0102303	0.0102203	30.281436734693866
DBP	Dem	all_ivs	rs13107325	rs13107325	4	103188709	FALSE	0.6747	0.0339	-0.0469113	0.0440181	396.11567076513427
DBP	Dem	all_ivs	rs12503341	rs12503341	4	106925311	FALSE	0.2993	0.0462	-0.0424159	0.0511104	41.96908322557674
DBP	Dem	all_ivs	rs4245929	rs4245929	4	109038407	FALSE	0.12	0.0181	0.0140138	0.0103728	43.95470223741643
DBP	Dem	all_ivs	rs13118687	rs13118687	4	111406496	FALSE	0.1496	0.0175	0.0109622	0.0102581	73.07807346938775
DBP	Dem	all_ivs	rs66887589	rs66887589	4	120509279	FALSE	0.161	0.0174	-0.00119789	0.0102494	85.61566917690583
DBP	Dem	all_ivs	rs9286351	rs9286351	4	138441530	FALSE	0.1412	0.0177	0.00229351	0.0102376	63.638928788023875
DBP	Dem	all_ivs	rs72719149	rs72719149	4	144043336	FALSE	0.1279	0.0186	0.0240984	0.0113373	47.28410798936295
DBP	Dem	all_ivs	rs13124515	rs13124515	4	145403713	FALSE	0.1052	0.0187	0.00852742	0.0114491	31.64814550030026
DBP	Dem	all_ivs	rs1842896	rs1842896	4	156511459	FALSE	0.158	0.0174	0.00208131	0.0103585	82.45474963667594
DBP	Dem	all_ivs	rs13139571	rs13139571	4	156645513	FALSE	0.2408	0.0203	-0.0307882	0.0120715	140.70868014268729
DBP	Dem	all_ivs	rs1425486	rs1425486	4	157683685	FALSE	0.1331	0.0187	0.00905715	0.0118645	50.660899653979236
DBP	Dem	all_ivs	rs10069690	rs10069690	5	1279790	FALSE	0.1615	0.021	-0.00294362	0.0111848	59.14342403628117
DBP	Dem	all_ivs	rs4645335	rs4645335	5	3704761	FALSE	0.1142	0.0185	0.00463491	0.0105436	38.105595325054786
DBP	Dem	all_ivs	rs2921604	rs2921604	5	14867948	FALSE	0.096	0.0176	-0.00356078	0.0103761	29.752066115702476
DBP	Dem	all_ivs	rs1177764	rs1177764	5	32829975	FALSE	0.3067	0.0177	0.00934033	0.010339	300.2486194899294
DBP	Dem	all_ivs	rs10941043	rs10941043	5	33194751	FALSE	0.1269	0.019	-0.00704938	0.0112344	44.60833795013852
DBP	Dem	all_ivs	rs7737851	rs7737851	5	42415845	FALSE	0.1256	0.022	0.00904381	0.0172781	32.593719008264465
DBP	Dem	all_ivs	rs6875967	rs6875967	5	50878292	FALSE	0.1344	0.0181	-0.00619184	0.0107465	55.136778486615164
DBP	Dem	all_ivs	rs10054208	rs10054208	5	55688992	FALSE	0.1187	0.0185	0.00933952	0.0105383	41.16783053323595
DBP	Dem	all_ivs	rs12515541	rs12515541	5	57095011	FALSE	0.1156	0.0177	0.00781301	0.0106297	42.65492036132656
DBP	Dem	all_ivs	rs1848510	rs1848510	5	57754005	FALSE	0.1256	0.0181	-0.00386992	0.0110948	48.152864686670114
DBP	Dem	all_ivs	rs10062049	rs10062049	5	61553881	FALSE	0.2208	0.0255	-0.00765282	0.0145687	74.97522491349483
DBP	Dem	all_ivs	rs2307111	rs2307111	5	75003678	FALSE	0.1742	0.0178	0.0125254	0.0103431	95.77591213230652
DBP	Dem	all_ivs	rs4704514	rs4704514	5	77820081	FALSE	0.1087	0.0193	-0.00604257	0.0111159	31.72082472012671
DBP	Dem	all_ivs	rs62380354	rs62380354	5	89484911	FALSE	0.1825	0.0291	-0.0109508	0.0160809	39.331432080395835
DBP	Dem	all_ivs	rs13355146	rs13355146	5	92023661	FALSE	0.1224	0.0178	-0.00121968	0.0107581	47.28493877035728
DBP	Dem	all_ivs	rs55770741	rs55770741	5	96220087	FALSE	0.1281	0.0175	0.00778573	0.0104296	53.58239999999998
DBP	Dem	all_ivs	rs1871190	rs1871190	5	97953719	FALSE	0.10780000000000001	0.0186	-0.0205125	0.0104067	33.5901260261302
DBP	Dem	all_ivs	rs9326869	rs9326869	5	112349070	FALSE	0.1096	0.02	0.0113965	0.0111145	30.030400000000004
DBP	Dem	all_ivs	rs369625	rs369625	5	122560787	FALSE	0.1053	0.0178	-0.0106178	0.010379	34.995865421032704
DBP	Dem	all_ivs	rs1582931	rs1582931	5	122657199	FALSE	0.2161	0.0175	0.0190956	0.0102299	152.48721632653059
DBP	Dem	all_ivs	rs17677603	rs17677603	5	127857493	FALSE	0.2	0.0178	0.00363296	0.0108283	126.24668602449188
DBP	Dem	all_ivs	rs55747751	rs55747751	5	132397351	FALSE	0.2239	0.0331	0.0016529	0.0222856	45.75643705333103
DBP	Dem	all_ivs	rs4912840	rs4912840	5	141662480	FALSE	0.1485	0.0245	-0.00567241	0.0128854	36.73844231570178
DBP	Dem	all_ivs	rs3776299	rs3776299	5	142507651	FALSE	0.1266	0.0175	-7.00886e-4	0.0102652	52.33488979591835
DBP	Dem	all_ivs	rs78909293	rs78909293	5	148335250	FALSE	0.321	0.0429	0.0134502	0.0373534	55.98806787617976
DBP	Dem	all_ivs	rs3117736	rs3117736	5	157462999	FALSE	0.2374	0.0196	0.0022844	0.0122231	146.7064764681383
DBP	Dem	all_ivs	rs11960210	rs11960210	5	157817634	FALSE	0.2474	0.018	-0.00480466	0.0107419	188.90975308641978
DBP	Dem	all_ivs	rs13358657	rs13358657	5	157938070	FALSE	0.224	0.0255	0.0274574	0.015616	77.16416762783547
DBP	Dem	all_ivs	rs6556384	rs6556384	5	158418952	FALSE	0.152	0.0221	-0.0014296	0.0129892	47.30451874449744
DBP	Dem	all_ivs	rs114503346	rs114503346	5	172192350	FALSE	0.2678	0.0426	0.0144983	0.0300614	39.518636073089546
DBP	Dem	all_ivs	rs55993676	rs55993676	5	173303392	FALSE	0.2097	0.0191	0.00786902	0.010437	120.53970560017545
DBP	Dem	all_ivs	rs2569882	rs2569882	6	1620147	FALSE	0.1199	0.0182	0.00109363	0.0105958	43.4005856780582
DBP	Dem	all_ivs	rs9406076	rs9406076	6	8023804	FALSE	0.101	0.0185	-0.0210961	0.0105192	29.805697589481376
DBP	Dem	all_ivs	rs35261542	rs35261542	6	20675792	FALSE	0.1196	0.0195	-0.0160276	0.0108397	37.617777777777775
DBP	Dem	all_ivs	rs6934891	rs6934891	6	22139729	FALSE	0.1275	0.0177	0.0361423	0.0103355	51.888825050272914
DBP	Dem	all_ivs	rs2744133	rs2744133	6	22392260	FALSE	0.1435	0.0193	0.00330666	0.0114823	55.28269215280945
DBP	Dem	all_ivs	rs9467545	rs9467545	6	25638464	FALSE	0.2545	0.0237	-0.0224919	0.0145513	115.31316206448399
DBP	Dem	all_ivs	rs198851	rs198851	6	26104632	FALSE	0.3889	0.0244	-0.0133756	0.0163818	254.0365661112604
DBP	Dem	all_ivs	rs1265157	rs1265157	6	31142265	FALSE	0.1444	0.0187	0.00764029	0.0106508	59.62812777031084
DBP	Dem	all_ivs	rs440454	rs440454	6	31927342	FALSE	0.2602	0.0192	2.31602e-5	0.0113697	183.65896267361111
DBP	Dem	all_ivs	rs115447786	rs115447786	6	34354073	FALSE	0.2904	0.0455	-0.0372504	0.0341493	40.735254196353104
DBP	Dem	all_ivs	rs6905288	rs6905288	6	43758873	FALSE	0.1759	0.0179	0.00342371	0.0103584	96.56630567085922
DBP	Dem	all_ivs	rs881858	rs881858	6	43806609	FALSE	0.1553	0.0191	-0.00238448	0.0110062	66.1113730435021
DBP	Dem	all_ivs	rs2397060	rs2397060	6	51611470	FALSE	0.161	0.0251	0.00359594	0.0136672	41.14379136839097
DBP	Dem	all_ivs	rs1114347	rs1114347	6	51834297	FALSE	0.1792	0.0173	0.0157874	0.0102874	107.2960673594173
DBP	Dem	all_ivs	rs62413546	rs62413546	6	56012664	FALSE	0.1877	0.032	0.0214116	0.0153667	34.405556640624994
DBP	Dem	all_ivs	rs504691	rs504691	6	72206620	FALSE	0.1177	0.0177	0.0183685	0.0103892	44.21874301765137
DBP	Dem	all_ivs	rs1984195	rs1984195	6	79657391	FALSE	0.1736	0.0173	-0.0092316	0.0102652	100.6948444652344
DBP	Dem	all_ivs	rs16875357	rs16875357	6	85652904	FALSE	0.1205	0.0203	-0.00852737	0.0118121	35.2356281394841
DBP	Dem	all_ivs	rs3798293	rs3798293	6	97033370	FALSE	0.1328	0.021	0.0100455	0.0131311	39.99056689342403
DBP	Dem	all_ivs	rs72613227	rs72613227	6	106320771	FALSE	0.1884	0.0285	0.00506466	0.0158926	43.69905817174515
DBP	Dem	all_ivs	rs7767235	rs7767235	6	116185900	FALSE	0.1181	0.0182	-0.0137857	0.0124487	42.10726361550536
DBP	Dem	all_ivs	rs509067	rs509067	6	117462040	FALSE	0.1436	0.0175	-0.00615672	0.0104257	67.33374693877549
DBP	Dem	all_ivs	rs11153730	rs11153730	6	118667522	FALSE	0.1551	0.0173	0.00207248	0.0102504	80.37692539008987
DBP	Dem	all_ivs	rs76785130	rs76785130	6	121813835	FALSE	0.4285	0.0662	-0.0162567	0.0727693	41.89726499393032
DBP	Dem	all_ivs	rs13215166	rs13215166	6	127164360	FALSE	0.3094	0.0174	0.00305344	0.0102278	316.1856255780156
DBP	Dem	all_ivs	rs9399137	rs9399137	6	135419018	FALSE	0.1148	0.0197	0.00383255	0.010826	33.95872091525162
DBP	Dem	all_ivs	rs636202	rs636202	6	139843583	FALSE	0.1023	0.0174	0.0105526	0.0102321	34.56629013079667
DBP	Dem	all_ivs	rs9791312	rs9791312	6	143142313	FALSE	0.1225	0.0184	-0.0144208	0.0107234	44.32375354442344
DBP	Dem	all_ivs	rs62434124	rs62434124	6	150999751	FALSE	0.4853	0.0338	-0.00195528	0.0165915	206.15182416582056
DBP	Dem	all_ivs	rs9478282	rs9478282	6	152398669	FALSE	0.1994	0.0279	0.0240236	0.0130915	51.07894297349725
DBP	Dem	all_ivs	rs9365555	rs9365555	6	163757127	FALSE	0.1254	0.0187	0.0037139	0.0112654	44.96885813148789
DBP	Dem	all_ivs	rs11961593	rs11961593	6	166164137	FALSE	0.3158	0.0349	0.0243062	0.0203855	81.87916355366542
DBP	Dem	all_ivs	rs1322639	rs1322639	6	169587103	FALSE	0.1584	0.0209	-0.0041736	0.0115531	57.44044321329642
DBP	Dem	all_ivs	rs73033340	rs73033340	7	1195692	FALSE	0.5312	0.0525	0.0284909	0.0182887	102.37585124716553
DBP	Dem	all_ivs	rs6959688	rs6959688	7	1966831	FALSE	0.1269	0.0178	0.00197936	0.0104818	50.825684888271695
DBP	Dem	all_ivs	rs2906152	rs2906152	7	2523003	FALSE	0.1873	0.0181	0.0134842	0.0109112	107.0824761148927
DBP	Dem	all_ivs	rs5010183	rs5010183	7	7286198	FALSE	0.1195	0.018	0.0122666	0.0106198	44.07484567901235
DBP	Dem	all_ivs	rs13240040	rs13240040	7	14375977	FALSE	0.1186	0.019	0.00118817	0.011064	38.963878116343494
DBP	Dem	all_ivs	rs17432462	rs17432462	7	18548613	FALSE	0.1036	0.0179	-0.00851661	0.0106349	33.497581224056674
DBP	Dem	all_ivs	rs4507656	rs4507656	7	22156538	FALSE	0.1487	0.0199	0.0055643	0.0105869	55.83619100527764
DBP	Dem	all_ivs	rs4722548	rs4722548	7	25961519	FALSE	0.1346	0.0176	0.00466985	0.0105061	58.48773243801652
DBP	Dem	all_ivs	rs3735533	rs3735533	7	27245893	FALSE	0.487	0.0331	-0.0138667	0.0174713	216.47210229917582
DBP	Dem	all_ivs	rs6961048	rs6961048	7	27328187	FALSE	0.2729	0.0286	-0.0114705	0.0149506	91.04896327448775
DBP	Dem	all_ivs	rs342977	rs342977	7	35459888	FALSE	0.1577	0.0205	-0.00472635	0.0138418	59.17737061273051
DBP	Dem	all_ivs	rs2854746	rs2854746	7	45960645	FALSE	0.113	0.018	-0.00119625	0.0107201	39.4104938271605
DBP	Dem	all_ivs	rs17454517	rs17454517	7	50915776	FALSE	0.1216	0.0174	-0.00595424	0.0103744	48.83921257761924
DBP	Dem	all_ivs	rs1178979	rs1178979	7	72856430	FALSE	0.1504	0.0221	0.022472	0.0133936	46.31387563727196
DBP	Dem	all_ivs	rs3807101	rs3807101	7	80393418	FALSE	0.1743	0.0265	-0.00413771	0.0147892	43.26164471342116
DBP	Dem	all_ivs	rs1449596	rs1449596	7	96395096	FALSE	0.1085	0.0181	-0.00602412	0.0105881	35.93373218155734
DBP	Dem	all_ivs	rs7788746	rs7788746	7	99612405	FALSE	0.1644	0.0183	-0.0215651	0.0108608	80.70518677774793
DBP	Dem	all_ivs	rs4556017	rs4556017	7	100632790	FALSE	0.1601	0.0247	0.00289679	0.0133727	42.013489812978406
DBP	Dem	all_ivs	rs2191046	rs2191046	7	107834075	FALSE	0.1184	0.0197	-0.0199871	0.0116152	36.12193048004329
DBP	Dem	all_ivs	rs11556924	rs11556924	7	129663496	FALSE	0.181	0.0181	-0.00369419	0.0108738	99.99999999999997
DBP	Dem	all_ivs	rs13237249	rs13237249	7	131151783	FALSE	0.1366	0.0177	8.36089e-4	0.0103662	59.560024258674076
DBP	Dem	all_ivs	rs75511781	rs75511781	7	131323710	FALSE	0.3721	0.047	-0.0212584	0.019126400000000002	62.67922589406972
DBP	Dem	all_ivs	rs7800558	rs7800558	7	140242661	FALSE	0.096	0.0175	-0.0139456	0.0103081	30.093061224489787
DBP	Dem	all_ivs	rs1044608	rs1044608	7	150502016	FALSE	0.2018	0.0339	-0.00837128	0.0153287	35.43585593581678
DBP	Dem	all_ivs	rs3918226	rs3918226	7	150690176	FALSE	0.6117	0.0329	-0.00514818	0.0200996	345.688685433431
DBP	Dem	all_ivs	rs4726006	rs4726006	7	150878803	FALSE	0.1339	0.02	-0.00487883	0.0123834	44.823024999999994
DBP	Dem	all_ivs	rs6464165	rs6464165	7	151413124	FALSE	0.217	0.0195	-0.00164089	0.0122047	123.83694937541091
DBP	Dem	all_ivs	rs9638084	rs9638084	7	156311745	FALSE	0.1154	0.0178	-7.02219e-6	0.0102225	42.03118293144805
DBP	Dem	all_ivs	rs2442618	rs2442618	8	6379832	FALSE	0.1315	0.0177	-0.0108649	0.0103685	55.19566535797504
DBP	Dem	all_ivs	rs35091929	rs35091929	8	10693492	FALSE	0.1828	0.0177	0.00436553	0.0102738	106.6610488684605
DBP	Dem	all_ivs	rs62503324	rs62503324	8	23400615	FALSE	0.2033	0.0204	-0.0146313	0.0115819	99.31490292195308
DBP	Dem	all_ivs	rs951914	rs951914	8	25878995	FALSE	0.1904	0.0193	-0.0271781	0.0107538	97.32384762007032
DBP	Dem	all_ivs	rs17832905	rs17832905	8	26038759	FALSE	0.1923	0.0346	0.0122443	0.0208292	30.889179391225902
DBP	Dem	all_ivs	rs17321041	rs17321041	8	26445194	FALSE	0.2313	0.0363	0.00337675	0.0209222	40.601120142066804
DBP	Dem	all_ivs	rs1906672	rs1906672	8	38130025	FALSE	0.1402	0.0205	0.00843405	0.0133128	46.77225461035097
DBP	Dem	all_ivs	rs10087280	rs10087280	8	49391836	FALSE	0.1381	0.0232	0.00895069	0.0148168	35.43328255053509
DBP	Dem	all_ivs	rs4873492	rs4873492	8	51947549	FALSE	0.1401	0.0231	0.019892	0.013783	36.78343734187891
DBP	Dem	all_ivs	rs11778153	rs11778153	8	64503942	FALSE	0.1192	0.0182	-0.0168325	0.0120613	42.895302499698104
DBP	Dem	all_ivs	rs6983239	rs6983239	8	72507296	FALSE	0.1159	0.0211	-0.00326581	0.0130673	30.17185148581568
DBP	Dem	all_ivs	rs148401029	rs148401029	8	81386066	FALSE	0.3122	0.0486	0.0277435	0.032493	41.26608409964605
DBP	Dem	all_ivs	rs56345595	rs56345595	8	82814156	FALSE	0.1329	0.0177	-0.0103423	0.0102644	56.37719046251077
DBP	Dem	all_ivs	rs73276406	rs73276406	8	96021760	FALSE	0.1564	0.0246	-0.0389148	0.0138048	40.42064908453963
DBP	Dem	all_ivs	rs2978098	rs2978098	8	101676675	FALSE	0.1548	0.0176	-0.00224067	0.010318	77.36002066115702
DBP	Dem	all_ivs	rs142449193	rs142449193	8	102750597	FALSE	0.2573	0.0426	0.0288424	0.0343321	36.480465736516116
DBP	Dem	all_ivs	rs2957468	rs2957468	8	106325360	FALSE	0.1377	0.0185	0.00355626	0.0121096	55.4018699780862
DBP	Dem	all_ivs	rs722783	rs722783	8	120442287	FALSE	0.2093	0.0208	-0.0275556	0.0135602	101.25390625000004
DBP	Dem	all_ivs	rs9918907	rs9918907	8	124816862	FALSE	0.1188	0.021	0.00693109	0.0125163	32.003265306122444
DBP	Dem	all_ivs	rs7012891	rs7012891	8	126514676	FALSE	0.1391	0.0205	0.0133284	0.0133235	46.04118976799524
DBP	Dem	all_ivs	rs4909314	rs4909314	8	135623798	FALSE	0.1339	0.0177	0.00289229	0.0102071	57.228797599668034
DBP	Dem	all_ivs	rs4074812	rs4074812	8	141883529	FALSE	0.1336	0.0175	-0.00215646	0.0102374	58.282318367346925
DBP	Dem	all_ivs	rs3802230	rs3802230	8	143992864	FALSE	0.1605	0.0174	-0.00502859	0.0103088	85.08472057074913
DBP	Dem	all_ivs	rs12337056	rs12337056	9	628670	FALSE	0.1364	0.0228	0.00786363	0.0144139	35.78978147122191
DBP	Dem	all_ivs	rs12216886	rs12216886	9	2493751	FALSE	0.1292	0.0221	-0.0312832	0.0132475	34.1775147928994
DBP	Dem	all_ivs	rs1332812	rs1332812	9	9350986	FALSE	0.1145	0.0181	0.00433701	0.0110573	40.017856597783954
DBP	Dem	all_ivs	rs4615669	rs4615669	9	21818674	FALSE	0.114	0.0174	0.013499	0.0102702	42.92508917954817
DBP	Dem	all_ivs	rs1243876	rs1243876	9	35693104	FALSE	0.1063	0.019	0.00342432	0.0110382	31.30108033240998
DBP	Dem	all_ivs	rs76452347	rs76452347	9	35906471	FALSE	0.2246	0.0229	0.00482748	0.0134406	96.19412291909
DBP	Dem	all_ivs	rs11141731	rs11141731	9	89888472	FALSE	0.1258	0.0207	0.00810962	0.012366	36.9335107003664
DBP	Dem	all_ivs	rs4743021	rs4743021	9	109414561	FALSE	0.108	0.0194	-0.0119722	0.0108273	30.991603783611435
DBP	Dem	all_ivs	rs10980408	rs10980408	9	113249071	FALSE	0.3745	0.0477	-0.00737194	0.0457043	61.64060405486773
DBP	Dem	all_ivs	rs10759697	rs10759697	9	117172307	FALSE	0.1308	0.0173	0.0042798	0.0102241	57.16408834241038
DBP	Dem	all_ivs	rs2133386	rs2133386	9	128173838	FALSE	0.1322	0.0176	-0.00998158	0.0102447	56.420583677685954
DBP	Dem	all_ivs	rs507666	rs992108547	9	136149399	FALSE	0.2854	0.0223	0.01246	0.012754	163.79408393492727
DBP	Dem	all_ivs	rs6271	rs6271	9	136522274	FALSE	0.4313	0.0352	-0.0260154	0.0205765	150.13211034349172
DBP	Dem	all_ivs	rs11145807	rs11145807	9	139520789	FALSE	0.155	0.0184	-4.84944e-4	0.0104617	70.96231096408319
DBP	Dem	all_ivs	rs11252324	rs11252324	10	4124568	FALSE	0.2339	0.0328	0.0177749	0.0233933	50.85255242415227
DBP	Dem	all_ivs	rs6602177	rs6602177	10	17167141	FALSE	0.1203	0.0207	-0.00736809	0.0112279	33.77462717916404
DBP	Dem	all_ivs	rs1623474	rs1623474	10	18471794	FALSE	0.2234	0.0184	0.00903229	0.0109903	147.4112712665406
DBP	Dem	all_ivs	rs12258967	rs12258967	10	18727959	FALSE	0.354	0.0193	0.027504	0.0123594	336.4278235657332
DBP	Dem	all_ivs	rs11596400	rs11596400	10	28245420	FALSE	0.1278	0.0174	1.27736e-4	0.0103469	53.94649227110583
DBP	Dem	all_ivs	rs1265842	rs1265842	10	28924901	FALSE	0.1113	0.0174	-0.00244287	0.0103781	40.91587395957195
DBP	Dem	all_ivs	rs2487926	rs2487926	10	30300787	FALSE	0.0972	0.0176	-0.00947525	0.0104057	30.500516528925615
DBP	Dem	all_ivs	rs3006583	rs3006583	10	31280845	FALSE	0.1303	0.0222	0.0264484	0.0161794	34.44949679409138
DBP	Dem	all_ivs	rs4948643	rs4948643	10	45379759	FALSE	0.1591	0.0194	0.00235043	0.0106775	67.25690827930704
DBP	Dem	all_ivs	rs72831343	rs72831343	10	63515681	FALSE	0.4936	0.0248	0.0262545	0.0168462	396.13839750260144
DBP	Dem	all_ivs	rs2236295	rs2236295	10	64564892	FALSE	0.207	0.0177	-0.0179278	0.010645	136.771042803792
DBP	Dem	all_ivs	rs35506078	rs35506078	10	65210552	FALSE	0.1348	0.0183	-8.52871e-4	0.0107036	54.2597270745618
DBP	Dem	all_ivs	rs12247028	rs12247028	10	75410052	FALSE	0.1396	0.0188	-0.0301253	0.0103912	55.13852421910367
DBP	Dem	all_ivs	rs11187838	rs11187838	10	96038686	FALSE	0.2781	0.0174	0.0121641	0.0108145	255.44857312722954
DBP	Dem	all_ivs	rs1006545	rs1006545	10	102553647	FALSE	0.3633	0.0275	-0.0319338	0.0212062	174.52811900826447
DBP	Dem	all_ivs	rs11190746	rs11190746	10	102663565	FALSE	0.11	0.0175	-0.011079	0.0103006	39.51020408163265
DBP	Dem	all_ivs	rs12414028	rs12414028	10	104957629	FALSE	0.5141	0.0313	-0.0391798	0.0179249	269.7780012044626
DBP	Dem	all_ivs	rs4918065	rs4918065	10	105617578	FALSE	0.1327	0.0201	-0.00855542	0.0108975	43.586272617014444
DBP	Dem	all_ivs	rs117464403	rs117464403	10	107158054	FALSE	0.4537	0.0682	-0.0275396	0.033413	44.255658706065475
DBP	Dem	all_ivs	rs2484294	rs2484294	10	115792062	FALSE	0.3165	0.0196	0.00873449	0.0117141	260.7565857975844
DBP	Dem	all_ivs	rs72842207	rs72842207	10	121433675	FALSE	0.2112	0.0211	-0.00169306	0.012339899999999999	100.18966330495722
DBP	Dem	all_ivs	rs11592107	rs11592107	10	122968964	FALSE	0.1203	0.0187	-0.00698337	0.0112192	41.385484286081955
DBP	Dem	all_ivs	rs10490923	rs10490923	10	124214251	FALSE	0.1533	0.0262	0.0212165	0.0179452	34.23589825767728
DBP	Dem	all_ivs	rs9419374	rs9419374	10	133729749	FALSE	0.1164	0.0185	-0.0149248	0.0104378	39.587903579254935
DBP	Dem	all_ivs	rs1133400	rs1133400	10	134459388	FALSE	0.1318	0.0215	0.00447642	0.0136111	37.579751216873994
DBP	Dem	all_ivs	rs28570096	rs28570096	11	1616088	FALSE	0.1396	0.0188	-0.00893157	0.0114762	55.13852421910367
DBP	Dem	all_ivs	rs79889784	rs79889784	11	1702117	FALSE	0.3941	0.0717	0.061667	0.0624818	30.211657903592567
DBP	Dem	all_ivs	rs569550	rs569550	11	1887068	FALSE	0.2688	0.0181	0.0137281	0.0103544	220.54711394646066
DBP	Dem	all_ivs	rs147081004	rs147081004	11	1919980	FALSE	0.1411	0.0257	0.0107292	0.0139956	30.143090735665947
DBP	Dem	all_ivs	rs360153	rs360153	11	9762274	FALSE	0.2198	0.0175	-0.00779487	0.0110478	157.75359999999998
DBP	Dem	all_ivs	rs7107711	rs7107711	11	13255538	FALSE	0.1263	0.021	0.00495429	0.0123109	36.171632653061216
DBP	Dem	all_ivs	rs4756782	rs4756782	11	14254606	FALSE	0.1551	0.0234	0.0085142	0.0131554	43.93310322156476
DBP	Dem	all_ivs	rs10832586	rs10832586	11	16304089	FALSE	0.3083	0.0216	-3.84846e-4	0.0143429	203.72275805898494
DBP	Dem	all_ivs	rs7926335	rs7926335	11	16917869	FALSE	0.1804	0.0195	0.00281517	0.0118402	85.58621959237345
DBP	Dem	all_ivs	rs10500932	rs10500932	11	22501446	FALSE	0.2784	0.0333	-0.00563678	0.0164984	69.89562535508479
DBP	Dem	all_ivs	rs962369	rs962369	11	27734420	FALSE	0.1684	0.0189	-0.0108682	0.01084	79.38904285994232
DBP	Dem	all_ivs	rs7933758	rs7933758	11	31000774	FALSE	0.1138	0.0191	0.0223888	0.0112007	35.49913653682739
DBP	Dem	all_ivs	rs10838702	rs10838702	11	47410888	FALSE	0.2375	0.0178	0.0144828	0.0111832	178.02755333922485
DBP	Dem	all_ivs	rs751984	rs751984	11	61278246	FALSE	0.3937	0.0275	-0.0147457	0.0135883	204.95826776859505
DBP	Dem	all_ivs	rs35927325	rs35927325	11	63882495	FALSE	0.2221	0.0364	-0.0314985	0.0174989	37.23011260717304
DBP	Dem	all_ivs	rs2306363	rs2306363	11	65405600	FALSE	0.2643	0.0216	0.00242816	0.0138244	149.72241512345673
DBP	Dem	all_ivs	rs11228613	rs11228613	11	69068492	FALSE	0.1741	0.0212	0.00303771	0.0115492	67.44128248487006
DBP	Dem	all_ivs	rs504217	rs504217	11	72006086	FALSE	0.2745	0.0335	0.00104967	0.0167447	67.14212519492092
DBP	Dem	all_ivs	rs7115331	rs7115331	11	76218590	FALSE	0.1266	0.0192	0.010382	0.0118055	43.4775390625
DBP	Dem	all_ivs	rs11021221	rs11021221	11	95308854	FALSE	0.1877	0.0233	0.0190262	0.0141073	64.8958168321391
DBP	Dem	all_ivs	rs61909958	rs61909958	11	96151677	FALSE	0.1275	0.0228	0.0175721	0.0151686	31.271641274238227
DBP	Dem	all_ivs	rs604723	rs604723	11	100610546	FALSE	0.3848	0.0194	0.00378503	0.0116431	393.4292698480177
DBP	Dem	all_ivs	rs66682451	rs66682451	11	107097540	FALSE	0.1348	0.0194	0.00745611	0.0128106	48.28100754596663
DBP	Dem	all_ivs	rs7106104	rs7106104	11	111635655	FALSE	0.1186	0.0193	0.0122161	0.0114283	37.76198018738758
DBP	Dem	all_ivs	rs12790943	rs12790943	11	120058623	FALSE	0.1002	0.0175	0.0128128	0.0105788	32.783804081632645
DBP	Dem	all_ivs	rs12574332	rs12574332	11	122521123	FALSE	0.2072	0.0266	0.0150998	0.01431	60.67590027700832
DBP	Dem	all_ivs	rs4936099	rs4936099	11	130280725	FALSE	0.1745	0.0178	-0.00561215	0.010484	96.10607877793205
DBP	Dem	all_ivs	rs55935819	rs55935819	12	2521579	FALSE	0.1271	0.0181	0.0126394	0.0105788	49.30988065077376
DBP	Dem	all_ivs	rs7971147	rs7971147	12	19669330	FALSE	0.1187	0.0177	-0.0198104	0.0102255	44.97331545852085
DBP	Dem	all_ivs	rs4306343	rs4306343	12	20190630	FALSE	0.317	0.0193	0.0281193	0.0131774	269.77636983543175
DBP	Dem	all_ivs	rs6487076	rs6487076	12	20470857	FALSE	0.174	0.0209	0.00303499	0.0135489	69.3116000091573
DBP	Dem	all_ivs	rs12229480	rs12229480	12	26472908	FALSE	0.1359	0.0193	-0.00628314	0.0114864	49.58202904775966
DBP	Dem	all_ivs	rs1669907	rs1669907	12	42777933	FALSE	0.1158	0.0191	-0.011989	0.0110773	36.757873961788334
DBP	Dem	all_ivs	rs61917655	rs61917655	12	48210787	FALSE	0.2246	0.0297	-0.0198777	0.0173888	57.18822342391366
DBP	Dem	all_ivs	rs7967705	rs7967705	12	50511408	FALSE	0.2694	0.0178	-0.00289304	0.0105758	229.06312334301222
DBP	Dem	all_ivs	rs7306947	rs7306947	12	53385046	FALSE	0.205	0.0342	-0.0206365	0.022737	35.929858759960325
DBP	Dem	all_ivs	rs6580970	rs6580970	12	54434277	FALSE	0.1661	0.0191	0.00368708	0.0104775	75.62624379814152
DBP	Dem	all_ivs	rs6581101	rs6581101	12	57136374	FALSE	0.1261	0.0179	0.00156406	0.0106436	49.62769576480134
DBP	Dem	all_ivs	rs7959649	rs7959649	12	67783108	FALSE	0.1166	0.0202	-0.0198778	0.0119316	33.31918439368689
DBP	Dem	all_ivs	rs521033	rs521033	12	69951428	FALSE	0.1802	0.0253	-0.0389565	0.0177031	50.730428533487476
DBP	Dem	all_ivs	rs710698	rs710698	12	70369918	FALSE	0.1059	0.0176	0.00273428	0.0107696	36.20483600206611
DBP	Dem	all_ivs	rs2681485	rs2681485	12	90025622	FALSE	0.2945	0.0176	0.0147337	0.0112456	279.99176782024784
DBP	Dem	all_ivs	rs11112548	rs11112548	12	105871914	FALSE	0.2742	0.0443	-0.0197273	0.0241835	38.311349357194175
DBP	Dem	all_ivs	rs116063464	rs116063464	12	109860182	FALSE	0.2017	0.0369	-0.0142542	0.0257893	29.878518812288387
DBP	Dem	all_ivs	rs7137828	rs7137828	12	111932800	FALSE	0.5027	0.0176	0.00460608	0.0103888	815.81640625
DBP	Dem	all_ivs	rs35443	rs35443	12	115552878	FALSE	0.2661	0.0178	0.0327545	0.0106201	223.48570256280775
DBP	Dem	all_ivs	rs6490019	rs6490019	12	115920472	FALSE	0.1778	0.0178	0.0114414	0.0111437	99.77540714556244
DBP	Dem	all_ivs	rs1790123	rs1790123	12	123659542	FALSE	0.1991	0.0218	-0.00837979	0.013484	83.41219173470247
DBP	Dem	all_ivs	rs2271139	rs2271139	12	124839540	FALSE	0.1247	0.0192	0.0117243	0.0107194	42.18231879340279
DBP	Dem	all_ivs	rs682681	rs682681	13	22294062	FALSE	0.1454	0.0185	0.00222374	0.0105184	61.77110299488679
DBP	Dem	all_ivs	rs61948065	rs61948065	13	25255052	FALSE	0.1737	0.027	0.0228945	0.0153911	41.38777777777778
DBP	Dem	all_ivs	rs9508495	rs9508495	13	30146201	FALSE	0.1944	0.0204	0.0123375	0.0106487	90.80968858131484
DBP	Dem	all_ivs	rs56256111	rs56256111	13	41478963	FALSE	0.1926	0.0263	-0.0189934	0.0139557	53.629169136462856
DBP	Dem	all_ivs	rs7992292	rs7992292	13	41968013	FALSE	0.1367	0.0231	0.00951557	0.0143974	35.01975225351848
DBP	Dem	all_ivs	rs9526707	rs9526707	13	51489186	FALSE	0.1217	0.0186	0.0235677	0.0109349	42.81098970979305
DBP	Dem	all_ivs	rs9563529	rs9563529	13	58316637	FALSE	0.1222	0.0215	0.0117192	0.0120649	32.30468361276366
DBP	Dem	all_ivs	rs3861113	rs3861113	13	72364382	FALSE	0.2126	0.0322	0.0062234	0.0172469	43.59280120365727
DBP	Dem	all_ivs	rs12866098	rs12866098	13	73119617	FALSE	0.1033	0.0186	-0.0112892	0.011163	30.844288357035506
DBP	Dem	all_ivs	rs1215469	rs1215469	13	80707408	FALSE	0.1383	0.0211	0.0158837	0.0134852	42.96150131398666
DBP	Dem	all_ivs	rs55684003	rs55684003	13	97988689	FALSE	0.122	0.0189	0.00877118	0.0121438	41.6673665350914
DBP	Dem	all_ivs	rs675605	rs675605	13	110873556	FALSE	0.1205	0.0196	0.0121249	0.0121417	37.79740212411495
DBP	Dem	all_ivs	rs7990017	rs7990017	13	110959705	FALSE	0.1039	0.0185	0.0186641	0.0102734	31.541884587290003
DBP	Dem	all_ivs	rs7491960	rs7491960	13	114470370	FALSE	0.1288	0.018	-0.0188821	0.0102624	51.20197530864198
DBP	Dem	all_ivs	rs7321688	rs7321688	13	115000365	FALSE	0.1507	0.0205	0.0168871	0.0120901	54.04042831647828
DBP	Dem	all_ivs	rs7350752	rs7350752	14	21841154	FALSE	0.1504	0.0268	0.0236255	0.015456	31.49387391401203
DBP	Dem	all_ivs	rs17880989	rs17880989	14	23313633	FALSE	0.4014	0.0591	-0.0485726	0.0334308	46.12960911128861
DBP	Dem	all_ivs	rs1950500	rs1950500	14	24830850	FALSE	0.1396	0.019	-0.00170472	0.0113453	53.98382271468145
DBP	Dem	all_ivs	rs4424827	rs4424827	14	35110857	FALSE	0.0981	0.0175	0.00277573	0.0106868	31.424032653061225
DBP	Dem	all_ivs	rs7155504	rs7155504	14	36158828	FALSE	0.2286	0.0317	0.0722583	0.0283205	52.00366209236832
DBP	Dem	all_ivs	rs72683923	rs72683923	14	50735947	FALSE	0.5325	0.0635	0.0138192	0.0485152	70.32209064418127
DBP	Dem	all_ivs	rs35413927	rs35413927	14	53420358	FALSE	0.1274	0.0189	-0.0125716	0.0116033	45.43758573388204
DBP	Dem	all_ivs	rs12148044	rs12148044	14	69214219	FALSE	0.1371	0.023	0.0159551	0.0138342	35.53196597353498
DBP	Dem	all_ivs	rs227426	rs227426	14	70456664	FALSE	0.1119	0.0175	0.0185093	0.0105394	40.88688979591836
DBP	Dem	all_ivs	rs2239268	rs2239268	14	72469591	FALSE	0.1097	0.019	-0.00558493	0.0110495	33.335429362880895
DBP	Dem	all_ivs	rs4903064	rs4903064	14	73279420	FALSE	0.1543	0.0206	0.0220886	0.0136906	56.10446319162974
DBP	Dem	all_ivs	rs8014182	rs8014182	14	103859962	FALSE	0.1942	0.0257	0.0213199	0.0153777	57.09948674468956
DBP	Dem	all_ivs	rs10873612	rs10873612	15	26105602	FALSE	0.1096	0.0179	0.0151198	0.0107798	37.48996598108673
DBP	Dem	all_ivs	rs11070245	rs11070245	15	40317792	FALSE	0.1287	0.0174	0.00125529	0.0102201	54.70897740784782
DBP	Dem	all_ivs	rs2925345	rs2925345	15	41311799	FALSE	0.189	0.0174	0.00805904	0.0107126	117.98454221165281
DBP	Dem	all_ivs	rs17678552	rs17678552	15	42066190	FALSE	0.1649	0.0182	0.0174976	0.0104484	82.09156502837821
DBP	Dem	all_ivs	rs7169864	rs7169864	15	53902901	FALSE	0.1132	0.0205	0.0224107	0.0116704	30.491945270672215
DBP	Dem	all_ivs	rs28429256	rs28429256	15	66931617	FALSE	0.1636	0.0188	-0.00194418	0.0104588	75.72702580353099
DBP	Dem	all_ivs	rs2469141	rs2469141	15	66967398	FALSE	0.1351	0.0238	-0.0139142	0.0142012	32.22231833910034
DBP	Dem	all_ivs	rs3743111	rs3743111	15	71587373	FALSE	0.1517	0.0178	-0.00651034	0.0105783	72.63252745865422
DBP	Dem	all_ivs	rs11636952	rs11636952	15	75114322	FALSE	0.3997	0.0189	-0.0395413	0.0104978	447.244170096022
DBP	Dem	all_ivs	rs57708073	rs57708073	15	79066653	FALSE	0.1907	0.0214	0.0114145	0.0106322	79.40975194340119
DBP	Dem	all_ivs	rs2627313	rs2627313	15	81006712	FALSE	0.151	0.0175	0.0103258	0.010429	74.45224489795918
DBP	Dem	all_ivs	rs77032376	rs77032376	15	90010780	FALSE	0.173	0.0249	0.00751802	0.0126904	48.27180206770859
DBP	Dem	all_ivs	rs4932373	rs4932373	15	91429287	FALSE	0.3664	0.0189	0.0276258	0.011586	375.8264326306654
DBP	Dem	all_ivs	rs3743369	rs3743369	15	92707569	FALSE	0.104	0.0179	0.00962901	0.0104034	33.75674916513218
DBP	Dem	all_ivs	rs12906962	rs12906962	15	95312071	FALSE	0.2378	0.0188	-0.00110998	0.0104849	159.9955862381168
DBP	Dem	all_ivs	rs2589218	rs2589218	15	96785017	FALSE	0.1207	0.0196	0.00643294	0.0122614	37.92297480216577
DBP	Dem	all_ivs	rs12596630	rs12596630	16	2065666	FALSE	0.2606	0.0314	-0.00943655	0.0223767	68.87942715728833
DBP	Dem	all_ivs	rs917522	rs917522	16	4097222	FALSE	0.1665	0.0273	-0.0180898	0.0156792	37.19659461417703
DBP	Dem	all_ivs	rs12446456	rs12446456	16	4922201	FALSE	0.181	0.0175	-0.00768915	0.0104377	106.97469387755099
DBP	Dem	all_ivs	rs77924615	rs77924615	16	20392332	FALSE	0.3163	0.0224	-0.0216324	0.0123814	199.3895288584184
DBP	Dem	all_ivs	rs9937801	rs9937801	16	21088130	FALSE	0.1554	0.0174	-0.0138798	0.0105338	79.76337693222358
DBP	Dem	all_ivs	rs80095680	rs80095680	16	30902353	FALSE	0.1566	0.0198	-0.0220237	0.011287	62.55371900826445
DBP	Dem	all_ivs	rs7192407	rs7192407	16	49783926	FALSE	0.1019	0.0174	-0.00275726	0.0102519	34.29650548289075
DBP	Dem	all_ivs	rs62030049	rs62030049	16	50572709	FALSE	0.1336	0.0209	-0.00153672	0.0109456	40.86206817609487
DBP	Dem	all_ivs	rs9932220	rs9932220	16	51758116	FALSE	0.1591	0.021	0.0025917	0.0123136	57.39866213151926
DBP	Dem	all_ivs	rs12919839	rs12919839	16	56859216	FALSE	0.1098	0.0192	0.0100843	0.0107939	32.7041015625
DBP	Dem	all_ivs	rs45474499	rs45474499	16	66914492	FALSE	0.3562	0.0415	0.0204298	0.0210927	73.67016402961242
DBP	Dem	all_ivs	rs28544928	rs28544928	16	69329268	FALSE	0.1543	0.0199	0.0206253	0.0120345	60.120931289613885
DBP	Dem	all_ivs	rs12444212	rs12444212	16	71437689	FALSE	0.1291	0.0226	-0.0142067	0.0134984	32.63139243480304
DBP	Dem	all_ivs	rs11859505	rs11859505	16	74195719	FALSE	0.1037	0.0181	-0.00555816	0.0104106	32.82466957663075
DBP	Dem	all_ivs	rs8046697	rs8046697	16	75442144	FALSE	0.1289	0.0179	0.00981043	0.0103273	51.85609063387535
DBP	Dem	all_ivs	rs12929303	rs12929303	16	81602264	FALSE	0.1572	0.0174	-0.0144495	0.0103472	81.62187871581452
DBP	Dem	all_ivs	rs79286081	rs79286081	16	86555837	FALSE	0.1631	0.0299	0.0134609	0.0258607	29.755383049406603
DBP	Dem	all_ivs	rs908951	rs908951	16	89697625	FALSE	0.1983	0.0181	-0.0245646	0.0104546	120.02957785171391
DBP	Dem	all_ivs	rs4362428	rs4362428	17	2090341	FALSE	0.1127	0.0176	0.0149384	0.0105292	41.00364798553718
DBP	Dem	all_ivs	rs12601936	rs12601936	17	7172609	FALSE	0.1429	0.0178	-0.0202529	0.0105498	64.45022724403485
DBP	Dem	all_ivs	rs138420351	rs138420351	17	7700063	FALSE	0.5568	0.0854	0.00562907	0.0268622	42.50917846310789
DBP	Dem	all_ivs	rs74439044	rs74439044	17	7781019	FALSE	0.3496	0.0294	-0.0139669	0.0140303	141.39960201767786
DBP	Dem	all_ivs	rs12949537	rs12949537	17	16240488	FALSE	0.1197	0.0177	0.0194995	0.0102473	45.73427176098822
DBP	Dem	all_ivs	rs1043809	rs1043809	17	19239432	FALSE	0.159	0.0223	0.0425923	0.0127298	50.8375394638943
DBP	Dem	all_ivs	rs76954792	rs76954792	17	30033514	FALSE	0.1213	0.0208	-0.00134662	0.0117008	34.00908376479291
DBP	Dem	all_ivs	rs28661492	rs28661492	17	30609932	FALSE	0.1359	0.0222	-0.0199806	0.0121131	37.474251278305324
DBP	Dem	all_ivs	rs2239917	rs2239917	17	43165887	FALSE	0.1731	0.0176	-0.00549914	0.0102644	96.73169550619832
DBP	Dem	all_ivs	rs62064603	rs62064603	17	43484496	FALSE	0.1335	0.0229	0.0806036	0.0234541	33.985335901298605
DBP	Dem	all_ivs	rs3916033	rs3916033	17	44889703	FALSE	0.1233	0.0185	0.010228	0.0102599	44.42042366691016
DBP	Dem	all_ivs	rs8081301	rs8081301	17	47039302	FALSE	0.1278	0.0197	0.0263532	0.0117785	42.085186425829065
DBP	Dem	all_ivs	rs9889262	rs9889262	17	47398070	FALSE	0.2283	0.018	0.0376508	0.0103135	160.86694444444444
DBP	Dem	all_ivs	rs3785837	rs3785837	17	59468942	FALSE	0.1453	0.0213	-0.00707126	0.0118551	46.53417531794839
DBP	Dem	all_ivs	rs6504163	rs6504163	17	61545779	FALSE	0.1842	0.0183	-0.0599102	0.0105165	101.31577532921256
DBP	Dem	all_ivs	rs1867624	rs1867624	17	62387091	FALSE	0.1412	0.0178	0.0138558	0.0103122	62.925893195303615
DBP	Dem	all_ivs	rs1436138	rs1436138	17	75316880	FALSE	0.1991	0.0182	-0.00142361	0.0107286	119.6739826107958
DBP	Dem	all_ivs	rs7217916	rs7217916	17	76769434	FALSE	0.1111	0.0179	-0.0153124	0.0111089	38.52317343403764
DBP	Dem	all_ivs	rs11077961	rs11077961	17	81012749	FALSE	0.1073	0.0186	-0.0115551	0.0103092	33.27925193664008
DBP	Dem	all_ivs	rs7227492	rs7227492	18	772064	FALSE	0.181	0.0227	0.0246243	0.0150787	63.5777911467329
DBP	Dem	all_ivs	rs1903752	rs1903752	18	7129327	FALSE	0.0987	0.0178	-0.0143208	0.0102671	30.746401969448304
DBP	Dem	all_ivs	rs4410190	rs4410190	18	20020200	FALSE	0.1068	0.0176	-0.0107554	0.010225	36.8228305785124
DBP	Dem	all_ivs	rs10164193	rs10164193	18	31161426	FALSE	0.2196	0.0327	0.0144143	0.022061	45.099234071206126
DBP	Dem	all_ivs	rs11661473	rs11661473	18	42177123	FALSE	0.2007	0.0196	0.00266101	0.0110254	104.85342044981259
DBP	Dem	all_ivs	rs58693787	rs58693787	18	48141710	FALSE	0.1584	0.0202	-0.0030054	0.0109731	61.49044211351829
DBP	Dem	all_ivs	rs4102481	rs4102481	18	51774715	FALSE	0.1248	0.019	-0.0104167	0.0105618	43.14415512465374
DBP	Dem	all_ivs	rs2062011	rs2062011	18	60876114	FALSE	0.1138	0.0209	0.00222092	0.0107815	29.647764474256544
DBP	Dem	all_ivs	rs4891258	rs4891258	18	72995537	FALSE	0.1159	0.0187	-0.00857203	0.011141	38.41348051131001
DBP	Dem	all_ivs	rs10424224	rs10424224	19	7240481	FALSE	0.1042	0.0182	0.00746836	0.0111496	32.77877067986958
DBP	Dem	all_ivs	rs7258382	rs7258382	19	7262569	FALSE	0.2624	0.0248	-5.77079e-4	0.0181264	111.95005202913634
DBP	Dem	all_ivs	rs2009733	rs2009733	19	8398714	FALSE	0.1217	0.0176	0.002295	0.0101597	47.8140818698347
DBP	Dem	all_ivs	rs387865	rs387865	19	11284539	FALSE	0.1059	0.0191	0.0031039	0.0105045	30.741509278802667
DBP	Dem	all_ivs	rs167479	rs167479	19	11526765	FALSE	0.362	0.0188	0.00982397	0.0103313	370.76731552738795
DBP	Dem	all_ivs	rs1077795	rs1077795	19	17222584	FALSE	0.1987	0.0199	0.0114171	0.0123572	99.69871972929974
DBP	Dem	all_ivs	rs72999033	rs72999033	19	19366632	FALSE	0.2793	0.0358	0.0399327	0.020913	60.866148060297746
DBP	Dem	all_ivs	rs7257694	rs7257694	19	30314666	FALSE	0.1837	0.0178	0.0158741	0.0103373	106.50703825274586
DBP	Dem	all_ivs	rs8108717	rs8108717	19	31911914	FALSE	0.1323	0.0179	0.0020812	0.0101987	54.62778939483786
DBP	Dem	all_ivs	rs73036520	rs73036520	19	45749484	TRUE	0.1557	0.0202	-0.0962254	0.0112416	59.41204293696697
DBP	Dem	all_ivs	rs2548459	rs2548459	19	49209339	FALSE	0.132	0.0176	-0.0187076	0.0103038	56.25
DBP	Dem	all_ivs	rs73046792	rs73046792	19	49605705	FALSE	0.1518	0.0245	0.0207072	0.0162232	38.389404414827155
DBP	Dem	all_ivs	rs6108168	rs6108168	20	8626271	FALSE	0.1901	0.0199	0.00369078	0.0121782	91.2552965834196
DBP	Dem	all_ivs	rs693974	rs693974	20	10557252	FALSE	0.1847	0.0177	0.00587544	0.0102675	108.88981454882058
DBP	Dem	all_ivs	rs1327235	rs1327235	20	10969030	FALSE	0.3018	0.0173	0.00872227	0.0103055	304.33105015202653
DBP	Dem	all_ivs	rs6078393	rs6078393	20	11908101	FALSE	0.1205	0.0176	-0.00325376	0.0103512	46.87580707644627
DBP	Dem	all_ivs	rs4814837	rs4814837	20	19241680	FALSE	0.1003	0.0184	0.0146308	0.0114089	29.714349007561438
DBP	Dem	all_ivs	rs7265695	rs7265695	20	40043096	FALSE	0.1967	0.0219	-0.0049631400000000004	0.0113456	80.67156648109925
DBP	Dem	all_ivs	rs6031431	rs6031431	20	42795152	FALSE	0.1153	0.0175	-0.00190182	0.0102252	43.40927346938775
DBP	Dem	all_ivs	rs2598	rs2598	20	47241618	FALSE	0.1387	0.0175	0.00370564	0.0103652	62.81694693877549
DBP	Dem	all_ivs	rs79044887	rs79044887	20	47427831	FALSE	0.2427	0.0245	-0.0101814	0.0178675	98.1312619741774
DBP	Dem	all_ivs	rs234623	rs234623	20	57488964	FALSE	0.1191	0.0174	-0.00251985	0.0104687	46.851664684898935
DBP	Dem	all_ivs	rs6026739	rs6026739	20	57739469	FALSE	0.5032	0.0266	0.00685381	0.0136474	357.8639832664367
DBP	Dem	all_ivs	rs79208229	rs79208229	20	62516236	FALSE	0.2128	0.0326	-0.0119289	0.0130355	42.609657871956045
DBP	Dem	all_ivs	rs35213536	rs35213536	20	62694319	FALSE	0.2044	0.0205	-0.0195504	0.0117399	99.41549077929804
DBP	Dem	all_ivs	rs1882961	rs1882961	21	16556367	FALSE	0.1272	0.0188	-0.00350236	0.0105134	45.77818017202354
DBP	Dem	all_ivs	rs1003763	rs1003763	21	40073020	FALSE	0.1484	0.0203	-0.0174204	0.0112871	53.44114149821642
DBP	Dem	all_ivs	rs12627514	rs12627514	21	44759440	FALSE	0.2164	0.0196	0.00158802	0.0109742	121.89962515618495
DBP	Dem	all_ivs	rs5992929	rs5992929	22	18451977	FALSE	0.1684	0.0193	0.018033	0.011816	76.13240623909365
DBP	Dem	all_ivs	rs2294239	rs2294239	22	29449477	FALSE	0.1458	0.0176	-0.00505857	0.0104661	68.62616219008267
DBP	Dem	all_ivs	rs5753630	rs5753630	22	31861950	FALSE	0.107	0.0175	0.0280442	0.0102706	37.38448979591836
DBP	Dem	apoe_excluded	rs34645159	rs34645159	1	1724366	FALSE	0.133	0.0174	-0.0229724	0.0102164	58.42581582771834
DBP	Dem	apoe_excluded	rs2493296	rs2493296	1	3327032	FALSE	0.2496	0.0254	-2.63443e-4	0.0164268	96.56544113088226
DBP	Dem	apoe_excluded	rs488834	rs488834	1	10767902	FALSE	0.1931	0.0208	0.0179865	0.0118748	86.18622873520711
DBP	Dem	apoe_excluded	rs55857306	rs55857306	1	11895795	FALSE	0.5224	0.0235	-0.0131544	0.0144723	494.16344047080116
DBP	Dem	apoe_excluded	rs1889785	rs1889785	1	16348729	FALSE	0.1255	0.0174	-0.0236596	0.0104111	52.02222882811469
DBP	Dem	apoe_excluded	rs6686889	rs6686889	1	25030470	FALSE	0.1918	0.0199	0.0133849	0.0113676	92.89472488068482
DBP	Dem	apoe_excluded	rs12728150	rs12728150	1	27268737	FALSE	0.2045	0.0318	-0.00635538	0.0191572	41.35541513389501
DBP	Dem	apoe_excluded	rs2146315	rs2146315	1	42050366	FALSE	0.1197	0.0205	0.0297359	0.0111596	34.09420582986318
DBP	Dem	apoe_excluded	rs839759	rs839759	1	43863460	FALSE	0.1505	0.0175	-0.00611774	0.0104199	73.96
DBP	Dem	apoe_excluded	rs4926901	rs4926901	1	48025824	FALSE	0.0984	0.018	0.0161711	0.0110274	29.884444444444444
DBP	Dem	apoe_excluded	rs10493127	rs10493127	1	48114417	FALSE	0.1853	0.0307	-0.0241451	0.0200367	36.43125125996031
DBP	Dem	apoe_excluded	rs61772592	rs61772592	1	56979681	FALSE	0.1509	0.0261	0.015889	0.0136784	33.427004888360415
DBP	Dem	apoe_excluded	rs10493408	rs10493408	1	66992054	FALSE	0.1584	0.0255	0.00333861	0.0145504	38.586020761245685
DBP	Dem	apoe_excluded	rs34517439	rs34517439	1	78450517	FALSE	0.2514	0.0279	0.0106484	0.0153291	81.19366400739972
DBP	Dem	apoe_excluded	rs786921	rs786921	1	89286673	FALSE	0.1145	0.0176	-0.028937	0.0108116	42.32389591942149
DBP	Dem	apoe_excluded	rs17396055	rs17396055	1	94730954	FALSE	0.115	0.0184	-0.0165396	0.0113244	39.0625
DBP	Dem	apoe_excluded	rs10776752	rs10776752	1	113044328	FALSE	0.4573	0.033	0.013028	0.0136133	192.0324058769513
DBP	Dem	apoe_excluded	rs57748895	rs57748895	1	115826169	FALSE	0.6627	0.0666	-0.089786	0.0464072	99.01146416686953
DBP	Dem	apoe_excluded	rs1819663	rs1819663	1	154025891	FALSE	0.1147	0.0174	0.00874096	0.0102664	43.45385784119434
DBP	Dem	apoe_excluded	rs76719272	rs76719272	1	156129796	FALSE	0.1438	0.0264	0.0146313	0.0150534	29.669478879706155
DBP	Dem	apoe_excluded	rs7524019	rs7524019	1	167367193	FALSE	0.1036	0.0174	-0.00472486	0.0103837	35.45038974765492
DBP	Dem	apoe_excluded	rs12405515	rs12405515	1	172357441	FALSE	0.1698	0.0174	7.49736e-4	0.0103079	95.230677764566
DBP	Dem	apoe_excluded	rs150816167	rs150816167	1	179571862	FALSE	0.2873	0.0446	-0.0102028	0.0210745	41.49555088580104
DBP	Dem	apoe_excluded	rs4651224	rs4651224	1	184585182	FALSE	0.1102	0.0175	-0.00983594	0.0102419	39.6540081632653
DBP	Dem	apoe_excluded	rs882624	rs882624	1	201735913	FALSE	0.1571	0.0185	0.0164951	0.010691	72.11222790357927
DBP	Dem	apoe_excluded	rs2169137	rs2169137	1	204497913	FALSE	0.1588	0.0194	-0.00572194	0.0136306	67.00350728026356
DBP	Dem	apoe_excluded	rs1502358	rs1502358	1	217324932	FALSE	0.1127	0.0185	-0.00312434	0.0106498	37.11114682249818
DBP	Dem	apoe_excluded	rs68085857	rs68085857	1	217737629	FALSE	0.191	0.0205	-0.00467925	0.0120368	86.80785246876857
DBP	Dem	apoe_excluded	rs12088448	rs12088448	1	218546170	FALSE	0.1544	0.0182	-0.00575228	0.0104987	71.97005192609588
DBP	Dem	apoe_excluded	rs602521	rs602521	1	227311066	FALSE	0.1351	0.0195	0.0399792	0.0115795	48.00002629848784
DBP	Dem	apoe_excluded	rs1745417	rs1745417	1	228204279	FALSE	0.1708	0.0173	0.00158468	0.0102961	97.47281900497845
DBP	Dem	apoe_excluded	rs699	rs699	1	230845794	FALSE	0.2359	0.0177	-0.0042557	0.010321	177.6271505633758
DBP	Dem	apoe_excluded	rs3943093	rs3943093	1	243458502	FALSE	0.2477	0.0184	6.7788e-4	0.0111321	181.22427339319472
DBP	Dem	apoe_excluded	rs4926499	rs4926499	1	249155909	FALSE	0.1694	0.0248	-0.0124126	0.012901	46.6577133194589
DBP	Dem	apoe_excluded	rs112393817	rs112393817	2	9807226	FALSE	0.116	0.0211	-0.0175412	0.0120983	30.223939264616696
DBP	Dem	apoe_excluded	rs1373780	rs1373780	2	19501029	FALSE	0.1246	0.0224	0.00511772	0.0123976	30.94140625
DBP	Dem	apoe_excluded	rs824523	rs824523	2	19707855	FALSE	0.1226	0.0183	-8.86409e-4	0.0118283	44.88267789423393
DBP	Dem	apoe_excluded	rs11687089	rs11687089	2	25082926	FALSE	0.1739	0.0175	-0.0188384	0.0104666	98.74680816326529
DBP	Dem	apoe_excluded	rs1275988	rs1275988	2	26914364	FALSE	0.2945	0.0177	5.76579e-4	0.0102661	276.83695617479015
DBP	Dem	apoe_excluded	rs11684340	rs11684340	2	37207251	FALSE	0.1249	0.021	-0.0203286	0.011787	35.374172335600896
DBP	Dem	apoe_excluded	rs2160236	rs2160236	2	40557276	FALSE	0.1421	0.0181	8.20244e-4	0.0102532	61.63551173651597
DBP	Dem	apoe_excluded	rs76326501	rs76326501	2	43167878	FALSE	0.3618	0.0305	0.0262702	0.0189176	140.71404461166352
DBP	Dem	apoe_excluded	rs4952668	rs4952668	2	43386568	FALSE	0.192	0.018	-0.0216496	0.0105751	113.7777777777778
DBP	Dem	apoe_excluded	rs2586970	rs2586970	2	55829967	FALSE	0.1493	0.0175	-0.00148932	0.0103173	72.78527346938773
DBP	Dem	apoe_excluded	rs2421200	rs2421200	2	61711815	FALSE	0.1097	0.0173	-4.34106e-5	0.0103383	40.208794146145884
DBP	Dem	apoe_excluded	rs1876490	rs1876490	2	73052351	FALSE	0.1364	0.0192	0.00307159	0.0114522	50.46918402777778
DBP	Dem	apoe_excluded	rs6546810	rs6546810	2	73389716	FALSE	0.12	0.0181	0.00819579	0.0104273	43.95470223741643
DBP	Dem	apoe_excluded	rs311564	rs311564	2	86293498	FALSE	0.133	0.0183	1.84126e-4	0.0107692	52.820329063274514
DBP	Dem	apoe_excluded	rs62155750	rs62155750	2	96491456	FALSE	0.2177	0.0196	-0.0156181	0.0103014	123.36862244897961
DBP	Dem	apoe_excluded	rs28377357	rs28377357	2	112769721	FALSE	0.1243	0.019	-0.00840004	0.0103021	42.79914127423823
DBP	Dem	apoe_excluded	rs62158170	rs62158170	2	114082175	FALSE	0.1645	0.0211	-0.00526564	0.0126379	60.780867455807375
DBP	Dem	apoe_excluded	rs13001283	rs13001283	2	127183454	FALSE	0.1522	0.0239	8.5365e-4	0.0149328	40.55398189807601
DBP	Dem	apoe_excluded	rs4954192	rs4954192	2	135632981	FALSE	0.1225	0.0179	-0.0453358	0.0103955	46.834524515464565
DBP	Dem	apoe_excluded	rs55944332	rs55944332	2	145726621	FALSE	0.2365	0.0204	0.013637	0.0117274	134.40083141099575
DBP	Dem	apoe_excluded	rs12990959	rs12990959	2	148572160	FALSE	0.1271	0.0187	0.0235094	0.0107203	46.19637393119619
DBP	Dem	apoe_excluded	rs2444769	rs2444769	2	158494100	FALSE	0.158	0.0219	0.0280238	0.0140224	52.050624465711735
DBP	Dem	apoe_excluded	rs7572130	rs7572130	2	164460947	FALSE	0.1796	0.0287	0.0128999	0.0133644	39.16055797690879
DBP	Dem	apoe_excluded	rs1446468	rs1446468	2	164963486	FALSE	0.253	0.0174	-0.00958262	0.0105075	211.41828511031844
DBP	Dem	apoe_excluded	rs75717699	rs75717699	2	179682997	FALSE	0.4667	0.0541	0.0478282	0.0577217	74.4185273386383
DBP	Dem	apoe_excluded	rs1518460	rs1518460	2	181933689	FALSE	0.1342	0.0189	-0.00586736	0.0112332	50.41751350746061
DBP	Dem	apoe_excluded	rs12693302	rs12693302	2	183211443	FALSE	0.2378	0.0181	-0.00275616	0.0108131	172.61023778272946
DBP	Dem	apoe_excluded	rs7592578	rs7592578	2	191439591	FALSE	0.1998	0.0224	-0.0144186	0.0176684	79.56002869897961
DBP	Dem	apoe_excluded	rs4673253	rs4673253	2	204120214	FALSE	0.1177	0.0197	0.00735492	0.0105661	35.696075652554825
DBP	Dem	apoe_excluded	rs11692619	rs11692619	2	205084439	FALSE	0.1281	0.0184	0.00719775	0.0103512	48.468838610586005
DBP	Dem	apoe_excluded	rs1263671	rs1263671	2	207996447	FALSE	0.1394	0.0238	-0.00349916	0.0138761	34.306122448979586
DBP	Dem	apoe_excluded	rs4675682	rs4675682	2	208402750	FALSE	0.1409	0.0173	0.00474943	0.0101944	66.33302148417923
DBP	Dem	apoe_excluded	rs1035673	rs1035673	2	218675533	FALSE	0.1625	0.0176	0.0076751	0.0103125	85.24744963842974
DBP	Dem	apoe_excluded	rs13004222	rs13004222	2	219560492	FALSE	0.2944	0.0393	-0.0433849	0.0245176	56.11649152794773
DBP	Dem	apoe_excluded	rs1039897	rs1039897	2	220337196	FALSE	0.1085	0.0183	0.0103696	0.0107215	35.15258741676371
DBP	Dem	apoe_excluded	rs10804330	rs10804330	2	227185749	FALSE	0.1331	0.0176	0.0107419	0.0102964	57.191406249999986
DBP	Dem	apoe_excluded	rs1044822	rs1044822	2	230629138	FALSE	0.1334	0.0243	-0.0162542	0.0160861	30.136937120018967
DBP	Dem	apoe_excluded	rs4507125	rs4507125	2	239864732	FALSE	0.1244	0.0211	0.0104831	0.0124153	34.75968644010692
DBP	Dem	apoe_excluded	rs347585	rs347585	3	11286220	FALSE	0.1506	0.0189	0.0130114	0.010927	63.493071302595126
DBP	Dem	apoe_excluded	rs1687295	rs1687295	3	14889756	FALSE	0.2061	0.0194	7.52372e-4	0.0119786	112.8632426400255
DBP	Dem	apoe_excluded	rs62234672	rs62234672	3	16592069	FALSE	0.1248	0.0229	0.0426522	0.0137628	29.70012013500886
DBP	Dem	apoe_excluded	rs2643826	rs2643826	3	27562988	FALSE	0.1857	0.0175	0.0157077	0.0104267	112.60241632653059
DBP	Dem	apoe_excluded	rs7427249	rs7427249	3	37572489	FALSE	0.1098	0.0176	-0.013541	0.0103238	38.92058367768595
DBP	Dem	apoe_excluded	rs3864004	rs3864004	3	41240177	FALSE	0.1004	0.0173	-0.00771652	0.0102834	33.68024324234021
DBP	Dem	apoe_excluded	rs6442105	rs6442105	3	48182326	FALSE	0.2485	0.0185	-1.33171e-4	0.0123078	180.4302410518627
DBP	Dem	apoe_excluded	rs6445590	rs6445590	3	53655932	FALSE	0.1284	0.0174	0.0197682	0.0102362	54.45422116527943
DBP	Dem	apoe_excluded	rs3772219	rs3772219	3	56771251	FALSE	0.1754	0.0185	0.00413956	0.011306	89.8908984660336
DBP	Dem	apoe_excluded	rs1675383	rs1675383	3	57945274	FALSE	0.1488	0.0174	0.0138338	0.0103718	73.13198573127228
DBP	Dem	apoe_excluded	rs3774702	rs3774702	3	63856870	FALSE	0.147	0.0228	0.0261468	0.0159157	41.568559556786695
DBP	Dem	apoe_excluded	rs6795735	rs6795735	3	64705365	FALSE	0.1438	0.0176	6.21641e-4	0.0106527	66.75632747933884
DBP	Dem	apoe_excluded	rs7623706	rs7623706	3	74712754	FALSE	0.0975	0.0176	0.0192517	0.0102441	30.689081869834713
DBP	Dem	apoe_excluded	rs11923343	rs11923343	3	85668570	FALSE	0.1138	0.0181	-0.0157343	0.0113951	39.530050975244954
DBP	Dem	apoe_excluded	rs11923667	rs11923667	3	101268080	FALSE	0.1175	0.0177	0.00480857	0.0103239	44.068594592869225
DBP	Dem	apoe_excluded	rs28675079	rs28675079	3	111500002	FALSE	0.1444	0.0222	0.00664827	0.0119249	42.30857884911939
DBP	Dem	apoe_excluded	rs12152463	rs12152463	3	122100447	FALSE	0.1006	0.0174	-0.0194574	0.0102434	33.42700488836042
DBP	Dem	apoe_excluded	rs4141663	rs4141663	3	124551967	FALSE	0.1496	0.0175	0.0208328	0.010301	73.07807346938775
DBP	Dem	apoe_excluded	rs4077158	rs4077158	3	133942941	FALSE	0.1832	0.0173	-0.0252664	0.0102148	112.13953022152428
DBP	Dem	apoe_excluded	rs9289557	rs9289557	3	138071604	FALSE	0.119	0.0207	0.00577403	0.0129881	33.04861256972158
DBP	Dem	apoe_excluded	rs6763931	rs6763931	3	141102833	FALSE	0.1383	0.0173	0.0205626	0.0102558	63.907547863276434
DBP	Dem	apoe_excluded	rs36117336	rs36117336	3	153732232	FALSE	0.147	0.0198	-0.00598452	0.0113911	55.11937557392101
DBP	Dem	apoe_excluded	rs78809139	rs78809139	3	154674943	FALSE	0.2281	0.0288	0.0122266	0.0181128	62.72860001929013
DBP	Dem	apoe_excluded	rs78151625	rs78151625	3	158316726	FALSE	0.1869	0.0233	0.00407385	0.0125689	64.3438081379285
DBP	Dem	apoe_excluded	rs2242338	rs2242338	3	168854925	FALSE	0.3463	0.0331	0.0069001	0.0208632	109.45837478664855
DBP	Dem	apoe_excluded	rs223102	rs223102	3	169100755	FALSE	0.2759	0.0173	-0.0011243	0.0103542	254.33796652076578
DBP	Dem	apoe_excluded	rs7611674	rs7611674	3	179169230	FALSE	0.1576	0.0223	-0.00689842	0.0158241	49.94622855878862
DBP	Dem	apoe_excluded	rs6779368	rs6779368	3	185298868	FALSE	0.1791	0.0184	0.0113955	0.0110344	94.74483104914935
DBP	Dem	apoe_excluded	rs147501096	rs147501096	3	186180253	FALSE	0.1955	0.0341	-0.00245622	0.0174076	32.86886937676835
DBP	Dem	apoe_excluded	rs4244200	rs4244200	3	196226059	FALSE	0.1215	0.0193	0.0252566	0.0112412	39.63126526886627
DBP	Dem	apoe_excluded	rs6777317	rs6777317	3	197070959	FALSE	0.1249	0.0195	-0.0111741	0.0108496	41.025667324128854
DBP	Dem	apoe_excluded	rs61789369	rs61789369	4	2265295	FALSE	0.3039	0.0436	0.00270863	0.0215694	48.58345783183234
DBP	Dem	apoe_excluded	rs16896276	rs16896276	4	18015156	FALSE	0.1309	0.0198	-0.00172129	0.010931	43.70679012345677
DBP	Dem	apoe_excluded	rs28667801	rs28667801	4	26785356	FALSE	0.1622	0.018	0.00572761	0.0102616	81.20012345679015
DBP	Dem	apoe_excluded	rs11721984	rs11721984	4	38343935	FALSE	0.1409	0.0177	0.0147787	0.0106753	63.36879568450956
DBP	Dem	apoe_excluded	rs62301873	rs62301873	4	40603821	FALSE	0.1734	0.0284	-0.0430342	0.0145053	37.27876413410037
DBP	Dem	apoe_excluded	rs11945489	rs11945489	4	56463775	FALSE	0.1392	0.0192	-0.0166046	0.0109213	52.5625
DBP	Dem	apoe_excluded	rs13152154	rs13152154	4	77417756	FALSE	0.1186	0.0195	-0.0036058	0.0112396	36.99134779750164
DBP	Dem	apoe_excluded	rs12509595	rs12509595	4	81182554	FALSE	0.4972	0.0192	0.0069859	0.0110714	670.5941840277779
DBP	Dem	apoe_excluded	rs72976750	rs72976750	4	86725684	FALSE	0.1718	0.0251	0.0120462	0.0146095	46.84884366914811
DBP	Dem	apoe_excluded	rs4699835	rs4699835	4	95329727	FALSE	0.0963	0.0175	-0.0102303	0.0102203	30.281436734693866
DBP	Dem	apoe_excluded	rs13107325	rs13107325	4	103188709	FALSE	0.6747	0.0339	-0.0469113	0.0440181	396.11567076513427
DBP	Dem	apoe_excluded	rs12503341	rs12503341	4	106925311	FALSE	0.2993	0.0462	-0.0424159	0.0511104	41.96908322557674
DBP	Dem	apoe_excluded	rs4245929	rs4245929	4	109038407	FALSE	0.12	0.0181	0.0140138	0.0103728	43.95470223741643
DBP	Dem	apoe_excluded	rs13118687	rs13118687	4	111406496	FALSE	0.1496	0.0175	0.0109622	0.0102581	73.07807346938775
DBP	Dem	apoe_excluded	rs66887589	rs66887589	4	120509279	FALSE	0.161	0.0174	-0.00119789	0.0102494	85.61566917690583
DBP	Dem	apoe_excluded	rs9286351	rs9286351	4	138441530	FALSE	0.1412	0.0177	0.00229351	0.0102376	63.638928788023875
DBP	Dem	apoe_excluded	rs72719149	rs72719149	4	144043336	FALSE	0.1279	0.0186	0.0240984	0.0113373	47.28410798936295
DBP	Dem	apoe_excluded	rs13124515	rs13124515	4	145403713	FALSE	0.1052	0.0187	0.00852742	0.0114491	31.64814550030026
DBP	Dem	apoe_excluded	rs1842896	rs1842896	4	156511459	FALSE	0.158	0.0174	0.00208131	0.0103585	82.45474963667594
DBP	Dem	apoe_excluded	rs13139571	rs13139571	4	156645513	FALSE	0.2408	0.0203	-0.0307882	0.0120715	140.70868014268729
DBP	Dem	apoe_excluded	rs1425486	rs1425486	4	157683685	FALSE	0.1331	0.0187	0.00905715	0.0118645	50.660899653979236
DBP	Dem	apoe_excluded	rs10069690	rs10069690	5	1279790	FALSE	0.1615	0.021	-0.00294362	0.0111848	59.14342403628117
DBP	Dem	apoe_excluded	rs4645335	rs4645335	5	3704761	FALSE	0.1142	0.0185	0.00463491	0.0105436	38.105595325054786
DBP	Dem	apoe_excluded	rs2921604	rs2921604	5	14867948	FALSE	0.096	0.0176	-0.00356078	0.0103761	29.752066115702476
DBP	Dem	apoe_excluded	rs1177764	rs1177764	5	32829975	FALSE	0.3067	0.0177	0.00934033	0.010339	300.2486194899294
DBP	Dem	apoe_excluded	rs10941043	rs10941043	5	33194751	FALSE	0.1269	0.019	-0.00704938	0.0112344	44.60833795013852
DBP	Dem	apoe_excluded	rs7737851	rs7737851	5	42415845	FALSE	0.1256	0.022	0.00904381	0.0172781	32.593719008264465
DBP	Dem	apoe_excluded	rs6875967	rs6875967	5	50878292	FALSE	0.1344	0.0181	-0.00619184	0.0107465	55.136778486615164
DBP	Dem	apoe_excluded	rs10054208	rs10054208	5	55688992	FALSE	0.1187	0.0185	0.00933952	0.0105383	41.16783053323595
DBP	Dem	apoe_excluded	rs12515541	rs12515541	5	57095011	FALSE	0.1156	0.0177	0.00781301	0.0106297	42.65492036132656
DBP	Dem	apoe_excluded	rs1848510	rs1848510	5	57754005	FALSE	0.1256	0.0181	-0.00386992	0.0110948	48.152864686670114
DBP	Dem	apoe_excluded	rs10062049	rs10062049	5	61553881	FALSE	0.2208	0.0255	-0.00765282	0.0145687	74.97522491349483
DBP	Dem	apoe_excluded	rs2307111	rs2307111	5	75003678	FALSE	0.1742	0.0178	0.0125254	0.0103431	95.77591213230652
DBP	Dem	apoe_excluded	rs4704514	rs4704514	5	77820081	FALSE	0.1087	0.0193	-0.00604257	0.0111159	31.72082472012671
DBP	Dem	apoe_excluded	rs62380354	rs62380354	5	89484911	FALSE	0.1825	0.0291	-0.0109508	0.0160809	39.331432080395835
DBP	Dem	apoe_excluded	rs13355146	rs13355146	5	92023661	FALSE	0.1224	0.0178	-0.00121968	0.0107581	47.28493877035728
DBP	Dem	apoe_excluded	rs55770741	rs55770741	5	96220087	FALSE	0.1281	0.0175	0.00778573	0.0104296	53.58239999999998
DBP	Dem	apoe_excluded	rs1871190	rs1871190	5	97953719	FALSE	0.10780000000000001	0.0186	-0.0205125	0.0104067	33.5901260261302
DBP	Dem	apoe_excluded	rs9326869	rs9326869	5	112349070	FALSE	0.1096	0.02	0.0113965	0.0111145	30.030400000000004
DBP	Dem	apoe_excluded	rs369625	rs369625	5	122560787	FALSE	0.1053	0.0178	-0.0106178	0.010379	34.995865421032704
DBP	Dem	apoe_excluded	rs1582931	rs1582931	5	122657199	FALSE	0.2161	0.0175	0.0190956	0.0102299	152.48721632653059
DBP	Dem	apoe_excluded	rs17677603	rs17677603	5	127857493	FALSE	0.2	0.0178	0.00363296	0.0108283	126.24668602449188
DBP	Dem	apoe_excluded	rs55747751	rs55747751	5	132397351	FALSE	0.2239	0.0331	0.0016529	0.0222856	45.75643705333103
DBP	Dem	apoe_excluded	rs4912840	rs4912840	5	141662480	FALSE	0.1485	0.0245	-0.00567241	0.0128854	36.73844231570178
DBP	Dem	apoe_excluded	rs3776299	rs3776299	5	142507651	FALSE	0.1266	0.0175	-7.00886e-4	0.0102652	52.33488979591835
DBP	Dem	apoe_excluded	rs78909293	rs78909293	5	148335250	FALSE	0.321	0.0429	0.0134502	0.0373534	55.98806787617976
DBP	Dem	apoe_excluded	rs3117736	rs3117736	5	157462999	FALSE	0.2374	0.0196	0.0022844	0.0122231	146.7064764681383
DBP	Dem	apoe_excluded	rs11960210	rs11960210	5	157817634	FALSE	0.2474	0.018	-0.00480466	0.0107419	188.90975308641978
DBP	Dem	apoe_excluded	rs13358657	rs13358657	5	157938070	FALSE	0.224	0.0255	0.0274574	0.015616	77.16416762783547
DBP	Dem	apoe_excluded	rs6556384	rs6556384	5	158418952	FALSE	0.152	0.0221	-0.0014296	0.0129892	47.30451874449744
DBP	Dem	apoe_excluded	rs114503346	rs114503346	5	172192350	FALSE	0.2678	0.0426	0.0144983	0.0300614	39.518636073089546
DBP	Dem	apoe_excluded	rs55993676	rs55993676	5	173303392	FALSE	0.2097	0.0191	0.00786902	0.010437	120.53970560017545
DBP	Dem	apoe_excluded	rs2569882	rs2569882	6	1620147	FALSE	0.1199	0.0182	0.00109363	0.0105958	43.4005856780582
DBP	Dem	apoe_excluded	rs9406076	rs9406076	6	8023804	FALSE	0.101	0.0185	-0.0210961	0.0105192	29.805697589481376
DBP	Dem	apoe_excluded	rs35261542	rs35261542	6	20675792	FALSE	0.1196	0.0195	-0.0160276	0.0108397	37.617777777777775
DBP	Dem	apoe_excluded	rs6934891	rs6934891	6	22139729	FALSE	0.1275	0.0177	0.0361423	0.0103355	51.888825050272914
DBP	Dem	apoe_excluded	rs2744133	rs2744133	6	22392260	FALSE	0.1435	0.0193	0.00330666	0.0114823	55.28269215280945
DBP	Dem	apoe_excluded	rs9467545	rs9467545	6	25638464	FALSE	0.2545	0.0237	-0.0224919	0.0145513	115.31316206448399
DBP	Dem	apoe_excluded	rs198851	rs198851	6	26104632	FALSE	0.3889	0.0244	-0.0133756	0.0163818	254.0365661112604
DBP	Dem	apoe_excluded	rs1265157	rs1265157	6	31142265	FALSE	0.1444	0.0187	0.00764029	0.0106508	59.62812777031084
DBP	Dem	apoe_excluded	rs440454	rs440454	6	31927342	FALSE	0.2602	0.0192	2.31602e-5	0.0113697	183.65896267361111
DBP	Dem	apoe_excluded	rs115447786	rs115447786	6	34354073	FALSE	0.2904	0.0455	-0.0372504	0.0341493	40.735254196353104
DBP	Dem	apoe_excluded	rs6905288	rs6905288	6	43758873	FALSE	0.1759	0.0179	0.00342371	0.0103584	96.56630567085922
DBP	Dem	apoe_excluded	rs881858	rs881858	6	43806609	FALSE	0.1553	0.0191	-0.00238448	0.0110062	66.1113730435021
DBP	Dem	apoe_excluded	rs2397060	rs2397060	6	51611470	FALSE	0.161	0.0251	0.00359594	0.0136672	41.14379136839097
DBP	Dem	apoe_excluded	rs1114347	rs1114347	6	51834297	FALSE	0.1792	0.0173	0.0157874	0.0102874	107.2960673594173
DBP	Dem	apoe_excluded	rs62413546	rs62413546	6	56012664	FALSE	0.1877	0.032	0.0214116	0.0153667	34.405556640624994
DBP	Dem	apoe_excluded	rs504691	rs504691	6	72206620	FALSE	0.1177	0.0177	0.0183685	0.0103892	44.21874301765137
DBP	Dem	apoe_excluded	rs1984195	rs1984195	6	79657391	FALSE	0.1736	0.0173	-0.0092316	0.0102652	100.6948444652344
DBP	Dem	apoe_excluded	rs16875357	rs16875357	6	85652904	FALSE	0.1205	0.0203	-0.00852737	0.0118121	35.2356281394841
DBP	Dem	apoe_excluded	rs3798293	rs3798293	6	97033370	FALSE	0.1328	0.021	0.0100455	0.0131311	39.99056689342403
DBP	Dem	apoe_excluded	rs72613227	rs72613227	6	106320771	FALSE	0.1884	0.0285	0.00506466	0.0158926	43.69905817174515
DBP	Dem	apoe_excluded	rs7767235	rs7767235	6	116185900	FALSE	0.1181	0.0182	-0.0137857	0.0124487	42.10726361550536
DBP	Dem	apoe_excluded	rs509067	rs509067	6	117462040	FALSE	0.1436	0.0175	-0.00615672	0.0104257	67.33374693877549
DBP	Dem	apoe_excluded	rs11153730	rs11153730	6	118667522	FALSE	0.1551	0.0173	0.00207248	0.0102504	80.37692539008987
DBP	Dem	apoe_excluded	rs76785130	rs76785130	6	121813835	FALSE	0.4285	0.0662	-0.0162567	0.0727693	41.89726499393032
DBP	Dem	apoe_excluded	rs13215166	rs13215166	6	127164360	FALSE	0.3094	0.0174	0.00305344	0.0102278	316.1856255780156
DBP	Dem	apoe_excluded	rs9399137	rs9399137	6	135419018	FALSE	0.1148	0.0197	0.00383255	0.010826	33.95872091525162
DBP	Dem	apoe_excluded	rs636202	rs636202	6	139843583	FALSE	0.1023	0.0174	0.0105526	0.0102321	34.56629013079667
DBP	Dem	apoe_excluded	rs9791312	rs9791312	6	143142313	FALSE	0.1225	0.0184	-0.0144208	0.0107234	44.32375354442344
DBP	Dem	apoe_excluded	rs62434124	rs62434124	6	150999751	FALSE	0.4853	0.0338	-0.00195528	0.0165915	206.15182416582056
DBP	Dem	apoe_excluded	rs9478282	rs9478282	6	152398669	FALSE	0.1994	0.0279	0.0240236	0.0130915	51.07894297349725
DBP	Dem	apoe_excluded	rs9365555	rs9365555	6	163757127	FALSE	0.1254	0.0187	0.0037139	0.0112654	44.96885813148789
DBP	Dem	apoe_excluded	rs11961593	rs11961593	6	166164137	FALSE	0.3158	0.0349	0.0243062	0.0203855	81.87916355366542
DBP	Dem	apoe_excluded	rs1322639	rs1322639	6	169587103	FALSE	0.1584	0.0209	-0.0041736	0.0115531	57.44044321329642
DBP	Dem	apoe_excluded	rs73033340	rs73033340	7	1195692	FALSE	0.5312	0.0525	0.0284909	0.0182887	102.37585124716553
DBP	Dem	apoe_excluded	rs6959688	rs6959688	7	1966831	FALSE	0.1269	0.0178	0.00197936	0.0104818	50.825684888271695
DBP	Dem	apoe_excluded	rs2906152	rs2906152	7	2523003	FALSE	0.1873	0.0181	0.0134842	0.0109112	107.0824761148927
DBP	Dem	apoe_excluded	rs5010183	rs5010183	7	7286198	FALSE	0.1195	0.018	0.0122666	0.0106198	44.07484567901235
DBP	Dem	apoe_excluded	rs13240040	rs13240040	7	14375977	FALSE	0.1186	0.019	0.00118817	0.011064	38.963878116343494
DBP	Dem	apoe_excluded	rs17432462	rs17432462	7	18548613	FALSE	0.1036	0.0179	-0.00851661	0.0106349	33.497581224056674
DBP	Dem	apoe_excluded	rs4507656	rs4507656	7	22156538	FALSE	0.1487	0.0199	0.0055643	0.0105869	55.83619100527764
DBP	Dem	apoe_excluded	rs4722548	rs4722548	7	25961519	FALSE	0.1346	0.0176	0.00466985	0.0105061	58.48773243801652
DBP	Dem	apoe_excluded	rs3735533	rs3735533	7	27245893	FALSE	0.487	0.0331	-0.0138667	0.0174713	216.47210229917582
DBP	Dem	apoe_excluded	rs6961048	rs6961048	7	27328187	FALSE	0.2729	0.0286	-0.0114705	0.0149506	91.04896327448775
DBP	Dem	apoe_excluded	rs342977	rs342977	7	35459888	FALSE	0.1577	0.0205	-0.00472635	0.0138418	59.17737061273051
DBP	Dem	apoe_excluded	rs2854746	rs2854746	7	45960645	FALSE	0.113	0.018	-0.00119625	0.0107201	39.4104938271605
DBP	Dem	apoe_excluded	rs17454517	rs17454517	7	50915776	FALSE	0.1216	0.0174	-0.00595424	0.0103744	48.83921257761924
DBP	Dem	apoe_excluded	rs1178979	rs1178979	7	72856430	FALSE	0.1504	0.0221	0.022472	0.0133936	46.31387563727196
DBP	Dem	apoe_excluded	rs3807101	rs3807101	7	80393418	FALSE	0.1743	0.0265	-0.00413771	0.0147892	43.26164471342116
DBP	Dem	apoe_excluded	rs1449596	rs1449596	7	96395096	FALSE	0.1085	0.0181	-0.00602412	0.0105881	35.93373218155734
DBP	Dem	apoe_excluded	rs7788746	rs7788746	7	99612405	FALSE	0.1644	0.0183	-0.0215651	0.0108608	80.70518677774793
DBP	Dem	apoe_excluded	rs4556017	rs4556017	7	100632790	FALSE	0.1601	0.0247	0.00289679	0.0133727	42.013489812978406
DBP	Dem	apoe_excluded	rs2191046	rs2191046	7	107834075	FALSE	0.1184	0.0197	-0.0199871	0.0116152	36.12193048004329
DBP	Dem	apoe_excluded	rs11556924	rs11556924	7	129663496	FALSE	0.181	0.0181	-0.00369419	0.0108738	99.99999999999997
DBP	Dem	apoe_excluded	rs13237249	rs13237249	7	131151783	FALSE	0.1366	0.0177	8.36089e-4	0.0103662	59.560024258674076
DBP	Dem	apoe_excluded	rs75511781	rs75511781	7	131323710	FALSE	0.3721	0.047	-0.0212584	0.019126400000000002	62.67922589406972
DBP	Dem	apoe_excluded	rs7800558	rs7800558	7	140242661	FALSE	0.096	0.0175	-0.0139456	0.0103081	30.093061224489787
DBP	Dem	apoe_excluded	rs1044608	rs1044608	7	150502016	FALSE	0.2018	0.0339	-0.00837128	0.0153287	35.43585593581678
DBP	Dem	apoe_excluded	rs3918226	rs3918226	7	150690176	FALSE	0.6117	0.0329	-0.00514818	0.0200996	345.688685433431
DBP	Dem	apoe_excluded	rs4726006	rs4726006	7	150878803	FALSE	0.1339	0.02	-0.00487883	0.0123834	44.823024999999994
DBP	Dem	apoe_excluded	rs6464165	rs6464165	7	151413124	FALSE	0.217	0.0195	-0.00164089	0.0122047	123.83694937541091
DBP	Dem	apoe_excluded	rs9638084	rs9638084	7	156311745	FALSE	0.1154	0.0178	-7.02219e-6	0.0102225	42.03118293144805
DBP	Dem	apoe_excluded	rs2442618	rs2442618	8	6379832	FALSE	0.1315	0.0177	-0.0108649	0.0103685	55.19566535797504
DBP	Dem	apoe_excluded	rs35091929	rs35091929	8	10693492	FALSE	0.1828	0.0177	0.00436553	0.0102738	106.6610488684605
DBP	Dem	apoe_excluded	rs62503324	rs62503324	8	23400615	FALSE	0.2033	0.0204	-0.0146313	0.0115819	99.31490292195308
DBP	Dem	apoe_excluded	rs951914	rs951914	8	25878995	FALSE	0.1904	0.0193	-0.0271781	0.0107538	97.32384762007032
DBP	Dem	apoe_excluded	rs17832905	rs17832905	8	26038759	FALSE	0.1923	0.0346	0.0122443	0.0208292	30.889179391225902
DBP	Dem	apoe_excluded	rs17321041	rs17321041	8	26445194	FALSE	0.2313	0.0363	0.00337675	0.0209222	40.601120142066804
DBP	Dem	apoe_excluded	rs1906672	rs1906672	8	38130025	FALSE	0.1402	0.0205	0.00843405	0.0133128	46.77225461035097
DBP	Dem	apoe_excluded	rs10087280	rs10087280	8	49391836	FALSE	0.1381	0.0232	0.00895069	0.0148168	35.43328255053509
DBP	Dem	apoe_excluded	rs4873492	rs4873492	8	51947549	FALSE	0.1401	0.0231	0.019892	0.013783	36.78343734187891
DBP	Dem	apoe_excluded	rs11778153	rs11778153	8	64503942	FALSE	0.1192	0.0182	-0.0168325	0.0120613	42.895302499698104
DBP	Dem	apoe_excluded	rs6983239	rs6983239	8	72507296	FALSE	0.1159	0.0211	-0.00326581	0.0130673	30.17185148581568
DBP	Dem	apoe_excluded	rs148401029	rs148401029	8	81386066	FALSE	0.3122	0.0486	0.0277435	0.032493	41.26608409964605
DBP	Dem	apoe_excluded	rs56345595	rs56345595	8	82814156	FALSE	0.1329	0.0177	-0.0103423	0.0102644	56.37719046251077
DBP	Dem	apoe_excluded	rs73276406	rs73276406	8	96021760	FALSE	0.1564	0.0246	-0.0389148	0.0138048	40.42064908453963
DBP	Dem	apoe_excluded	rs2978098	rs2978098	8	101676675	FALSE	0.1548	0.0176	-0.00224067	0.010318	77.36002066115702
DBP	Dem	apoe_excluded	rs142449193	rs142449193	8	102750597	FALSE	0.2573	0.0426	0.0288424	0.0343321	36.480465736516116
DBP	Dem	apoe_excluded	rs2957468	rs2957468	8	106325360	FALSE	0.1377	0.0185	0.00355626	0.0121096	55.4018699780862
DBP	Dem	apoe_excluded	rs722783	rs722783	8	120442287	FALSE	0.2093	0.0208	-0.0275556	0.0135602	101.25390625000004
DBP	Dem	apoe_excluded	rs9918907	rs9918907	8	124816862	FALSE	0.1188	0.021	0.00693109	0.0125163	32.003265306122444
DBP	Dem	apoe_excluded	rs7012891	rs7012891	8	126514676	FALSE	0.1391	0.0205	0.0133284	0.0133235	46.04118976799524
DBP	Dem	apoe_excluded	rs4909314	rs4909314	8	135623798	FALSE	0.1339	0.0177	0.00289229	0.0102071	57.228797599668034
DBP	Dem	apoe_excluded	rs4074812	rs4074812	8	141883529	FALSE	0.1336	0.0175	-0.00215646	0.0102374	58.282318367346925
DBP	Dem	apoe_excluded	rs3802230	rs3802230	8	143992864	FALSE	0.1605	0.0174	-0.00502859	0.0103088	85.08472057074913
DBP	Dem	apoe_excluded	rs12337056	rs12337056	9	628670	FALSE	0.1364	0.0228	0.00786363	0.0144139	35.78978147122191
DBP	Dem	apoe_excluded	rs12216886	rs12216886	9	2493751	FALSE	0.1292	0.0221	-0.0312832	0.0132475	34.1775147928994
DBP	Dem	apoe_excluded	rs1332812	rs1332812	9	9350986	FALSE	0.1145	0.0181	0.00433701	0.0110573	40.017856597783954
DBP	Dem	apoe_excluded	rs4615669	rs4615669	9	21818674	FALSE	0.114	0.0174	0.013499	0.0102702	42.92508917954817
DBP	Dem	apoe_excluded	rs1243876	rs1243876	9	35693104	FALSE	0.1063	0.019	0.00342432	0.0110382	31.30108033240998
DBP	Dem	apoe_excluded	rs76452347	rs76452347	9	35906471	FALSE	0.2246	0.0229	0.00482748	0.0134406	96.19412291909
DBP	Dem	apoe_excluded	rs11141731	rs11141731	9	89888472	FALSE	0.1258	0.0207	0.00810962	0.012366	36.9335107003664
DBP	Dem	apoe_excluded	rs4743021	rs4743021	9	109414561	FALSE	0.108	0.0194	-0.0119722	0.0108273	30.991603783611435
DBP	Dem	apoe_excluded	rs10980408	rs10980408	9	113249071	FALSE	0.3745	0.0477	-0.00737194	0.0457043	61.64060405486773
DBP	Dem	apoe_excluded	rs10759697	rs10759697	9	117172307	FALSE	0.1308	0.0173	0.0042798	0.0102241	57.16408834241038
DBP	Dem	apoe_excluded	rs2133386	rs2133386	9	128173838	FALSE	0.1322	0.0176	-0.00998158	0.0102447	56.420583677685954
DBP	Dem	apoe_excluded	rs507666	rs992108547	9	136149399	FALSE	0.2854	0.0223	0.01246	0.012754	163.79408393492727
DBP	Dem	apoe_excluded	rs6271	rs6271	9	136522274	FALSE	0.4313	0.0352	-0.0260154	0.0205765	150.13211034349172
DBP	Dem	apoe_excluded	rs11145807	rs11145807	9	139520789	FALSE	0.155	0.0184	-4.84944e-4	0.0104617	70.96231096408319
DBP	Dem	apoe_excluded	rs11252324	rs11252324	10	4124568	FALSE	0.2339	0.0328	0.0177749	0.0233933	50.85255242415227
DBP	Dem	apoe_excluded	rs6602177	rs6602177	10	17167141	FALSE	0.1203	0.0207	-0.00736809	0.0112279	33.77462717916404
DBP	Dem	apoe_excluded	rs1623474	rs1623474	10	18471794	FALSE	0.2234	0.0184	0.00903229	0.0109903	147.4112712665406
DBP	Dem	apoe_excluded	rs12258967	rs12258967	10	18727959	FALSE	0.354	0.0193	0.027504	0.0123594	336.4278235657332
DBP	Dem	apoe_excluded	rs11596400	rs11596400	10	28245420	FALSE	0.1278	0.0174	1.27736e-4	0.0103469	53.94649227110583
DBP	Dem	apoe_excluded	rs1265842	rs1265842	10	28924901	FALSE	0.1113	0.0174	-0.00244287	0.0103781	40.91587395957195
DBP	Dem	apoe_excluded	rs2487926	rs2487926	10	30300787	FALSE	0.0972	0.0176	-0.00947525	0.0104057	30.500516528925615
DBP	Dem	apoe_excluded	rs3006583	rs3006583	10	31280845	FALSE	0.1303	0.0222	0.0264484	0.0161794	34.44949679409138
DBP	Dem	apoe_excluded	rs4948643	rs4948643	10	45379759	FALSE	0.1591	0.0194	0.00235043	0.0106775	67.25690827930704
DBP	Dem	apoe_excluded	rs72831343	rs72831343	10	63515681	FALSE	0.4936	0.0248	0.0262545	0.0168462	396.13839750260144
DBP	Dem	apoe_excluded	rs2236295	rs2236295	10	64564892	FALSE	0.207	0.0177	-0.0179278	0.010645	136.771042803792
DBP	Dem	apoe_excluded	rs35506078	rs35506078	10	65210552	FALSE	0.1348	0.0183	-8.52871e-4	0.0107036	54.2597270745618
DBP	Dem	apoe_excluded	rs12247028	rs12247028	10	75410052	FALSE	0.1396	0.0188	-0.0301253	0.0103912	55.13852421910367
DBP	Dem	apoe_excluded	rs11187838	rs11187838	10	96038686	FALSE	0.2781	0.0174	0.0121641	0.0108145	255.44857312722954
DBP	Dem	apoe_excluded	rs1006545	rs1006545	10	102553647	FALSE	0.3633	0.0275	-0.0319338	0.0212062	174.52811900826447
DBP	Dem	apoe_excluded	rs11190746	rs11190746	10	102663565	FALSE	0.11	0.0175	-0.011079	0.0103006	39.51020408163265
DBP	Dem	apoe_excluded	rs12414028	rs12414028	10	104957629	FALSE	0.5141	0.0313	-0.0391798	0.0179249	269.7780012044626
DBP	Dem	apoe_excluded	rs4918065	rs4918065	10	105617578	FALSE	0.1327	0.0201	-0.00855542	0.0108975	43.586272617014444
DBP	Dem	apoe_excluded	rs117464403	rs117464403	10	107158054	FALSE	0.4537	0.0682	-0.0275396	0.033413	44.255658706065475
DBP	Dem	apoe_excluded	rs2484294	rs2484294	10	115792062	FALSE	0.3165	0.0196	0.00873449	0.0117141	260.7565857975844
DBP	Dem	apoe_excluded	rs72842207	rs72842207	10	121433675	FALSE	0.2112	0.0211	-0.00169306	0.012339899999999999	100.18966330495722
DBP	Dem	apoe_excluded	rs11592107	rs11592107	10	122968964	FALSE	0.1203	0.0187	-0.00698337	0.0112192	41.385484286081955
DBP	Dem	apoe_excluded	rs10490923	rs10490923	10	124214251	FALSE	0.1533	0.0262	0.0212165	0.0179452	34.23589825767728
DBP	Dem	apoe_excluded	rs9419374	rs9419374	10	133729749	FALSE	0.1164	0.0185	-0.0149248	0.0104378	39.587903579254935
DBP	Dem	apoe_excluded	rs1133400	rs1133400	10	134459388	FALSE	0.1318	0.0215	0.00447642	0.0136111	37.579751216873994
DBP	Dem	apoe_excluded	rs28570096	rs28570096	11	1616088	FALSE	0.1396	0.0188	-0.00893157	0.0114762	55.13852421910367
DBP	Dem	apoe_excluded	rs79889784	rs79889784	11	1702117	FALSE	0.3941	0.0717	0.061667	0.0624818	30.211657903592567
DBP	Dem	apoe_excluded	rs569550	rs569550	11	1887068	FALSE	0.2688	0.0181	0.0137281	0.0103544	220.54711394646066
DBP	Dem	apoe_excluded	rs147081004	rs147081004	11	1919980	FALSE	0.1411	0.0257	0.0107292	0.0139956	30.143090735665947
DBP	Dem	apoe_excluded	rs360153	rs360153	11	9762274	FALSE	0.2198	0.0175	-0.00779487	0.0110478	157.75359999999998
DBP	Dem	apoe_excluded	rs7107711	rs7107711	11	13255538	FALSE	0.1263	0.021	0.00495429	0.0123109	36.171632653061216
DBP	Dem	apoe_excluded	rs4756782	rs4756782	11	14254606	FALSE	0.1551	0.0234	0.0085142	0.0131554	43.93310322156476
DBP	Dem	apoe_excluded	rs10832586	rs10832586	11	16304089	FALSE	0.3083	0.0216	-3.84846e-4	0.0143429	203.72275805898494
DBP	Dem	apoe_excluded	rs7926335	rs7926335	11	16917869	FALSE	0.1804	0.0195	0.00281517	0.0118402	85.58621959237345
DBP	Dem	apoe_excluded	rs10500932	rs10500932	11	22501446	FALSE	0.2784	0.0333	-0.00563678	0.0164984	69.89562535508479
DBP	Dem	apoe_excluded	rs962369	rs962369	11	27734420	FALSE	0.1684	0.0189	-0.0108682	0.01084	79.38904285994232
DBP	Dem	apoe_excluded	rs7933758	rs7933758	11	31000774	FALSE	0.1138	0.0191	0.0223888	0.0112007	35.49913653682739
DBP	Dem	apoe_excluded	rs10838702	rs10838702	11	47410888	FALSE	0.2375	0.0178	0.0144828	0.0111832	178.02755333922485
DBP	Dem	apoe_excluded	rs751984	rs751984	11	61278246	FALSE	0.3937	0.0275	-0.0147457	0.0135883	204.95826776859505
DBP	Dem	apoe_excluded	rs35927325	rs35927325	11	63882495	FALSE	0.2221	0.0364	-0.0314985	0.0174989	37.23011260717304
DBP	Dem	apoe_excluded	rs2306363	rs2306363	11	65405600	FALSE	0.2643	0.0216	0.00242816	0.0138244	149.72241512345673
DBP	Dem	apoe_excluded	rs11228613	rs11228613	11	69068492	FALSE	0.1741	0.0212	0.00303771	0.0115492	67.44128248487006
DBP	Dem	apoe_excluded	rs504217	rs504217	11	72006086	FALSE	0.2745	0.0335	0.00104967	0.0167447	67.14212519492092
DBP	Dem	apoe_excluded	rs7115331	rs7115331	11	76218590	FALSE	0.1266	0.0192	0.010382	0.0118055	43.4775390625
DBP	Dem	apoe_excluded	rs11021221	rs11021221	11	95308854	FALSE	0.1877	0.0233	0.0190262	0.0141073	64.8958168321391
DBP	Dem	apoe_excluded	rs61909958	rs61909958	11	96151677	FALSE	0.1275	0.0228	0.0175721	0.0151686	31.271641274238227
DBP	Dem	apoe_excluded	rs604723	rs604723	11	100610546	FALSE	0.3848	0.0194	0.00378503	0.0116431	393.4292698480177
DBP	Dem	apoe_excluded	rs66682451	rs66682451	11	107097540	FALSE	0.1348	0.0194	0.00745611	0.0128106	48.28100754596663
DBP	Dem	apoe_excluded	rs7106104	rs7106104	11	111635655	FALSE	0.1186	0.0193	0.0122161	0.0114283	37.76198018738758
DBP	Dem	apoe_excluded	rs12790943	rs12790943	11	120058623	FALSE	0.1002	0.0175	0.0128128	0.0105788	32.783804081632645
DBP	Dem	apoe_excluded	rs12574332	rs12574332	11	122521123	FALSE	0.2072	0.0266	0.0150998	0.01431	60.67590027700832
DBP	Dem	apoe_excluded	rs4936099	rs4936099	11	130280725	FALSE	0.1745	0.0178	-0.00561215	0.010484	96.10607877793205
DBP	Dem	apoe_excluded	rs55935819	rs55935819	12	2521579	FALSE	0.1271	0.0181	0.0126394	0.0105788	49.30988065077376
DBP	Dem	apoe_excluded	rs7971147	rs7971147	12	19669330	FALSE	0.1187	0.0177	-0.0198104	0.0102255	44.97331545852085
DBP	Dem	apoe_excluded	rs4306343	rs4306343	12	20190630	FALSE	0.317	0.0193	0.0281193	0.0131774	269.77636983543175
DBP	Dem	apoe_excluded	rs6487076	rs6487076	12	20470857	FALSE	0.174	0.0209	0.00303499	0.0135489	69.3116000091573
DBP	Dem	apoe_excluded	rs12229480	rs12229480	12	26472908	FALSE	0.1359	0.0193	-0.00628314	0.0114864	49.58202904775966
DBP	Dem	apoe_excluded	rs1669907	rs1669907	12	42777933	FALSE	0.1158	0.0191	-0.011989	0.0110773	36.757873961788334
DBP	Dem	apoe_excluded	rs61917655	rs61917655	12	48210787	FALSE	0.2246	0.0297	-0.0198777	0.0173888	57.18822342391366
DBP	Dem	apoe_excluded	rs7967705	rs7967705	12	50511408	FALSE	0.2694	0.0178	-0.00289304	0.0105758	229.06312334301222
DBP	Dem	apoe_excluded	rs7306947	rs7306947	12	53385046	FALSE	0.205	0.0342	-0.0206365	0.022737	35.929858759960325
DBP	Dem	apoe_excluded	rs6580970	rs6580970	12	54434277	FALSE	0.1661	0.0191	0.00368708	0.0104775	75.62624379814152
DBP	Dem	apoe_excluded	rs6581101	rs6581101	12	57136374	FALSE	0.1261	0.0179	0.00156406	0.0106436	49.62769576480134
DBP	Dem	apoe_excluded	rs7959649	rs7959649	12	67783108	FALSE	0.1166	0.0202	-0.0198778	0.0119316	33.31918439368689
DBP	Dem	apoe_excluded	rs521033	rs521033	12	69951428	FALSE	0.1802	0.0253	-0.0389565	0.0177031	50.730428533487476
DBP	Dem	apoe_excluded	rs710698	rs710698	12	70369918	FALSE	0.1059	0.0176	0.00273428	0.0107696	36.20483600206611
DBP	Dem	apoe_excluded	rs2681485	rs2681485	12	90025622	FALSE	0.2945	0.0176	0.0147337	0.0112456	279.99176782024784
DBP	Dem	apoe_excluded	rs11112548	rs11112548	12	105871914	FALSE	0.2742	0.0443	-0.0197273	0.0241835	38.311349357194175
DBP	Dem	apoe_excluded	rs116063464	rs116063464	12	109860182	FALSE	0.2017	0.0369	-0.0142542	0.0257893	29.878518812288387
DBP	Dem	apoe_excluded	rs7137828	rs7137828	12	111932800	FALSE	0.5027	0.0176	0.00460608	0.0103888	815.81640625
DBP	Dem	apoe_excluded	rs35443	rs35443	12	115552878	FALSE	0.2661	0.0178	0.0327545	0.0106201	223.48570256280775
DBP	Dem	apoe_excluded	rs6490019	rs6490019	12	115920472	FALSE	0.1778	0.0178	0.0114414	0.0111437	99.77540714556244
DBP	Dem	apoe_excluded	rs1790123	rs1790123	12	123659542	FALSE	0.1991	0.0218	-0.00837979	0.013484	83.41219173470247
DBP	Dem	apoe_excluded	rs2271139	rs2271139	12	124839540	FALSE	0.1247	0.0192	0.0117243	0.0107194	42.18231879340279
DBP	Dem	apoe_excluded	rs682681	rs682681	13	22294062	FALSE	0.1454	0.0185	0.00222374	0.0105184	61.77110299488679
DBP	Dem	apoe_excluded	rs61948065	rs61948065	13	25255052	FALSE	0.1737	0.027	0.0228945	0.0153911	41.38777777777778
DBP	Dem	apoe_excluded	rs9508495	rs9508495	13	30146201	FALSE	0.1944	0.0204	0.0123375	0.0106487	90.80968858131484
DBP	Dem	apoe_excluded	rs56256111	rs56256111	13	41478963	FALSE	0.1926	0.0263	-0.0189934	0.0139557	53.629169136462856
DBP	Dem	apoe_excluded	rs7992292	rs7992292	13	41968013	FALSE	0.1367	0.0231	0.00951557	0.0143974	35.01975225351848
DBP	Dem	apoe_excluded	rs9526707	rs9526707	13	51489186	FALSE	0.1217	0.0186	0.0235677	0.0109349	42.81098970979305
DBP	Dem	apoe_excluded	rs9563529	rs9563529	13	58316637	FALSE	0.1222	0.0215	0.0117192	0.0120649	32.30468361276366
DBP	Dem	apoe_excluded	rs3861113	rs3861113	13	72364382	FALSE	0.2126	0.0322	0.0062234	0.0172469	43.59280120365727
DBP	Dem	apoe_excluded	rs12866098	rs12866098	13	73119617	FALSE	0.1033	0.0186	-0.0112892	0.011163	30.844288357035506
DBP	Dem	apoe_excluded	rs1215469	rs1215469	13	80707408	FALSE	0.1383	0.0211	0.0158837	0.0134852	42.96150131398666
DBP	Dem	apoe_excluded	rs55684003	rs55684003	13	97988689	FALSE	0.122	0.0189	0.00877118	0.0121438	41.6673665350914
DBP	Dem	apoe_excluded	rs675605	rs675605	13	110873556	FALSE	0.1205	0.0196	0.0121249	0.0121417	37.79740212411495
DBP	Dem	apoe_excluded	rs7990017	rs7990017	13	110959705	FALSE	0.1039	0.0185	0.0186641	0.0102734	31.541884587290003
DBP	Dem	apoe_excluded	rs7491960	rs7491960	13	114470370	FALSE	0.1288	0.018	-0.0188821	0.0102624	51.20197530864198
DBP	Dem	apoe_excluded	rs7321688	rs7321688	13	115000365	FALSE	0.1507	0.0205	0.0168871	0.0120901	54.04042831647828
DBP	Dem	apoe_excluded	rs7350752	rs7350752	14	21841154	FALSE	0.1504	0.0268	0.0236255	0.015456	31.49387391401203
DBP	Dem	apoe_excluded	rs17880989	rs17880989	14	23313633	FALSE	0.4014	0.0591	-0.0485726	0.0334308	46.12960911128861
DBP	Dem	apoe_excluded	rs1950500	rs1950500	14	24830850	FALSE	0.1396	0.019	-0.00170472	0.0113453	53.98382271468145
DBP	Dem	apoe_excluded	rs4424827	rs4424827	14	35110857	FALSE	0.0981	0.0175	0.00277573	0.0106868	31.424032653061225
DBP	Dem	apoe_excluded	rs7155504	rs7155504	14	36158828	FALSE	0.2286	0.0317	0.0722583	0.0283205	52.00366209236832
DBP	Dem	apoe_excluded	rs72683923	rs72683923	14	50735947	FALSE	0.5325	0.0635	0.0138192	0.0485152	70.32209064418127
DBP	Dem	apoe_excluded	rs35413927	rs35413927	14	53420358	FALSE	0.1274	0.0189	-0.0125716	0.0116033	45.43758573388204
DBP	Dem	apoe_excluded	rs12148044	rs12148044	14	69214219	FALSE	0.1371	0.023	0.0159551	0.0138342	35.53196597353498
DBP	Dem	apoe_excluded	rs227426	rs227426	14	70456664	FALSE	0.1119	0.0175	0.0185093	0.0105394	40.88688979591836
DBP	Dem	apoe_excluded	rs2239268	rs2239268	14	72469591	FALSE	0.1097	0.019	-0.00558493	0.0110495	33.335429362880895
DBP	Dem	apoe_excluded	rs4903064	rs4903064	14	73279420	FALSE	0.1543	0.0206	0.0220886	0.0136906	56.10446319162974
DBP	Dem	apoe_excluded	rs8014182	rs8014182	14	103859962	FALSE	0.1942	0.0257	0.0213199	0.0153777	57.09948674468956
DBP	Dem	apoe_excluded	rs10873612	rs10873612	15	26105602	FALSE	0.1096	0.0179	0.0151198	0.0107798	37.48996598108673
DBP	Dem	apoe_excluded	rs11070245	rs11070245	15	40317792	FALSE	0.1287	0.0174	0.00125529	0.0102201	54.70897740784782
DBP	Dem	apoe_excluded	rs2925345	rs2925345	15	41311799	FALSE	0.189	0.0174	0.00805904	0.0107126	117.98454221165281
DBP	Dem	apoe_excluded	rs17678552	rs17678552	15	42066190	FALSE	0.1649	0.0182	0.0174976	0.0104484	82.09156502837821
DBP	Dem	apoe_excluded	rs7169864	rs7169864	15	53902901	FALSE	0.1132	0.0205	0.0224107	0.0116704	30.491945270672215
DBP	Dem	apoe_excluded	rs28429256	rs28429256	15	66931617	FALSE	0.1636	0.0188	-0.00194418	0.0104588	75.72702580353099
DBP	Dem	apoe_excluded	rs2469141	rs2469141	15	66967398	FALSE	0.1351	0.0238	-0.0139142	0.0142012	32.22231833910034
DBP	Dem	apoe_excluded	rs3743111	rs3743111	15	71587373	FALSE	0.1517	0.0178	-0.00651034	0.0105783	72.63252745865422
DBP	Dem	apoe_excluded	rs11636952	rs11636952	15	75114322	FALSE	0.3997	0.0189	-0.0395413	0.0104978	447.244170096022
DBP	Dem	apoe_excluded	rs57708073	rs57708073	15	79066653	FALSE	0.1907	0.0214	0.0114145	0.0106322	79.40975194340119
DBP	Dem	apoe_excluded	rs2627313	rs2627313	15	81006712	FALSE	0.151	0.0175	0.0103258	0.010429	74.45224489795918
DBP	Dem	apoe_excluded	rs77032376	rs77032376	15	90010780	FALSE	0.173	0.0249	0.00751802	0.0126904	48.27180206770859
DBP	Dem	apoe_excluded	rs4932373	rs4932373	15	91429287	FALSE	0.3664	0.0189	0.0276258	0.011586	375.8264326306654
DBP	Dem	apoe_excluded	rs3743369	rs3743369	15	92707569	FALSE	0.104	0.0179	0.00962901	0.0104034	33.75674916513218
DBP	Dem	apoe_excluded	rs12906962	rs12906962	15	95312071	FALSE	0.2378	0.0188	-0.00110998	0.0104849	159.9955862381168
DBP	Dem	apoe_excluded	rs2589218	rs2589218	15	96785017	FALSE	0.1207	0.0196	0.00643294	0.0122614	37.92297480216577
DBP	Dem	apoe_excluded	rs12596630	rs12596630	16	2065666	FALSE	0.2606	0.0314	-0.00943655	0.0223767	68.87942715728833
DBP	Dem	apoe_excluded	rs917522	rs917522	16	4097222	FALSE	0.1665	0.0273	-0.0180898	0.0156792	37.19659461417703
DBP	Dem	apoe_excluded	rs12446456	rs12446456	16	4922201	FALSE	0.181	0.0175	-0.00768915	0.0104377	106.97469387755099
DBP	Dem	apoe_excluded	rs77924615	rs77924615	16	20392332	FALSE	0.3163	0.0224	-0.0216324	0.0123814	199.3895288584184
DBP	Dem	apoe_excluded	rs9937801	rs9937801	16	21088130	FALSE	0.1554	0.0174	-0.0138798	0.0105338	79.76337693222358
DBP	Dem	apoe_excluded	rs80095680	rs80095680	16	30902353	FALSE	0.1566	0.0198	-0.0220237	0.011287	62.55371900826445
DBP	Dem	apoe_excluded	rs7192407	rs7192407	16	49783926	FALSE	0.1019	0.0174	-0.00275726	0.0102519	34.29650548289075
DBP	Dem	apoe_excluded	rs62030049	rs62030049	16	50572709	FALSE	0.1336	0.0209	-0.00153672	0.0109456	40.86206817609487
DBP	Dem	apoe_excluded	rs9932220	rs9932220	16	51758116	FALSE	0.1591	0.021	0.0025917	0.0123136	57.39866213151926
DBP	Dem	apoe_excluded	rs12919839	rs12919839	16	56859216	FALSE	0.1098	0.0192	0.0100843	0.0107939	32.7041015625
DBP	Dem	apoe_excluded	rs45474499	rs45474499	16	66914492	FALSE	0.3562	0.0415	0.0204298	0.0210927	73.67016402961242
DBP	Dem	apoe_excluded	rs28544928	rs28544928	16	69329268	FALSE	0.1543	0.0199	0.0206253	0.0120345	60.120931289613885
DBP	Dem	apoe_excluded	rs12444212	rs12444212	16	71437689	FALSE	0.1291	0.0226	-0.0142067	0.0134984	32.63139243480304
DBP	Dem	apoe_excluded	rs11859505	rs11859505	16	74195719	FALSE	0.1037	0.0181	-0.00555816	0.0104106	32.82466957663075
DBP	Dem	apoe_excluded	rs8046697	rs8046697	16	75442144	FALSE	0.1289	0.0179	0.00981043	0.0103273	51.85609063387535
DBP	Dem	apoe_excluded	rs12929303	rs12929303	16	81602264	FALSE	0.1572	0.0174	-0.0144495	0.0103472	81.62187871581452
DBP	Dem	apoe_excluded	rs79286081	rs79286081	16	86555837	FALSE	0.1631	0.0299	0.0134609	0.0258607	29.755383049406603
DBP	Dem	apoe_excluded	rs908951	rs908951	16	89697625	FALSE	0.1983	0.0181	-0.0245646	0.0104546	120.02957785171391
DBP	Dem	apoe_excluded	rs4362428	rs4362428	17	2090341	FALSE	0.1127	0.0176	0.0149384	0.0105292	41.00364798553718
DBP	Dem	apoe_excluded	rs12601936	rs12601936	17	7172609	FALSE	0.1429	0.0178	-0.0202529	0.0105498	64.45022724403485
DBP	Dem	apoe_excluded	rs138420351	rs138420351	17	7700063	FALSE	0.5568	0.0854	0.00562907	0.0268622	42.50917846310789
DBP	Dem	apoe_excluded	rs74439044	rs74439044	17	7781019	FALSE	0.3496	0.0294	-0.0139669	0.0140303	141.39960201767786
DBP	Dem	apoe_excluded	rs12949537	rs12949537	17	16240488	FALSE	0.1197	0.0177	0.0194995	0.0102473	45.73427176098822
DBP	Dem	apoe_excluded	rs1043809	rs1043809	17	19239432	FALSE	0.159	0.0223	0.0425923	0.0127298	50.8375394638943
DBP	Dem	apoe_excluded	rs76954792	rs76954792	17	30033514	FALSE	0.1213	0.0208	-0.00134662	0.0117008	34.00908376479291
DBP	Dem	apoe_excluded	rs28661492	rs28661492	17	30609932	FALSE	0.1359	0.0222	-0.0199806	0.0121131	37.474251278305324
DBP	Dem	apoe_excluded	rs2239917	rs2239917	17	43165887	FALSE	0.1731	0.0176	-0.00549914	0.0102644	96.73169550619832
DBP	Dem	apoe_excluded	rs62064603	rs62064603	17	43484496	FALSE	0.1335	0.0229	0.0806036	0.0234541	33.985335901298605
DBP	Dem	apoe_excluded	rs3916033	rs3916033	17	44889703	FALSE	0.1233	0.0185	0.010228	0.0102599	44.42042366691016
DBP	Dem	apoe_excluded	rs8081301	rs8081301	17	47039302	FALSE	0.1278	0.0197	0.0263532	0.0117785	42.085186425829065
DBP	Dem	apoe_excluded	rs9889262	rs9889262	17	47398070	FALSE	0.2283	0.018	0.0376508	0.0103135	160.86694444444444
DBP	Dem	apoe_excluded	rs3785837	rs3785837	17	59468942	FALSE	0.1453	0.0213	-0.00707126	0.0118551	46.53417531794839
DBP	Dem	apoe_excluded	rs6504163	rs6504163	17	61545779	FALSE	0.1842	0.0183	-0.0599102	0.0105165	101.31577532921256
DBP	Dem	apoe_excluded	rs1867624	rs1867624	17	62387091	FALSE	0.1412	0.0178	0.0138558	0.0103122	62.925893195303615
DBP	Dem	apoe_excluded	rs1436138	rs1436138	17	75316880	FALSE	0.1991	0.0182	-0.00142361	0.0107286	119.6739826107958
DBP	Dem	apoe_excluded	rs7217916	rs7217916	17	76769434	FALSE	0.1111	0.0179	-0.0153124	0.0111089	38.52317343403764
DBP	Dem	apoe_excluded	rs11077961	rs11077961	17	81012749	FALSE	0.1073	0.0186	-0.0115551	0.0103092	33.27925193664008
DBP	Dem	apoe_excluded	rs7227492	rs7227492	18	772064	FALSE	0.181	0.0227	0.0246243	0.0150787	63.5777911467329
DBP	Dem	apoe_excluded	rs1903752	rs1903752	18	7129327	FALSE	0.0987	0.0178	-0.0143208	0.0102671	30.746401969448304
DBP	Dem	apoe_excluded	rs4410190	rs4410190	18	20020200	FALSE	0.1068	0.0176	-0.0107554	0.010225	36.8228305785124
DBP	Dem	apoe_excluded	rs10164193	rs10164193	18	31161426	FALSE	0.2196	0.0327	0.0144143	0.022061	45.099234071206126
DBP	Dem	apoe_excluded	rs11661473	rs11661473	18	42177123	FALSE	0.2007	0.0196	0.00266101	0.0110254	104.85342044981259
DBP	Dem	apoe_excluded	rs58693787	rs58693787	18	48141710	FALSE	0.1584	0.0202	-0.0030054	0.0109731	61.49044211351829
DBP	Dem	apoe_excluded	rs4102481	rs4102481	18	51774715	FALSE	0.1248	0.019	-0.0104167	0.0105618	43.14415512465374
DBP	Dem	apoe_excluded	rs2062011	rs2062011	18	60876114	FALSE	0.1138	0.0209	0.00222092	0.0107815	29.647764474256544
DBP	Dem	apoe_excluded	rs4891258	rs4891258	18	72995537	FALSE	0.1159	0.0187	-0.00857203	0.011141	38.41348051131001
DBP	Dem	apoe_excluded	rs10424224	rs10424224	19	7240481	FALSE	0.1042	0.0182	0.00746836	0.0111496	32.77877067986958
DBP	Dem	apoe_excluded	rs7258382	rs7258382	19	7262569	FALSE	0.2624	0.0248	-5.77079e-4	0.0181264	111.95005202913634
DBP	Dem	apoe_excluded	rs2009733	rs2009733	19	8398714	FALSE	0.1217	0.0176	0.002295	0.0101597	47.8140818698347
DBP	Dem	apoe_excluded	rs387865	rs387865	19	11284539	FALSE	0.1059	0.0191	0.0031039	0.0105045	30.741509278802667
DBP	Dem	apoe_excluded	rs167479	rs167479	19	11526765	FALSE	0.362	0.0188	0.00982397	0.0103313	370.76731552738795
DBP	Dem	apoe_excluded	rs1077795	rs1077795	19	17222584	FALSE	0.1987	0.0199	0.0114171	0.0123572	99.69871972929974
DBP	Dem	apoe_excluded	rs72999033	rs72999033	19	19366632	FALSE	0.2793	0.0358	0.0399327	0.020913	60.866148060297746
DBP	Dem	apoe_excluded	rs7257694	rs7257694	19	30314666	FALSE	0.1837	0.0178	0.0158741	0.0103373	106.50703825274586
DBP	Dem	apoe_excluded	rs8108717	rs8108717	19	31911914	FALSE	0.1323	0.0179	0.0020812	0.0101987	54.62778939483786
DBP	Dem	apoe_excluded	rs2548459	rs2548459	19	49209339	FALSE	0.132	0.0176	-0.0187076	0.0103038	56.25
DBP	Dem	apoe_excluded	rs73046792	rs73046792	19	49605705	FALSE	0.1518	0.0245	0.0207072	0.0162232	38.389404414827155
DBP	Dem	apoe_excluded	rs6108168	rs6108168	20	8626271	FALSE	0.1901	0.0199	0.00369078	0.0121782	91.2552965834196
DBP	Dem	apoe_excluded	rs693974	rs693974	20	10557252	FALSE	0.1847	0.0177	0.00587544	0.0102675	108.88981454882058
DBP	Dem	apoe_excluded	rs1327235	rs1327235	20	10969030	FALSE	0.3018	0.0173	0.00872227	0.0103055	304.33105015202653
DBP	Dem	apoe_excluded	rs6078393	rs6078393	20	11908101	FALSE	0.1205	0.0176	-0.00325376	0.0103512	46.87580707644627
DBP	Dem	apoe_excluded	rs4814837	rs4814837	20	19241680	FALSE	0.1003	0.0184	0.0146308	0.0114089	29.714349007561438
DBP	Dem	apoe_excluded	rs7265695	rs7265695	20	40043096	FALSE	0.1967	0.0219	-0.0049631400000000004	0.0113456	80.67156648109925
DBP	Dem	apoe_excluded	rs6031431	rs6031431	20	42795152	FALSE	0.1153	0.0175	-0.00190182	0.0102252	43.40927346938775
DBP	Dem	apoe_excluded	rs2598	rs2598	20	47241618	FALSE	0.1387	0.0175	0.00370564	0.0103652	62.81694693877549
DBP	Dem	apoe_excluded	rs79044887	rs79044887	20	47427831	FALSE	0.2427	0.0245	-0.0101814	0.0178675	98.1312619741774
DBP	Dem	apoe_excluded	rs234623	rs234623	20	57488964	FALSE	0.1191	0.0174	-0.00251985	0.0104687	46.851664684898935
DBP	Dem	apoe_excluded	rs6026739	rs6026739	20	57739469	FALSE	0.5032	0.0266	0.00685381	0.0136474	357.8639832664367
DBP	Dem	apoe_excluded	rs79208229	rs79208229	20	62516236	FALSE	0.2128	0.0326	-0.0119289	0.0130355	42.609657871956045
DBP	Dem	apoe_excluded	rs35213536	rs35213536	20	62694319	FALSE	0.2044	0.0205	-0.0195504	0.0117399	99.41549077929804
DBP	Dem	apoe_excluded	rs1882961	rs1882961	21	16556367	FALSE	0.1272	0.0188	-0.00350236	0.0105134	45.77818017202354
DBP	Dem	apoe_excluded	rs1003763	rs1003763	21	40073020	FALSE	0.1484	0.0203	-0.0174204	0.0112871	53.44114149821642
DBP	Dem	apoe_excluded	rs12627514	rs12627514	21	44759440	FALSE	0.2164	0.0196	0.00158802	0.0109742	121.89962515618495
DBP	Dem	apoe_excluded	rs5992929	rs5992929	22	18451977	FALSE	0.1684	0.0193	0.018033	0.011816	76.13240623909365
DBP	Dem	apoe_excluded	rs2294239	rs2294239	22	29449477	FALSE	0.1458	0.0176	-0.00505857	0.0104661	68.62616219008267
DBP	Dem	apoe_excluded	rs5753630	rs5753630	22	31861950	FALSE	0.107	0.0175	0.0280442	0.0102706	37.38448979591836
SBP	Dem	all_ivs	rs2072927	rs2072927	1	1684800	FALSE	0.3378	0.0314	-0.0162967	0.0102623	115.7337417339446
SBP	Dem	all_ivs	rs263532	rs263532	1	2164116	FALSE	0.1798	0.0307	0.00863668	0.0102475	34.30067162516312
SBP	Dem	all_ivs	rs2493296	rs2493296	1	3327032	FALSE	0.4183	0.0442	-2.63443e-4	0.0164268	89.56352756905059
SBP	Dem	all_ivs	rs2232460	rs2232460	1	6659505	FALSE	0.2171	0.032	-0.022926	0.0113937	46.027744140624996
SBP	Dem	all_ivs	rs488834	rs488834	1	10767902	FALSE	0.3799	0.0365	0.0179865	0.0118748	108.33102645899797
SBP	Dem	all_ivs	rs6699618	rs6699618	1	11881441	FALSE	0.9115	0.041	-0.0131391	0.0144718	494.2488102320047
SBP	Dem	all_ivs	rs75461554	rs75461554	1	15810172	FALSE	0.3016	0.0377	-0.0358293	0.0124528	64
SBP	Dem	all_ivs	rs1889785	rs1889785	1	16348729	FALSE	0.1782	0.0304	-0.0236596	0.0104111	34.36119286703601
SBP	Dem	all_ivs	rs404100	rs404100	1	25366987	FALSE	0.1935	0.0303	-0.0321764	0.0102415	40.78276639545143
SBP	Dem	all_ivs	rs34079867	rs34079867	1	27407850	FALSE	0.1992	0.0354	-0.0126489	0.0111881	31.66446423441539
SBP	Dem	all_ivs	rs4908348	rs4908348	1	28706949	FALSE	0.2366	0.033	-0.0172385	0.0106357	51.40455463728191
SBP	Dem	all_ivs	rs11210029	rs11210029	1	41865293	FALSE	0.203	0.0313	-0.00278709	0.0104564	42.06330573957068
SBP	Dem	all_ivs	rs1408945	rs1408945	1	42364877	FALSE	0.3196	0.0304	-0.0152786	0.0103833	110.5264889196676
SBP	Dem	all_ivs	rs1209384	rs1209384	1	43765089	FALSE	0.2558	0.0313	0.00722655	0.0107384	66.79014790392881
SBP	Dem	all_ivs	rs778124	rs778124	1	56606206	FALSE	0.2965	0.0311	0.0365467	0.0109167	90.89261897623061
SBP	Dem	all_ivs	rs61772592	rs61772592	1	56979681	FALSE	0.3181	0.0455	0.015889	0.0136784	48.87700036227509
SBP	Dem	all_ivs	rs12063372	rs12063372	1	59621911	FALSE	0.1989	0.0318	-0.0243506	0.0105474	39.12148451406194
SBP	Dem	all_ivs	rs12136922	rs12136922	1	67007389	FALSE	0.2027	0.0304	0.00146915	0.0102726	44.459065529778385
SBP	Dem	all_ivs	rs658780	rs658780	1	78555928	FALSE	0.2028	0.0347	0.0104414	0.0123673	34.15678230032639
SBP	Dem	all_ivs	rs786923	rs786923	1	89242954	FALSE	0.3082	0.031	-0.032307	0.0112976	98.84208116545264
SBP	Dem	all_ivs	rs7514579	rs7514579	1	94051350	FALSE	0.2243	0.0361	-0.0257413	0.0125929	38.60505214048388
SBP	Dem	all_ivs	rs10776752	rs10776752	1	113044328	FALSE	0.8211	0.0576	0.013028	0.0136133	203.21096462673611
SBP	Dem	all_ivs	rs59980837	rs59980837	1	115827266	FALSE	1.0997	0.1163	-0.0897921	0.0464086	89.41060234265312
SBP	Dem	all_ivs	rs11204684	rs11204684	1	150608894	FALSE	0.1716	0.0305	-0.0134518	0.0102813	31.65445847890352
SBP	Dem	all_ivs	rs76719272	rs76719272	1	156129796	FALSE	0.2738	0.0461	0.0146313	0.0150534	35.27483872182042
SBP	Dem	all_ivs	rs12731646	rs12731646	1	169090660	FALSE	0.189	0.0307	-0.00392236	0.0103334	37.90066738108627
SBP	Dem	all_ivs	rs1043069	rs1043069	1	180859368	FALSE	0.234	0.0311	0.0204896	0.0103563	56.61231790407461
SBP	Dem	all_ivs	rs4651224	rs4651224	1	184585182	FALSE	0.1986	0.0306	-0.00983594	0.0102419	42.122645136485964
SBP	Dem	all_ivs	rs12042924	rs12042924	1	197297417	FALSE	0.1807	0.0303	-0.009062	0.0102609	35.565674389221094
SBP	Dem	all_ivs	rs11120093	rs11120093	1	207211326	FALSE	0.1792	0.0307	-0.0296911	0.0104058	34.072128086239644
SBP	Dem	all_ivs	rs2724377	rs2724377	1	207974818	FALSE	0.1938	0.0301	-0.00874158	0.010234	41.45477422986502
SBP	Dem	all_ivs	rs7555285	rs7555285	1	209970355	FALSE	0.2294	0.0376	0.0130788	0.0119972	37.222979855138064
SBP	Dem	all_ivs	rs68085857	rs68085857	1	217737629	FALSE	0.274	0.0357	-0.00467925	0.0120368	58.90669993487592
SBP	Dem	all_ivs	rs4595370	rs4595370	1	221298122	FALSE	0.2092	0.0328	-0.0111963	0.0109906	40.67950624628196
SBP	Dem	all_ivs	rs1745417	rs1745417	1	228204279	FALSE	0.2871	0.0301	0.00158468	0.0102961	90.97737331817534
SBP	Dem	all_ivs	rs699	rs699	1	230845794	FALSE	0.3748	0.0308	-0.0042557	0.010321	148.08045201551695
SBP	Dem	all_ivs	rs1565440	rs1565440	1	243387788	FALSE	0.1746	0.0311	-0.00150868	0.0106193	31.518656754996332
SBP	Dem	all_ivs	rs4926499	rs4926499	1	249155909	FALSE	0.2965	0.0438	-0.0124126	0.012901	45.82486290944726
SBP	Dem	all_ivs	rs17760259	rs17760259	2	19744462	FALSE	0.2654	0.0304	0.00174585	0.0102789	76.21749480609421
SBP	Dem	all_ivs	rs2384063	rs2384063	2	25187115	FALSE	0.3266	0.0357	-0.0131488	0.0118665	83.69430909618748
SBP	Dem	all_ivs	rs1275988	rs1275988	2	26914364	FALSE	0.541	0.0308	5.76579e-4	0.0102661	308.52694383538545
SBP	Dem	all_ivs	rs13420463	rs13420463	2	37517566	FALSE	0.3143	0.036	-0.0325631	0.0124086	76.22260030864199
SBP	Dem	all_ivs	rs4952609	rs4952609	2	40555733	FALSE	0.2124	0.0347	0.00343265	0.0109596	37.46709963540931
SBP	Dem	all_ivs	rs115262049	rs115262049	2	43196694	FALSE	0.5893	0.0552	0.0269539	0.0192536	113.97109653959254
SBP	Dem	all_ivs	rs12464602	rs12464602	2	43397614	FALSE	0.2437	0.0315	-0.0154719	0.010428	59.85355505165029
SBP	Dem	all_ivs	rs13016772	rs13016772	2	55779476	FALSE	0.2522	0.0355	0.00865839	0.013045	50.47001785360048
SBP	Dem	all_ivs	rs2249105	rs2249105	2	65287896	FALSE	0.2927	0.0313	0.00920246	0.0108575	87.44938705100594
SBP	Dem	all_ivs	rs10188003	rs10188003	2	66773469	FALSE	0.1883	0.0307	-0.00546993	0.0103814	37.6204415961973
SBP	Dem	all_ivs	rs6731373	rs6731373	2	68503044	FALSE	0.1913	0.0326	0.0051225	0.0123	34.43457600963529
SBP	Dem	all_ivs	rs6732123	rs6732123	2	69534650	FALSE	0.1737	0.0307	-0.00790155	0.0105287	32.01274284077284
SBP	Dem	all_ivs	rs4577304	rs4577304	2	73403040	FALSE	0.1767	0.0302	0.00828669	0.0102714	34.234123503355114
SBP	Dem	all_ivs	rs72847885	rs72847885	2	86326717	FALSE	0.2413	0.0318	-0.0033600600000000002	0.0107549	57.578507574858584
SBP	Dem	all_ivs	rs10207726	rs10207726	2	112744260	FALSE	0.2142	0.033	-0.00859392	0.0102936	42.13190082644627
SBP	Dem	all_ivs	rs6737318	rs6737318	2	114083120	FALSE	0.2348	0.0364	-0.00595145	0.012421	41.60958821398382
SBP	Dem	all_ivs	rs2580350	rs2580350	2	121996007	FALSE	0.1769	0.0307	-2.95195e-4	0.0103753	33.20312151853069
SBP	Dem	all_ivs	rs17257081	rs17257081	2	135630498	FALSE	0.2274	0.0392	-0.0335811	0.0121975	33.651837775926694
SBP	Dem	all_ivs	rs55944332	rs55944332	2	145726621	FALSE	0.2613	0.0355	0.013637	0.0117274	54.17789327514382
SBP	Dem	all_ivs	rs62170470	rs62170470	2	146989797	FALSE	0.1972	0.0321	0.0106133	0.0103068	37.74016168321348
SBP	Dem	all_ivs	rs55732192	rs55732192	2	162278233	FALSE	0.3358	0.0521	0.00212046	0.0153574	41.54185992536131
SBP	Dem	all_ivs	rs268263	rs268263	2	164954174	FALSE	0.5938	0.0353	-0.018928	0.0126218	282.96386296334936
SBP	Dem	all_ivs	rs10048760	rs10048760	2	174977976	FALSE	0.1862	0.0301	-0.00477209	0.0102643	38.2671714440238
SBP	Dem	all_ivs	rs71421551	rs71421551	2	177053298	FALSE	0.2374	0.0333	0.010993	0.011774	50.824482139797446
SBP	Dem	all_ivs	rs4893914	rs4893914	2	177539076	FALSE	0.1736	0.0304	0.00609547	0.0104363	32.6101108033241
SBP	Dem	all_ivs	rs4894132	rs4894132	2	180738654	FALSE	0.2469	0.0342	5.76765e-4	0.0113321	52.118267159125885
SBP	Dem	all_ivs	rs12473915	rs12473915	2	182987704	FALSE	0.295	0.0375	0.0134237	0.0145801	61.88444444444444
SBP	Dem	all_ivs	rs13412750	rs13412750	2	191634958	FALSE	0.2889	0.0341	-0.0180041	0.0135757	71.77716909899297
SBP	Dem	all_ivs	rs2043444	rs2043444	2	204143126	FALSE	0.2435	0.031	-0.0141087	0.0102169	61.698491155046824
SBP	Dem	all_ivs	rs4675682	rs4675682	2	208402750	FALSE	0.2837	0.0303	0.00474943	0.0101944	87.66644882310013
SBP	Dem	all_ivs	rs12694277	rs12694277	2	213188795	FALSE	0.2018	0.0335	-0.0158307	0.0113207	36.287137447092896
SBP	Dem	all_ivs	rs2161967	rs2161967	2	218680529	FALSE	0.2836	0.0307	0.0112403	0.0102642	85.33667200713006
SBP	Dem	all_ivs	rs10804330	rs10804330	2	227185749	FALSE	0.2351	0.0306	0.0107419	0.0102964	59.02858943141527
SBP	Dem	all_ivs	rs1044822	rs1044822	2	230629138	FALSE	0.248	0.0424	-0.0162542	0.0160861	34.21146315414738
SBP	Dem	all_ivs	rs3754944	rs3754944	2	231279616	FALSE	0.1768	0.0308	-7.95184e-4	0.0103503	32.95058188564683
SBP	Dem	all_ivs	rs139354822	rs139354822	2	242344695	FALSE	0.6115	0.0975	-0.0111726	0.0249252	39.33541091387245
SBP	Dem	all_ivs	rs9848170	rs9848170	3	11495983	FALSE	0.3231	0.0307	0.00232534	0.01024	110.76362613926936
SBP	Dem	all_ivs	rs11925504	rs11925504	3	14943965	FALSE	0.2901	0.0305	0.00724592	0.010263	90.46816447191617
SBP	Dem	all_ivs	rs189267552	rs189267552	3	20073193	FALSE	0.8664	0.139	-0.0205628	0.031919	38.85145489363904
SBP	Dem	all_ivs	rs2643826	rs2643826	3	27562988	FALSE	0.4473	0.0306	0.0157077	0.0104267	213.67560553633217
SBP	Dem	all_ivs	rs68115553	rs68115553	3	27704702	FALSE	0.6445	0.1143	0.0262538	0.0324847	31.79460124352347
SBP	Dem	all_ivs	rs743395	rs743395	3	37598382	FALSE	0.2597	0.0317	-0.0113224	0.0104185	67.11589328185174
SBP	Dem	all_ivs	rs6788984	rs6788984	3	41107173	FALSE	0.2999	0.0432	-0.0263277	0.0194913	48.19316379458161
SBP	Dem	all_ivs	rs1052501	rs1052501	3	41925398	FALSE	0.2262	0.0412	0.0129396	0.0127544	30.143298143086064
SBP	Dem	all_ivs	rs6771917	rs6771917	3	48108442	FALSE	0.3793	0.0355	4.52472e-4	0.0127506	114.15869073596514
SBP	Dem	all_ivs	rs7615099	rs7615099	3	53143901	FALSE	0.1891	0.0321	0.0148001	0.0109343	34.70347725662601
SBP	Dem	all_ivs	rs6445583	rs6445583	3	53562894	FALSE	0.2774	0.0349	-0.00728419	0.0118162	63.17744517696899
SBP	Dem	all_ivs	rs3772219	rs3772219	3	56771251	FALSE	0.2733	0.0324	0.00413956	0.011306	71.15234910836763
SBP	Dem	all_ivs	rs7618284	rs7618284	3	66422246	FALSE	0.1891	0.0331	-0.028061	0.0120282	32.63826544116976
SBP	Dem	all_ivs	rs4499560	rs4499560	3	70920485	FALSE	0.2199	0.0326	-0.0234163	0.0112781	45.500404606872685
SBP	Dem	all_ivs	rs1375564	rs1375564	3	85656311	FALSE	0.2579	0.0315	-0.015967	0.0113845	67.0319072814311
SBP	Dem	all_ivs	rs12637573	rs12637573	3	121682388	FALSE	0.1731	0.0302	-0.00766782	0.0102134	32.853394587956664
SBP	Dem	all_ivs	rs6438857	rs6438857	3	124557643	FALSE	0.2736	0.0305	0.0209156	0.0102977	80.46972319269014
SBP	Dem	all_ivs	rs9880098	rs9880098	3	133949366	FALSE	0.3081	0.0308	-0.0310843	0.0102334	100.0649456063417
SBP	Dem	all_ivs	rs1199330	rs1199330	3	138101529	FALSE	0.2654	0.047	0.00835574	0.0163916	31.88644635581712
SBP	Dem	all_ivs	rs9876694	rs9876694	3	141152017	FALSE	0.4713	0.0651	0.00772272	0.0237015	52.41226188706491
SBP	Dem	all_ivs	rs4408839	rs4408839	3	153729768	FALSE	0.2301	0.0345	-0.00653271	0.011393	44.48310018903591
SBP	Dem	all_ivs	rs79539362	rs79539362	3	154680449	FALSE	0.4003	0.0504	0.012706	0.0181067	63.082675894431844
SBP	Dem	all_ivs	rs17684859	rs17684859	3	158213841	FALSE	0.2241	0.034	7.57595e-4	0.0114865	43.44360726643598
SBP	Dem	all_ivs	rs3980686	rs3980686	3	168697602	FALSE	0.4998	0.0487	0.00594463	0.0186709	105.32575505230449
SBP	Dem	all_ivs	rs1290784	rs1290784	3	169096900	FALSE	0.4124	0.0303	0.00291601	0.0103999	185.24737226197865
SBP	Dem	all_ivs	rs2111557	rs2111557	3	169325621	FALSE	0.1764	0.0302	-0.00510142	0.0102069	34.117977281698174
SBP	Dem	all_ivs	rs4955575	rs4955575	3	169534538	FALSE	0.2158	0.0348	-0.0415118	0.0111425	38.454254194741715
SBP	Dem	all_ivs	rs13091418	rs13091418	3	185329756	FALSE	0.2234	0.0325	0.0116996	0.011043	47.24976094674555
SBP	Dem	all_ivs	rs9869437	rs9869437	3	196228360	FALSE	0.2001	0.0318	0.0266223	0.010965	39.59496262014951
SBP	Dem	all_ivs	rs34535756	rs34535756	4	2246927	FALSE	0.478	0.0786	-0.00838271	0.0283832	36.983729256906805
SBP	Dem	all_ivs	rs1290933	rs1290933	4	2668217	FALSE	0.2847	0.0327	0.0107507	0.0115905	75.80178436158573
SBP	Dem	all_ivs	rs2498323	rs2498323	4	3451109	FALSE	0.3171	0.0517	-0.00357531	0.0204898	37.61935956960443
SBP	Dem	all_ivs	rs2610990	rs2610990	4	18008232	FALSE	0.2903	0.0343	-0.00167862	0.0109295	71.63179457538953
SBP	Dem	all_ivs	rs55924432	rs55924432	4	26812737	FALSE	0.2651	0.0317	0.00335183	0.010258	69.93602284827196
SBP	Dem	all_ivs	rs2291434	rs2291434	4	38387244	FALSE	0.2622	0.0303	0.0132517	0.0103145	74.8824625036761
SBP	Dem	all_ivs	rs12511987	rs12511987	4	46595623	FALSE	0.2329	0.0399	0.026085	0.0134064	34.07165155997764
SBP	Dem	all_ivs	rs62309747	rs62309747	4	48713862	FALSE	0.2244	0.0304	0.00185509	0.010223	54.48770775623267
SBP	Dem	all_ivs	rs60991988	rs60991988	4	54801228	FALSE	0.3789	0.0498	-0.00654224	0.0175377	57.88826389896938
SBP	Dem	all_ivs	rs13107261	rs13107261	4	63768826	FALSE	0.1778	0.0314	-0.0123366	0.0107833	32.063004584364485
SBP	Dem	all_ivs	rs5020545	rs5020545	4	77414988	FALSE	0.2179	0.0305	-1.72519e-4	0.0103752	51.04048374092987
SBP	Dem	all_ivs	rs12509595	rs12509595	4	81182554	FALSE	0.8367	0.0334	0.0069859	0.0110714	627.5475008067698
SBP	Dem	all_ivs	rs6823199	rs6823199	4	83925895	FALSE	0.2094	0.0348	-0.00848393	0.0118378	36.20719381688467
SBP	Dem	all_ivs	rs17010957	rs17010957	4	86719165	FALSE	0.534	0.043	0.0149991	0.0142988	154.22174148188216
SBP	Dem	all_ivs	rs13149209	rs13149209	4	89750668	FALSE	0.281	0.0367	2.04734e-4	0.0109014	58.62468353020662
SBP	Dem	all_ivs	rs13107325	rs13107325	4	103188709	FALSE	0.9086	0.0592	-0.0469113	0.0440181	235.56027437910882
SBP	Dem	all_ivs	rs11097909	rs11097909	4	106911321	FALSE	0.3628	0.043	0.00727655	0.0166683	71.18650081124935
SBP	Dem	all_ivs	rs1493132	rs1493132	4	108861082	FALSE	0.1766	0.0318	0.00954166	0.0104495	30.840908191922786
SBP	Dem	all_ivs	rs1814951	rs1814951	4	111408718	FALSE	0.3231	0.0466	-0.00550814	0.0129871	48.073094917939166
SBP	Dem	all_ivs	rs2389873	rs2389873	4	120554714	FALSE	0.1972	0.0303	-1.343e-4	0.0102351	42.35732880218714
SBP	Dem	all_ivs	rs7439567	rs7439567	4	138464842	FALSE	0.2537	0.0309	0.00263827	0.0102581	67.40994543417014
SBP	Dem	all_ivs	rs72719160	rs72719160	4	144051276	FALSE	0.2243	0.0324	0.0220939	0.0113258	47.92570682822741
SBP	Dem	all_ivs	rs2353940	rs2353940	4	145740898	FALSE	0.2075	0.0358	-0.00921562	0.0119683	33.59465216441434
SBP	Dem	all_ivs	rs73855810	rs73855810	4	148383424	FALSE	0.2732	0.0434	0.00205283	0.015342	39.62615472828048
SBP	Dem	all_ivs	rs7683728	rs7683728	4	156402654	FALSE	0.3654	0.0304	-0.00905119	0.0104883	144.47407375346262
SBP	Dem	all_ivs	rs12643599	rs12643599	4	156639846	FALSE	0.3134	0.0313	-0.031262	0.010852	100.2557543712807
SBP	Dem	all_ivs	rs17035181	rs17035181	4	157678511	FALSE	0.3074	0.0429	0.0131508	0.014511	51.344406952798565
SBP	Dem	all_ivs	rs869396	rs869396	4	169688000	FALSE	0.2115	0.0305	-0.0350464	0.0103813	48.086267132491265
SBP	Dem	all_ivs	rs4957026	rs4957026	5	361148	FALSE	0.1982	0.0323	-0.0068505	0.0109248	37.65323160386852
SBP	Dem	all_ivs	rs10069690	rs10069690	5	1279790	FALSE	0.3098	0.0369	-0.00294362	0.0111848	70.48717327281675
SBP	Dem	all_ivs	rs7725413	rs7725413	5	15695987	FALSE	0.1985	0.0359	-0.0187515	0.0120609	30.57258245978849
SBP	Dem	all_ivs	rs12656497	rs12656497	5	32831939	FALSE	0.6382	0.0307	0.00972222	0.0103343	432.1523199185136
SBP	Dem	all_ivs	rs10941043	rs10941043	5	33194751	FALSE	0.2585	0.0332	-0.00704938	0.0112344	60.62404739439687
SBP	Dem	all_ivs	rs2113077	rs2113077	5	50799442	FALSE	0.2097	0.0305	1.62456e-4	0.0103917	47.27126041386724
SBP	Dem	all_ivs	rs1694068	rs1694068	5	53283630	FALSE	0.2657	0.0311	-2.21924e-4	0.0102998	72.98982640791556
SBP	Dem	all_ivs	rs10043077	rs10043077	5	55692939	FALSE	0.1931	0.0324	0.00946636	0.0105385	35.52012841030331
SBP	Dem	all_ivs	rs34496659	rs34496659	5	61798934	FALSE	0.4545	0.0616	-0.00350902	0.0144723	54.43852515179625
SBP	Dem	all_ivs	rs6870654	rs6870654	5	63831964	FALSE	0.2136	0.0347	0.00428261	0.0129235	37.891652617329264
SBP	Dem	all_ivs	rs4286632	rs4286632	5	66291370	FALSE	0.211	0.0343	-0.0052714	0.012192	37.842225603277555
SBP	Dem	all_ivs	rs7703560	rs7703560	5	67678506	FALSE	0.2246	0.0333	0.00641439	0.0114235	45.49158167176184
SBP	Dem	all_ivs	rs246973	rs246973	5	68007803	FALSE	0.2479	0.0335	-0.0123144	0.0112047	54.75999999999999
SBP	Dem	all_ivs	rs6452769	rs6452769	5	87389027	FALSE	0.3143	0.0377	0.00128038	0.0147419	69.5034018391743
SBP	Dem	all_ivs	rs76443575	rs76443575	5	96211594	FALSE	0.5233	0.0816	0.0130652	0.0257482	41.126443254998065
SBP	Dem	all_ivs	rs1871190	rs1871190	5	97953719	FALSE	0.1954	0.0324	-0.0205125	0.0104067	36.37132296905959
SBP	Dem	all_ivs	rs11241313	rs11241313	5	114428167	FALSE	0.2071	0.0326	0.0229081	0.0113853	40.35756897135761
SBP	Dem	all_ivs	rs1624823	rs1624823	5	122475438	FALSE	0.3371	0.0313	-0.0117002	0.0104144	115.99221182210698
SBP	Dem	all_ivs	rs9327297	rs9327297	5	122835051	FALSE	0.2747	0.0319	-0.010364	0.0109663	74.15423394031114
SBP	Dem	all_ivs	rs758179	rs758179	5	127354424	FALSE	0.2091	0.0367	-0.00342003	0.0117575	32.46204961058438
SBP	Dem	all_ivs	rs6892983	rs6892983	5	127845030	FALSE	0.3427	0.0307	0.00544845	0.0107684	124.60958736962725
SBP	Dem	all_ivs	rs702395	rs702395	5	140086677	FALSE	0.2318	0.0305	0.022747	0.0102571	57.760000000000005
SBP	Dem	all_ivs	rs2913920	rs2913920	5	141726983	FALSE	0.2418	0.0359	0.0166034	0.0118342	45.365290461743776
SBP	Dem	all_ivs	rs1957563	rs1957563	5	157474590	FALSE	0.3629	0.0342	0.00223015	0.0122304	112.59567901234567
SBP	Dem	all_ivs	rs11960210	rs11960210	5	157817634	FALSE	0.4727	0.0313	-0.00480466	0.0107419	228.07754493768437
SBP	Dem	all_ivs	rs13358657	rs13358657	5	157938070	FALSE	0.388	0.0445	0.0274574	0.015616	76.0227244034844
SBP	Dem	all_ivs	rs3860770	rs3860770	5	173301427	FALSE	0.2663	0.0333	0.00787229	0.010437	63.95196096997896
SBP	Dem	all_ivs	rs12153395	rs12153395	5	179411477	FALSE	0.3303	0.0486	0.00745752	0.0150429	46.18964334705076
SBP	Dem	all_ivs	rs2745599	rs2745599	6	1613686	FALSE	0.2164	0.0317	-0.00216751	0.0104866	46.601080715302174
SBP	Dem	all_ivs	rs1575290	rs1575290	6	7715689	FALSE	0.1973	0.0301	-0.00577051	0.0102569	42.965629518438
SBP	Dem	all_ivs	rs1630736	rs1630736	6	12295987	FALSE	0.1706	0.0309	0.0113978	0.0102732	30.481834082173417
SBP	Dem	all_ivs	rs9349379	rs9349379	6	12903957	FALSE	0.2664	0.0312	0.00962003	0.0102447	72.905325443787
SBP	Dem	all_ivs	rs9368222	rs9368222	6	20686996	FALSE	0.2281	0.0339	-0.0154263	0.0108444	45.27424056525788
SBP	Dem	all_ivs	rs2655445	rs2655445	6	22377623	FALSE	0.2018	0.0312	0.00503744	0.0104598	41.834360618014465
SBP	Dem	all_ivs	rs116025100	rs116025100	6	30935290	FALSE	0.5365	0.0851	0.0182529	0.0344921	39.74480151228734
SBP	Dem	all_ivs	rs2753960	rs2753960	6	31762844	FALSE	0.4466	0.0309	-0.00542296	0.0106441	208.89136058482842
SBP	Dem	all_ivs	rs2815063	rs2815063	6	39262535	FALSE	0.2755	0.0458	0.0013141	0.0151518	36.1836397093877
SBP	Dem	all_ivs	rs7763558	rs7763558	6	43349215	FALSE	0.3363	0.0321	-0.012106	0.0111091	109.75989169359771
SBP	Dem	all_ivs	rs998584	rs998584	6	43757896	FALSE	0.1701	0.0312	0.0116376	0.010284	29.723465236686398
SBP	Dem	all_ivs	rs78648104	rs78648104	6	50683009	FALSE	0.4287	0.0541	-0.00569746	0.0138171	62.79317413839642
SBP	Dem	all_ivs	rs1984195	rs1984195	6	79657391	FALSE	0.2409	0.0303	-0.0092316	0.0102652	63.21037153220272
SBP	Dem	all_ivs	rs9361836	rs9361836	6	82235408	FALSE	0.2196	0.0324	0.00440125	0.0108248	45.93827160493827
SBP	Dem	all_ivs	rs6921291	rs6921291	6	97066242	FALSE	0.3575	0.0385	0.0157672	0.0155706	86.22448979591834
SBP	Dem	all_ivs	rs9486916	rs9486916	6	109013930	FALSE	0.2657	0.0385	-0.0137018	0.0122396	47.62792376454714
SBP	Dem	all_ivs	rs560955	rs560955	6	117481404	FALSE	0.1784	0.0307	-0.00585344	0.0104236	33.76859170919585
SBP	Dem	all_ivs	rs10782230	rs10782230	6	126228512	FALSE	0.2106	0.0302	0.0310889	0.0102508	48.62984079645629
SBP	Dem	all_ivs	rs9401913	rs9401913	6	127159982	FALSE	0.5202	0.0305	0.00308296	0.0102284	290.8981886589627
SBP	Dem	all_ivs	rs2327429	rs2327429	6	134209837	FALSE	0.2	0.0338	-0.00601394	0.0118925	35.01277966457758
SBP	Dem	all_ivs	rs8180684	rs8180684	6	143200936	FALSE	0.2134	0.0335	-0.00233117	0.0111852	40.57880151481399
SBP	Dem	all_ivs	rs7765526	rs7765526	6	147713764	FALSE	0.201	0.0307	0.0233403	0.0102975	42.86623730755764
SBP	Dem	all_ivs	rs17080102	rs17080102	6	151004770	FALSE	0.8085	0.0594	0.0136046	0.0192601	185.26234567901233
SBP	Dem	all_ivs	rs1293969	rs1293969	6	151959945	FALSE	0.1988	0.0347	0.0142415	0.011125	32.822662757767276
SBP	Dem	all_ivs	rs509833	rs509833	6	159711515	FALSE	0.329	0.044	-0.0173844	0.0155819	55.90960743801654
SBP	Dem	all_ivs	rs12661036	rs12661036	6	163737476	FALSE	0.2104	0.0374	-0.0259612	0.0112546	31.64814550030026
SBP	Dem	all_ivs	rs7744902	rs7744902	6	166176722	FALSE	0.4088	0.0593	0.0172722	0.0197274	47.52393437774599
SBP	Dem	all_ivs	rs6959688	rs6959688	7	1966831	FALSE	0.2344	0.031	0.00197936	0.0104818	57.17311134235172
SBP	Dem	all_ivs	rs10282122	rs10282122	7	2529623	FALSE	0.302	0.0327	0.0107933	0.011669	85.29398011764816
SBP	Dem	all_ivs	rs73049928	rs73049928	7	4669949	FALSE	0.2382	0.0392	9.65952e-4	0.0112203	36.92422428154936
SBP	Dem	all_ivs	rs3807925	rs3807925	7	18543250	FALSE	0.1859	0.0319	-0.0062476	0.0105858	33.96076099881095
SBP	Dem	all_ivs	rs28688791	rs28688791	7	19039605	FALSE	0.3222	0.038	-0.00534655	0.0117892	71.89254847645428
SBP	Dem	all_ivs	rs112509803	rs112509803	7	24735004	FALSE	0.2641	0.0477	-0.008618	0.0166768	30.654909923570187
SBP	Dem	all_ivs	rs3735533	rs3735533	7	27245893	FALSE	0.91	0.0577	-0.0138667	0.0174713	248.73171156612972
SBP	Dem	all_ivs	rs6961048	rs6961048	7	27328187	FALSE	0.5304	0.0497	-0.0114705	0.0149506	113.8922711318211
SBP	Dem	all_ivs	rs977184	rs977184	7	28650761	FALSE	0.184	0.0314	-0.00633458	0.0103327	34.33810702259727
SBP	Dem	all_ivs	rs11977526	rs11977526	7	46008110	FALSE	0.3213	0.0312	0.00221311	0.010949	106.05038831360947
SBP	Dem	all_ivs	rs12668436	rs12668436	7	47548893	FALSE	0.2151	0.035	0.00762262	0.0117373	37.76980408163266
SBP	Dem	all_ivs	rs848445	rs848445	7	77572461	FALSE	0.2025	0.0339	0.0232224	0.0116703	35.68212076121858
SBP	Dem	all_ivs	rs2392929	rs2392929	7	106414069	FALSE	0.7507	0.0379	-0.0180536	0.0112003	392.3326139472713
SBP	Dem	all_ivs	rs34072724	rs34072724	7	130432469	FALSE	0.2422	0.0303	0.0199708	0.0102337	63.8944330076572
SBP	Dem	all_ivs	rs35680304	rs35680304	7	130973495	FALSE	0.2694	0.031	-0.0042685	0.0104848	75.52170655567116
SBP	Dem	all_ivs	rs75672964	rs75672964	7	131321010	FALSE	0.5885	0.0839	-0.024341	0.0191561	49.200442947433025
SBP	Dem	all_ivs	rs73727605	rs73727605	7	149474622	FALSE	0.3616	0.0623	3.85511e-4	0.0244309	33.688428331817505
SBP	Dem	all_ivs	rs3918226	rs3918226	7	150690176	FALSE	0.664	0.0575	-0.00514818	0.0200996	133.3522873345936
SBP	Dem	all_ivs	rs10224210	rs10224210	7	151413194	FALSE	0.3831	0.034	-0.00163402	0.0122049	126.95987024221454
SBP	Dem	all_ivs	rs62480403	rs62480403	7	155744252	FALSE	0.2056	0.0326	0.00891198	0.0110978	39.77507621664347
SBP	Dem	all_ivs	rs71499040	rs71499040	8	1711918	FALSE	0.2215	0.0338	-0.00632722	0.0120518	42.94514372746053
SBP	Dem	all_ivs	rs1821002	rs1821002	8	10640065	FALSE	0.3794	0.0307	-0.00235453	0.0102569	152.72773185922395
SBP	Dem	all_ivs	rs10866828	rs10866828	8	23401534	FALSE	0.2476	0.0355	-0.015702	0.0115422	48.64571315215236
SBP	Dem	all_ivs	rs7821832	rs7821832	8	25889446	FALSE	0.4222	0.0348	-0.0197199	0.0111751	147.18988637864982
SBP	Dem	all_ivs	rs77375686	rs77375686	8	26043622	FALSE	0.3467	0.0485	0.00907742	0.0181125	51.1003889892656
SBP	Dem	all_ivs	rs1906672	rs1906672	8	38130025	FALSE	0.2966	0.0358	0.00843405	0.0133128	68.6398364595362
SBP	Dem	all_ivs	rs4873492	rs4873492	8	51947549	FALSE	0.3431	0.0403	0.019892	0.013783	72.48219618370904
SBP	Dem	all_ivs	rs2354862	rs2354862	8	64501744	FALSE	0.2507	0.0317	-0.0226834	0.0119552	62.54464667774582
SBP	Dem	all_ivs	rs13253358	rs13253358	8	68920135	FALSE	0.2127	0.033	-0.00977321	0.0113941	41.54388429752066
SBP	Dem	all_ivs	rs2126474	rs2126474	8	76878957	FALSE	0.2601	0.0306	0.0145049	0.0106569	72.25
SBP	Dem	all_ivs	rs9918879	rs9918879	8	77681093	FALSE	0.2984	0.0499	-0.0231009	0.0144399	35.75992064288898
SBP	Dem	all_ivs	rs148401029	rs148401029	8	81386066	FALSE	0.4623	0.0848	0.0277435	0.032493	29.72049800863296
SBP	Dem	all_ivs	rs10091532	rs10091532	8	82853793	FALSE	0.2067	0.0305	-0.0103184	0.0102637	45.92839559258264
SBP	Dem	all_ivs	rs843093	rs843093	8	92528310	FALSE	0.2085	0.0338	0.00116701	0.0114335	38.052107769335805
SBP	Dem	all_ivs	rs2613203	rs2613203	8	95253197	FALSE	0.2681	0.0389	0.00193856	0.0135593	47.50008921431924
SBP	Dem	all_ivs	rs79069610	rs79069610	8	105921209	FALSE	0.4005	0.0727	-0.00602822	0.0327906	30.34842931986703
SBP	Dem	all_ivs	rs35783704	rs35783704	8	105966258	FALSE	0.4619	0.0507	5.06799e-4	0.0140739	83.00036568903204
SBP	Dem	all_ivs	rs7830607	rs7830607	8	110097287	FALSE	0.206	0.0327	0.0214822	0.0108271	39.686146882510826
SBP	Dem	all_ivs	rs2470004	rs2470004	8	120358445	FALSE	0.3454	0.0392	0.0126513	0.0157284	77.63767700957935
SBP	Dem	all_ivs	rs4598218	rs4598218	8	129483956	FALSE	0.1911	0.0313	-0.0114116	0.0110673	37.27629147995793
SBP	Dem	all_ivs	rs7012866	rs7012866	8	135616959	FALSE	0.2325	0.0301	6.17576e-4	0.0104813	59.664076555446414
SBP	Dem	all_ivs	rs4440615	rs4440615	8	141057641	FALSE	0.2201	0.0312	-0.00311459	0.0103525	49.76578936554898
SBP	Dem	all_ivs	rs4961293	rs4961293	8	141812374	FALSE	0.2268	0.0303	-9.16663e-4	0.0102411	56.027448289383386
SBP	Dem	all_ivs	rs3802228	rs3802228	8	143992218	FALSE	0.2747	0.0305	-0.00479569	0.0103104	81.118075786079
SBP	Dem	all_ivs	rs60191654	rs60191654	9	753648	FALSE	0.2382	0.0385	0.00358791	0.0137239	38.27912970146736
SBP	Dem	all_ivs	rs927315	rs927315	9	4117713	FALSE	0.1689	0.0303	-0.0288482	0.0103528	31.072345848446226
SBP	Dem	all_ivs	rs1332813	rs1332813	9	9350706	FALSE	0.2203	0.0314	0.00424823	0.0110773	49.22318349628788
SBP	Dem	all_ivs	rs9886665	rs9886665	9	22942770	FALSE	0.2048	0.0343	0.00783787	0.0112102	35.65099575856999
SBP	Dem	all_ivs	rs4553000	rs4553000	9	34223553	FALSE	0.2035	0.03	0.030254	0.0102337	46.01361111111111
SBP	Dem	all_ivs	rs76452347	rs76452347	9	35906471	FALSE	0.2974	0.0397	0.00482748	0.0134406	56.117835910385836
SBP	Dem	all_ivs	rs10746963	rs10746963	9	77238558	FALSE	0.2177	0.0388	0.0185649	0.0135741	31.48135428844723
SBP	Dem	all_ivs	rs7045409	rs7045409	9	95201540	FALSE	0.1862	0.0313	0.046111	0.0111896	35.38919454113036
SBP	Dem	all_ivs	rs10980408	rs10980408	9	113249071	FALSE	0.7606	0.0827	-0.00737194	0.0457043	84.5866105984686
SBP	Dem	all_ivs	rs2900568	rs2900568	9	116689758	FALSE	0.1889	0.03	-0.00374808	0.0102093	39.648011111111124
SBP	Dem	all_ivs	rs34025993	rs34025993	9	123516572	FALSE	0.223	0.0308	0.00328024	0.0103412	52.42136110642603
SBP	Dem	all_ivs	rs7854147	rs7854147	9	125863350	FALSE	0.3056	0.0461	-0.0284949	0.0141007	43.94453254031366
SBP	Dem	all_ivs	rs13289468	rs13289468	9	128180332	FALSE	0.2488	0.0306	-0.00899756	0.0103435	66.10859071297364
SBP	Dem	all_ivs	rs6271	rs6271	9	136522274	FALSE	0.5547	0.0611	-0.0260154	0.0205765	82.4202469188714
SBP	Dem	all_ivs	rs11145807	rs11145807	9	139520789	FALSE	0.2135	0.0322	-4.84944e-4	0.0104617	43.96266540642722
SBP	Dem	all_ivs	rs11252324	rs11252324	10	4124568	FALSE	0.4164	0.0573	0.0177749	0.0233933	52.80951728296922
SBP	Dem	all_ivs	rs1623474	rs1623474	10	18471794	FALSE	0.3827	0.0321	0.00903229	0.0109903	142.13690666821947
SBP	Dem	all_ivs	rs12258967	rs12258967	10	18727959	FALSE	0.6327	0.0337	0.027504	0.0123594	352.48112601149967
SBP	Dem	all_ivs	rs11596400	rs11596400	10	28245420	FALSE	0.2518	0.0303	1.27736e-4	0.0103469	69.05993965733208
SBP	Dem	all_ivs	rs12264186	rs12264186	10	32289986	FALSE	0.2135	0.0387	0.00950676	0.0150319	30.435036623066186
SBP	Dem	all_ivs	rs4948643	rs4948643	10	45379759	FALSE	0.2258	0.0338	0.00235043	0.0106775	44.62872448443683
SBP	Dem	all_ivs	rs4245599	rs4245599	10	60365755	FALSE	0.1794	0.0305	-9.20566e-4	0.0102468	34.597538296156955
SBP	Dem	all_ivs	rs57946343	rs57946343	10	63499951	FALSE	0.716	0.0426	0.0308385	0.0168197	282.4924507923912
SBP	Dem	all_ivs	rs2236295	rs2236295	10	64564892	FALSE	0.3028	0.0309	-0.0179278	0.010645	96.02731433478912
SBP	Dem	all_ivs	rs2177843	rs2177843	10	75409877	FALSE	0.4394	0.0432	-0.0439745	0.0143502	103.45526834705075
SBP	Dem	all_ivs	rs10749572	rs10749572	10	82136664	FALSE	0.203	0.0302	-0.0450206	0.0104076	45.18332529275032
SBP	Dem	all_ivs	rs111866816	rs111866816	10	94441507	FALSE	0.3569	0.0597	-0.0442624	0.0250072	35.73916764167009
SBP	Dem	all_ivs	rs2689690	rs2689690	10	95899706	FALSE	0.2702	0.0316	-0.0126498	0.0115226	73.11332318538693
SBP	Dem	all_ivs	rs57866767	rs57866767	10	96023077	FALSE	0.4501	0.0304	0.0120363	0.0108146	219.215298216759
SBP	Dem	all_ivs	rs1006545	rs1006545	10	102553647	FALSE	0.6846	0.048	-0.0319338	0.0212062	203.41890625
SBP	Dem	all_ivs	rs11191580	rs11191580	10	104906211	FALSE	1.0995	0.055	-0.0491202	0.0184184	399.63644628099166
SBP	Dem	all_ivs	rs117464403	rs117464403	10	107158054	FALSE	0.864	0.1199	-0.0275396	0.033413	51.92650812012511
SBP	Dem	all_ivs	rs12255372	rs12255372	10	114808902	FALSE	0.2358	0.0335	0.0137882	0.0133127	49.54478948540877
SBP	Dem	all_ivs	rs1801253	rs1801253	10	115805056	FALSE	0.4626	0.0344	0.00956884	0.0117178	180.83994726879394
SBP	Dem	all_ivs	rs72842207	rs72842207	10	121433675	FALSE	0.203	0.0367	-0.00169306	0.012339899999999999	30.595668540118343
SBP	Dem	all_ivs	rs11592107	rs11592107	10	122968964	FALSE	0.3024	0.0326	-0.00698337	0.0112192	86.04554179683092
SBP	Dem	all_ivs	rs7093894	rs7093894	10	124234880	FALSE	0.236	0.0427	0.0128436	0.0169746	30.54697826456569
SBP	Dem	all_ivs	rs7912283	rs7912283	10	133773019	FALSE	0.2144	0.0322	-0.0152537	0.0104884	44.33409204891787
SBP	Dem	all_ivs	rs1133400	rs1133400	10	134459388	FALSE	0.2975	0.0376	0.00447642	0.0136111	62.60344754413761
SBP	Dem	all_ivs	rs569550	rs569550	11	1887068	FALSE	0.5765	0.0318	0.0137281	0.0103544	328.65813258969183
SBP	Dem	all_ivs	rs74048190	rs74048190	11	2114221	FALSE	0.4404	0.0757	0.0324262	0.0219679	33.84565019745257
SBP	Dem	all_ivs	rs360153	rs360153	11	9762274	FALSE	0.3445	0.0306	-0.00779487	0.0110478	126.74639027724378
SBP	Dem	all_ivs	rs2014408	rs2014408	11	16365282	FALSE	0.5169	0.0373	5.59426e-4	0.014323	192.04163761688795
SBP	Dem	all_ivs	rs7926335	rs7926335	11	16917869	FALSE	0.3135	0.0339	0.00281517	0.0118402	85.52157569112694
SBP	Dem	all_ivs	rs17762	rs17762	11	22492454	FALSE	0.4117	0.0571	-0.00241243	0.0164688	51.986372879484485
SBP	Dem	all_ivs	rs1382472	rs1382472	11	27273967	FALSE	0.1917	0.0307	-0.00135831	0.0109687	38.99127842205222
SBP	Dem	all_ivs	rs871004	rs871004	11	28512458	FALSE	0.2336	0.0317	-0.00981455	0.0103364	54.303416294320776
SBP	Dem	all_ivs	rs10501122	rs10501122	11	30192151	FALSE	0.1916	0.0315	0.00608678	0.0105031	36.99728898966994
SBP	Dem	all_ivs	rs11604310	rs11604310	11	45351420	FALSE	0.2778	0.0411	0.0307318	0.0153772	45.68575843145612
SBP	Dem	all_ivs	rs7107356	rs7107356	11	47676170	FALSE	0.4598	0.0301	0.0143138	0.010459	233.34846193750624
SBP	Dem	all_ivs	rs2904315	rs2904315	11	48109948	FALSE	0.2081	0.0325	-0.0185293	0.0111477	40.99939408284023
SBP	Dem	all_ivs	rs4427587	rs4427587	11	58436648	FALSE	0.2062	0.0313	-0.00793233	0.0102734	43.399891802508954
SBP	Dem	all_ivs	rs7125196	rs7125196	11	61272565	FALSE	0.4422	0.0472	-0.0142059	0.0135604	87.77149166906062
SBP	Dem	all_ivs	rs2306363	rs2306363	11	65405600	FALSE	0.4358	0.0376	0.00242816	0.0138244	134.33796401086465
SBP	Dem	all_ivs	rs7395791	rs7395791	11	69262916	FALSE	0.2162	0.0308	0.0141201	0.0102814	49.273106763366506
SBP	Dem	all_ivs	rs10501410	rs10501410	11	72088806	FALSE	0.4122	0.0607	0.00612431	0.0164916	46.114615591303014
SBP	Dem	all_ivs	rs7927515	rs7927515	11	76125330	FALSE	0.2271	0.0319	-3.11462e-4	0.0105082	50.68190171087155
SBP	Dem	all_ivs	rs2289124	rs2289124	11	89224477	FALSE	0.308	0.0415	-0.00188342	0.0142603	55.08143417041661
SBP	Dem	all_ivs	rs604723	rs604723	11	100610546	FALSE	0.655	0.0339	0.00378503	0.0116431	373.3216731493809
SBP	Dem	all_ivs	rs629864	rs629864	11	100699139	FALSE	0.1868	0.0319	0.0143646	0.0116798	34.290386297304465
SBP	Dem	all_ivs	rs7926110	rs7926110	11	107086143	FALSE	0.2603	0.0321	0.00722799	0.0120061	65.75643675818363
SBP	Dem	all_ivs	rs236916	rs236916	11	117089628	FALSE	0.3166	0.0446	0.0144143	0.0143913	50.390898670795714
SBP	Dem	all_ivs	rs573455	rs573455	11	117267884	FALSE	0.1994	0.0303	0.014041	0.010225	43.30769314555218
SBP	Dem	all_ivs	rs11222084	rs11222084	11	130273230	FALSE	0.3363	0.0316	-0.00396529	0.0108298	113.26078553116484
SBP	Dem	all_ivs	rs78998485	rs78998485	12	434755	FALSE	0.2449	0.0346	0.00180122	0.0109662	50.09857496074043
SBP	Dem	all_ivs	rs3819532	rs3819532	12	2436837	FALSE	0.1875	0.0306	0.00935626	0.0102669	37.54565551710881
SBP	Dem	all_ivs	rs10845621	rs10845621	12	12887977	FALSE	0.2879	0.0337	0.0166055	0.0122248	72.98330530338383
SBP	Dem	all_ivs	rs1010064	rs1010064	12	20000315	FALSE	0.3571	0.0387	0.00323307	0.0156738	85.14472955017393
SBP	Dem	all_ivs	rs73075659	rs73075659	12	20373541	FALSE	0.3962	0.0321	-0.00114149	0.0121996	152.34172804999957
SBP	Dem	all_ivs	rs2129869	rs2129869	12	26457650	FALSE	0.2643	0.0361	-0.00264409	0.0115033	53.60186769592007
SBP	Dem	all_ivs	rs9651825	rs9651825	12	27159784	FALSE	0.2042	0.034	0.00591968	0.0114857	36.07062283737023
SBP	Dem	all_ivs	rs61917655	rs61917655	12	48210787	FALSE	0.3427	0.0514	-0.0198777	0.0173888	44.45309164408243
SBP	Dem	all_ivs	rs12426261	rs12426261	12	50573037	FALSE	0.3775	0.0309	-0.00104798	0.0105512	149.25089808443568
SBP	Dem	all_ivs	rs7134440	rs7134440	12	53450097	FALSE	0.4788	0.0562	-0.0298924	0.017784	72.5831233140411
SBP	Dem	all_ivs	rs7134677	rs7134677	12	54441498	FALSE	0.3851	0.0332	-0.00176556	0.0105348	134.5460244592829
SBP	Dem	all_ivs	rs7306710	rs7306710	12	66376091	FALSE	0.2429	0.0303	-0.00758374	0.0102496	64.26429870709843
SBP	Dem	all_ivs	rs4143175	rs4143175	12	67782397	FALSE	0.2187	0.0352	-1.80743e-4	0.0122695	38.60221623192149
SBP	Dem	all_ivs	rs7963801	rs7963801	12	79685226	FALSE	0.2362	0.0311	-0.00470694	0.0103903	57.68182711096866
SBP	Dem	all_ivs	rs6539467	rs6539467	12	79955306	FALSE	0.265	0.0404	3.27138e-4	0.014069	43.02580629350065
SBP	Dem	all_ivs	rs17249754	rs17249754	12	90060586	FALSE	0.8446	0.0403	0.00674555	0.0192435	439.23006729922605
SBP	Dem	all_ivs	rs10777213	rs10777213	12	90349999	FALSE	0.1786	0.0299	0.00281074	0.0102475	35.67964564154764
SBP	Dem	all_ivs	rs3184504	rs3184504	12	111884608	FALSE	0.5779	0.0303	0.00249635	0.0104124	363.7643477219008
SBP	Dem	all_ivs	rs1896326	rs1896326	12	115342956	FALSE	0.2797	0.0371	-0.00392445	0.0131961	56.83778089377438
SBP	Dem	all_ivs	rs35444	rs35444	12	115552437	FALSE	0.4368	0.031	0.0331108	0.0106192	198.53719042663894
SBP	Dem	all_ivs	rs6490019	rs6490019	12	115920472	FALSE	0.2897	0.0309	0.0114414	0.0111437	87.89821011510143
SBP	Dem	all_ivs	rs117206641	rs117206641	12	133086888	FALSE	0.3154	0.0499	-0.00627701	0.0184353	39.95050622286658
SBP	Dem	all_ivs	rs483071	rs483071	13	22294117	FALSE	0.2709	0.0313	0.00267149	0.0103963	74.90819544958097
SBP	Dem	all_ivs	rs9507885	rs9507885	13	27951090	FALSE	0.3208	0.0542	-0.00423395	0.0166927	35.03242058250841
SBP	Dem	all_ivs	rs9508495	rs9508495	13	30146201	FALSE	0.3557	0.0353	0.0123375	0.0106487	101.53559534223051
SBP	Dem	all_ivs	rs2065498	rs2065498	13	41893105	FALSE	0.2934	0.0403	0.0057265	0.0150907	53.004180802788014
SBP	Dem	all_ivs	rs7491248	rs7491248	13	47180671	FALSE	0.2163	0.0362	-0.00560649	0.0147694	35.70227557156374
SBP	Dem	all_ivs	rs9526707	rs9526707	13	51489186	FALSE	0.2039	0.0323	0.0235677	0.0109349	39.850099205398294
SBP	Dem	all_ivs	rs75961402	rs75961402	13	56398286	FALSE	0.2659	0.0418	0.0179684	0.0152914	40.46542547102861
SBP	Dem	all_ivs	rs17245822	rs17245822	13	73131694	FALSE	0.1899	0.0312	-0.00270876	0.0104611	37.04595044378699
SBP	Dem	all_ivs	rs78474310	rs78474310	13	73826901	FALSE	0.4699	0.0734	-0.00422176	0.0252937	40.984417806947846
SBP	Dem	all_ivs	rs6562778	rs6562778	13	74223828	FALSE	0.178	0.0304	-0.00282628	0.0102427	34.28410664819944
SBP	Dem	all_ivs	rs9549627	rs9549627	13	113652369	FALSE	0.2846	0.05	-0.00101902	0.016368	32.398864
SBP	Dem	all_ivs	rs7331680	rs7331680	13	115000650	FALSE	0.4101	0.0423	0.0230886	0.0142714	93.99371258990998
SBP	Dem	all_ivs	rs8904	rs8904	14	35871217	FALSE	0.3061	0.0314	-0.00215777	0.010474	95.03145158018582
SBP	Dem	all_ivs	rs7493678	rs7493678	14	39400917	FALSE	0.189	0.0316	-0.0232188	0.0107536	35.77251241788175
SBP	Dem	all_ivs	rs72683923	rs72683923	14	50735947	FALSE	0.9587	0.1101	0.0138192	0.0485152	75.82122849263446
SBP	Dem	all_ivs	rs35413927	rs35413927	14	53420358	FALSE	0.3002	0.0328	-0.0125716	0.0116033	83.76714009518143
SBP	Dem	all_ivs	rs57140819	rs57140819	14	68018247	FALSE	0.2415	0.0398	0.00698989	0.0131442	36.81867250826999
SBP	Dem	all_ivs	rs11847049	rs11847049	14	69259406	FALSE	0.2272	0.0364	0.0061564	0.0131165	38.959545948556936
SBP	Dem	all_ivs	rs11159091	rs11159091	14	75074316	FALSE	0.1978	0.0303	-0.0234673	0.0103558	42.615473428530976
SBP	Dem	all_ivs	rs7154723	rs7154723	14	98590629	FALSE	0.253	0.0309	0.00177757	0.0106341	67.03846838638054
SBP	Dem	all_ivs	rs17562391	rs17562391	14	100133250	FALSE	0.1967	0.0306	-0.00943831	0.0102906	41.32052842923663
SBP	Dem	all_ivs	rs75016974	rs75016974	14	100197940	FALSE	0.2513	0.0439	-0.00653751	0.0151123	32.768452841153795
SBP	Dem	all_ivs	rs12885878	rs12885878	14	104007555	FALSE	0.2291	0.0367	0.0107089	0.0113164	38.96889129773032
SBP	Dem	all_ivs	rs8030856	rs8030856	15	40314967	FALSE	0.1764	0.031	0.0131341	0.0103081	32.37977107180021
SBP	Dem	all_ivs	rs28866311	rs28866311	15	41442195	FALSE	0.2762	0.0302	0.00642882	0.0106222	83.64374369545195
SBP	Dem	all_ivs	rs4775769	rs4775769	15	48939888	FALSE	0.4162	0.0517	-0.0188421	0.0211908	64.80717126406248
SBP	Dem	all_ivs	rs3098186	rs3098186	15	50810621	FALSE	0.2422	0.0303	0.0140703	0.0102673	63.8944330076572
SBP	Dem	all_ivs	rs2652812	rs2652812	15	63406170	FALSE	0.2516	0.0353	0.0216981	0.0112139	50.80095338217946
SBP	Dem	all_ivs	rs28429256	rs28429256	15	66931617	FALSE	0.215	0.0325	-0.00194418	0.0104588	43.76331360946745
SBP	Dem	all_ivs	rs11636952	rs11636952	15	75114322	FALSE	0.5313	0.0328	-0.0395413	0.0104978	262.38073505353947
SBP	Dem	all_ivs	rs2627313	rs2627313	15	81006712	FALSE	0.3208	0.0303	0.0103258	0.010429	112.09428269559628
SBP	Dem	all_ivs	rs2046341	rs2046341	15	86040872	FALSE	0.2542	0.0382	-0.0108246	0.0121025	44.28170828650531
SBP	Dem	all_ivs	rs77032376	rs77032376	15	90010780	FALSE	0.2727	0.043	0.00751802	0.0126904	40.21919415900487
SBP	Dem	all_ivs	rs4932373	rs4932373	15	91429287	FALSE	0.635	0.0328	0.0276258	0.011586	374.80015615704934
SBP	Dem	all_ivs	rs12906962	rs12906962	15	95312071	FALSE	0.2653	0.0325	-0.00110998	0.0104849	66.63582485207098
SBP	Dem	all_ivs	rs2589218	rs2589218	15	96785017	FALSE	0.2258	0.0339	0.00643294	0.0122614	44.36581651743372
SBP	Dem	all_ivs	rs4606697	rs4606697	15	100087596	FALSE	0.3196	0.0523	-0.0268732	0.0186278	37.34308245195208
SBP	Dem	all_ivs	rs11641374	rs11641374	16	1347717	FALSE	0.1943	0.0309	-0.0107541	0.0108861	39.5392695929033
SBP	Dem	all_ivs	rs12596630	rs12596630	16	2065666	FALSE	0.4278	0.0547	-0.00943655	0.0223767	61.165553175205304
SBP	Dem	all_ivs	rs72778133	rs72778133	16	3578718	FALSE	0.2417	0.0443	-0.00514008	0.0136807	29.767738943892706
SBP	Dem	all_ivs	rs111929315	rs111929315	16	4136871	FALSE	0.3146	0.0485	0.0240761	0.0187632	42.07595281113827
SBP	Dem	all_ivs	rs12446456	rs12446456	16	4922201	FALSE	0.3003	0.0302	-0.00768915	0.0104377	98.8773409061006
SBP	Dem	all_ivs	rs77924615	rs77924615	16	20392332	FALSE	0.4081	0.039	-0.0216324	0.0123814	109.49744247205786
SBP	Dem	all_ivs	rs7186298	rs7186298	16	21088031	FALSE	0.2315	0.0302	-0.0138625	0.0105347	58.76085478707074
SBP	Dem	all_ivs	rs8044992	rs8044992	16	24811207	FALSE	0.2138	0.0331	0.0122565	0.011748	41.7214519765245
SBP	Dem	all_ivs	rs34941092	rs34941092	16	50550137	FALSE	0.3225	0.0425	-0.00127731	0.0159341	57.58131487889273
SBP	Dem	all_ivs	rs4784541	rs4784541	16	51704452	FALSE	0.2015	0.0307	-3.80112e-4	0.0102839	43.079767424588056
SBP	Dem	all_ivs	rs2060664	rs2060664	16	60652439	FALSE	0.216	0.0345	0.00353695	0.0117977	39.1984877126654
SBP	Dem	all_ivs	rs146550789	rs146550789	16	66781040	FALSE	0.4824	0.0778	0.023494	0.021438	38.44637558567549
SBP	Dem	all_ivs	rs62047964	rs62047964	16	70729954	FALSE	0.5115	0.0686	-0.0495334	0.0212743	55.595935792059436
SBP	Dem	all_ivs	rs12103229	rs12103229	16	74167594	FALSE	0.1791	0.0301	-0.00467521	0.0103119	35.40447677177957
SBP	Dem	all_ivs	rs4888408	rs4888408	16	75432824	FALSE	0.3653	0.0307	0.00969579	0.0103289	141.58674362592708
SBP	Dem	all_ivs	rs12926550	rs12926550	16	81510155	FALSE	0.2548	0.0324	-0.0102787	0.0115222	61.84560280445056
SBP	Dem	all_ivs	rs3950627	rs3950627	16	86436343	FALSE	0.1851	0.0308	0.0158129	0.0104869	36.11697798954292
SBP	Dem	all_ivs	rs6540119	rs6540119	16	87984477	FALSE	0.2016	0.0322	0.009471	0.0103736	39.19848771266541
SBP	Dem	all_ivs	rs908951	rs908951	16	89697625	FALSE	0.2261	0.0315	-0.0245646	0.0104546	51.520493827160486
SBP	Dem	all_ivs	rs9303175	rs9303175	17	1372987	FALSE	0.2048	0.0327	-0.0182481	0.0104814	39.22513069419895
SBP	Dem	all_ivs	rs11653927	rs11653927	17	2012094	FALSE	0.2796	0.0308	0.0197301	0.0107368	82.4086692528251
SBP	Dem	all_ivs	rs113086489	rs113086489	17	7171356	FALSE	0.3249	0.0307	-0.0211035	0.0104099	112.00119895171301
SBP	Dem	all_ivs	rs4511593	rs4511593	17	7455536	FALSE	0.2881	0.0318	-0.00149289	0.0106552	82.07904157272259
SBP	Dem	all_ivs	rs117285318	rs117285318	17	7870642	FALSE	0.4413	0.0589	-0.0214873	0.0239868	56.135457351961975
SBP	Dem	all_ivs	rs4925159	rs4925159	17	18185510	FALSE	0.2174	0.0305	-0.00361962	0.0102752	50.806514377855414
SBP	Dem	all_ivs	rs7218708	rs7218708	17	19926836	FALSE	0.1781	0.0303	0.0152598	0.0102505	34.54956485747585
SBP	Dem	all_ivs	rs1551355	rs1551355	17	30032420	FALSE	0.2098	0.0356	-7.4432e-4	0.0116837	34.730494887009215
SBP	Dem	all_ivs	rs9899540	rs9899540	17	30777924	FALSE	0.2011	0.0316	0.00958885	0.0106643	40.499529322224
SBP	Dem	all_ivs	rs7213273	rs7213273	17	43155914	FALSE	0.4	0.0315	-0.0261206	0.0107066	161.2496850592089
SBP	Dem	all_ivs	rs17608766	rs17608766	17	45013271	FALSE	0.6903	0.0433	-0.0127393	0.013483	254.1557584711637
SBP	Dem	all_ivs	rs3764400	rs3764400	17	46123932	FALSE	0.3748	0.0445	-0.0285499	0.0128213	70.93803307663175
SBP	Dem	all_ivs	rs9897429	rs9897429	17	47518378	FALSE	0.2645	0.0319	0.0128379	0.0102726	68.74957007104886
SBP	Dem	all_ivs	rs1000423	rs1000423	17	59475642	FALSE	0.4138	0.0346	-0.00570462	0.0114033	143.03053894216313
SBP	Dem	all_ivs	rs56288724	rs56288724	17	60767135	FALSE	0.2178	0.031	0.0212863	0.0104641	49.36195629552549
SBP	Dem	all_ivs	rs62076622	rs62076622	17	61090958	FALSE	0.2363	0.0377	-0.0114512	0.0121568	39.286626937500444
SBP	Dem	all_ivs	rs6504213	rs6504213	17	62381714	FALSE	0.2982	0.0312	0.0140103	0.0102849	91.34948224852073
SBP	Dem	all_ivs	rs1436138	rs1436138	17	75316880	FALSE	0.3119	0.0315	-0.00142361	0.0107286	98.0414310909549
SBP	Dem	all_ivs	rs9302885	rs9302885	17	76799898	FALSE	0.2242	0.0302	-0.022713	0.0105499	55.11341607824219
SBP	Dem	all_ivs	rs11655604	rs11655604	17	79365861	FALSE	0.2033	0.0333	-0.00196476	0.0106339	37.27230834438041
SBP	Dem	all_ivs	rs34413141	rs34413141	18	777282	FALSE	0.3531	0.0393	0.0247866	0.0150829	80.72542392634463
SBP	Dem	all_ivs	rs62082230	rs62082230	18	22676071	FALSE	0.1884	0.0345	0.00969187	0.01254	29.821096408317576
SBP	Dem	all_ivs	rs1154214	rs1154214	18	24546824	FALSE	0.2031	0.0306	0.00286408	0.0103414	44.053152633602465
SBP	Dem	all_ivs	rs56407827	rs56407827	18	42179819	FALSE	0.3603	0.034	0.0026798	0.0110254	112.29765570934254
SBP	Dem	all_ivs	rs11874246	rs11874246	18	42596789	FALSE	0.2856	0.0328	-0.0125704	0.0106459	75.81737061273051
SBP	Dem	all_ivs	rs7245140	rs7245140	18	43095231	FALSE	0.3367	0.0391	0.00852849	0.0122284	74.15368162165343
SBP	Dem	all_ivs	rs1437649	rs1437649	18	48132646	FALSE	0.2189	0.0357	-5.55459e-4	0.0120793	37.597164355938446
SBP	Dem	all_ivs	rs665445	rs665445	18	51842682	FALSE	0.1909	0.0334	-0.00673694	0.0120379	32.667727419412664
SBP	Dem	all_ivs	rs10048404	rs10048404	18	54578482	FALSE	0.2607	0.0317	-0.00113688	0.0111015	67.63376090915423
SBP	Dem	all_ivs	rs10460108	rs10460108	18	73034151	FALSE	0.2141	0.0301	-0.00742902	0.0102557	50.5941545899052
SBP	Dem	all_ivs	rs698748	rs698748	19	1424888	FALSE	0.1871	0.0325	-0.00834245	0.0101839	33.14216331360946
SBP	Dem	all_ivs	rs149339216	rs149339216	19	2144046	FALSE	0.6912	0.0779	7.21083e-5	0.0180743	78.7286027147144
SBP	Dem	all_ivs	rs68096471	rs68096471	19	5175709	FALSE	0.2098	0.0343	-0.025898	0.0112779	37.4130166852247
SBP	Dem	all_ivs	rs12985940	rs12985940	19	7262734	FALSE	0.4642	0.0434	-4.72359e-4	0.0181275	114.40126144110089
SBP	Dem	all_ivs	rs167479	rs167479	19	11526765	FALSE	0.5642	0.0327	0.00982397	0.0103313	297.6943953464449
SBP	Dem	all_ivs	rs1077795	rs1077795	19	17222584	FALSE	0.2507	0.0344	0.0114171	0.0123572	53.11189325310978
SBP	Dem	all_ivs	rs62112908	rs62112908	19	22213956	FALSE	0.2388	0.0419	1.51446e-6	0.0121689	32.481838221472884
SBP	Dem	all_ivs	rs28572357	rs28572357	19	31867447	FALSE	0.2733	0.0308	-0.00220231	0.0102043	78.73681270028669
SBP	Dem	all_ivs	rs1433121	rs1433121	19	32591878	FALSE	0.228	0.0326	-0.00549404	0.0105307	48.91414806729648
SBP	Dem	all_ivs	rs33836	rs33836	19	34008600	FALSE	0.1766	0.0304	0.0228427	0.0102345	33.74692693905817
SBP	Dem	all_ivs	rs10420519	rs10420519	19	45298461	TRUE	0.4921	0.0887	0.260668	0.0355631	30.77935327904378
SBP	Dem	all_ivs	rs7255933	rs7255933	19	45766729	TRUE	0.2306	0.0345	-0.100436	0.0111903	44.67663095988237
SBP	Dem	all_ivs	rs11672660	rs11672660	19	46180184	FALSE	0.2212	0.0381	-0.0132454	0.011634	33.707014969585494
SBP	Dem	all_ivs	rs571689	rs571689	19	49207554	FALSE	0.228	0.0304	-0.0183719	0.0103015	56.25
SBP	Dem	all_ivs	rs73046792	rs73046792	19	49605705	FALSE	0.3554	0.0426	0.0207072	0.0162232	69.60102713306443
SBP	Dem	all_ivs	rs6054139	rs6054139	20	6327810	FALSE	0.2094	0.0306	-0.00450602	0.0105928	46.82852748942715
SBP	Dem	all_ivs	rs2423514	rs2423514	20	10693337	FALSE	0.3011	0.0302	-0.0158966	0.0103943	99.4048616288759
SBP	Dem	all_ivs	rs6108787	rs6108787	20	10967214	FALSE	0.4274	0.03	0.00867769	0.0103059	202.96751111111115
SBP	Dem	all_ivs	rs6078093	rs6078093	20	11168669	FALSE	0.1849	0.0304	-0.0323519	0.0103714	36.99360500346261
SBP	Dem	all_ivs	rs8125763	rs8125763	20	17883531	FALSE	0.1761	0.0301	-0.00697863	0.010278	34.22833081312569
SBP	Dem	all_ivs	rs17812022	rs17812022	20	19007099	FALSE	0.3613	0.0525	-0.0424121	0.0162236	47.36061315192744
SBP	Dem	all_ivs	rs6058088	rs6058088	20	30139886	FALSE	0.2832	0.0417	-0.0163454	0.0126799	46.12266445836137
SBP	Dem	all_ivs	rs79384779	rs79384779	20	31214944	FALSE	0.3179	0.0428	-0.00436958	0.0130114	55.16879749323086
SBP	Dem	all_ivs	rs6029756	rs6029756	20	40266681	FALSE	0.2712	0.033	0.0129714	0.0105069	67.53851239669419
SBP	Dem	all_ivs	rs6031431	rs6031431	20	42795152	FALSE	0.2617	0.0304	-0.00190182	0.0102252	74.10717841066482
SBP	Dem	all_ivs	rs2598	rs2598	20	47241618	FALSE	0.168	0.0303	0.00370564	0.0103652	30.742084109401045
SBP	Dem	all_ivs	rs6090907	rs6090907	20	47410231	FALSE	0.3854	0.0425	-0.0102722	0.0178711	82.23289134948097
SBP	Dem	all_ivs	rs234623	rs234623	20	57488964	FALSE	0.1804	0.0302	-0.00251985	0.0104687	35.68282092890662
SBP	Dem	all_ivs	rs6026744	rs6026744	20	57742388	FALSE	0.7131	0.0461	0.00682238	0.0137611	239.27593508406224
SBP	Dem	all_ivs	rs28374392	rs28374392	20	61189717	FALSE	0.1924	0.0338	0.0216301	0.0115296	32.40236686390533
SBP	Dem	all_ivs	rs6062324	rs6062324	20	62446351	FALSE	0.3294	0.0363	0.0111114	0.0124654	82.34437538419509
SBP	Dem	all_ivs	rs2776037	rs2776037	21	16317933	FALSE	0.1851	0.0309	0.00259292	0.010318	35.883589405221976
SBP	Dem	all_ivs	rs1882961	rs1882961	21	16556367	FALSE	0.2443	0.0326	-0.00350236	0.0105134	56.15801309797133
SBP	Dem	all_ivs	rs2833834	rs2833834	21	33814378	FALSE	0.2177	0.0338	0.00460566	0.0113269	41.484270508735705
SBP	Dem	all_ivs	rs12627651	rs12627651	21	44760603	FALSE	0.3498	0.0341	8.21989e-4	0.0109784	105.22788761706555
SBP	Dem	all_ivs	rs2238787	rs2238787	22	19976406	FALSE	0.2552	0.0332	0.0218029	0.0105803	59.08607925678618
SBP	Dem	all_ivs	rs4823007	rs4823007	22	29452278	FALSE	0.2205	0.0301	0.0030679	0.0102607	53.664142779881026
SBP	Dem	all_ivs	rs2240365	rs2240365	22	30188741	FALSE	0.4187	0.069	-0.0140286	0.0208055	36.82203108590632
SBP	Dem	all_ivs	rs8142376	rs8142376	22	32001037	FALSE	0.1676	0.03	0.0233511	0.0102701	31.210844444444447
SBP	Dem	all_ivs	rs148140538	rs148140538	22	50228044	FALSE	0.3252	0.0562	6.06896e-4	0.0235305	33.4833145476881
SBP	Dem	all_ivs	rs28578714	rs28578714	22	50727921	FALSE	0.2066	0.0327	0.0138062	0.0105214	39.91766499265868
SBP	Dem	apoe_excluded	rs2072927	rs2072927	1	1684800	FALSE	0.3378	0.0314	-0.0162967	0.0102623	115.7337417339446
SBP	Dem	apoe_excluded	rs263532	rs263532	1	2164116	FALSE	0.1798	0.0307	0.00863668	0.0102475	34.30067162516312
SBP	Dem	apoe_excluded	rs2493296	rs2493296	1	3327032	FALSE	0.4183	0.0442	-2.63443e-4	0.0164268	89.56352756905059
SBP	Dem	apoe_excluded	rs2232460	rs2232460	1	6659505	FALSE	0.2171	0.032	-0.022926	0.0113937	46.027744140624996
SBP	Dem	apoe_excluded	rs488834	rs488834	1	10767902	FALSE	0.3799	0.0365	0.0179865	0.0118748	108.33102645899797
SBP	Dem	apoe_excluded	rs6699618	rs6699618	1	11881441	FALSE	0.9115	0.041	-0.0131391	0.0144718	494.2488102320047
SBP	Dem	apoe_excluded	rs75461554	rs75461554	1	15810172	FALSE	0.3016	0.0377	-0.0358293	0.0124528	64
SBP	Dem	apoe_excluded	rs1889785	rs1889785	1	16348729	FALSE	0.1782	0.0304	-0.0236596	0.0104111	34.36119286703601
SBP	Dem	apoe_excluded	rs404100	rs404100	1	25366987	FALSE	0.1935	0.0303	-0.0321764	0.0102415	40.78276639545143
SBP	Dem	apoe_excluded	rs34079867	rs34079867	1	27407850	FALSE	0.1992	0.0354	-0.0126489	0.0111881	31.66446423441539
SBP	Dem	apoe_excluded	rs4908348	rs4908348	1	28706949	FALSE	0.2366	0.033	-0.0172385	0.0106357	51.40455463728191
SBP	Dem	apoe_excluded	rs11210029	rs11210029	1	41865293	FALSE	0.203	0.0313	-0.00278709	0.0104564	42.06330573957068
SBP	Dem	apoe_excluded	rs1408945	rs1408945	1	42364877	FALSE	0.3196	0.0304	-0.0152786	0.0103833	110.5264889196676
SBP	Dem	apoe_excluded	rs1209384	rs1209384	1	43765089	FALSE	0.2558	0.0313	0.00722655	0.0107384	66.79014790392881
SBP	Dem	apoe_excluded	rs778124	rs778124	1	56606206	FALSE	0.2965	0.0311	0.0365467	0.0109167	90.89261897623061
SBP	Dem	apoe_excluded	rs61772592	rs61772592	1	56979681	FALSE	0.3181	0.0455	0.015889	0.0136784	48.87700036227509
SBP	Dem	apoe_excluded	rs12063372	rs12063372	1	59621911	FALSE	0.1989	0.0318	-0.0243506	0.0105474	39.12148451406194
SBP	Dem	apoe_excluded	rs12136922	rs12136922	1	67007389	FALSE	0.2027	0.0304	0.00146915	0.0102726	44.459065529778385
SBP	Dem	apoe_excluded	rs658780	rs658780	1	78555928	FALSE	0.2028	0.0347	0.0104414	0.0123673	34.15678230032639
SBP	Dem	apoe_excluded	rs786923	rs786923	1	89242954	FALSE	0.3082	0.031	-0.032307	0.0112976	98.84208116545264
SBP	Dem	apoe_excluded	rs7514579	rs7514579	1	94051350	FALSE	0.2243	0.0361	-0.0257413	0.0125929	38.60505214048388
SBP	Dem	apoe_excluded	rs10776752	rs10776752	1	113044328	FALSE	0.8211	0.0576	0.013028	0.0136133	203.21096462673611
SBP	Dem	apoe_excluded	rs59980837	rs59980837	1	115827266	FALSE	1.0997	0.1163	-0.0897921	0.0464086	89.41060234265312
SBP	Dem	apoe_excluded	rs11204684	rs11204684	1	150608894	FALSE	0.1716	0.0305	-0.0134518	0.0102813	31.65445847890352
SBP	Dem	apoe_excluded	rs76719272	rs76719272	1	156129796	FALSE	0.2738	0.0461	0.0146313	0.0150534	35.27483872182042
SBP	Dem	apoe_excluded	rs12731646	rs12731646	1	169090660	FALSE	0.189	0.0307	-0.00392236	0.0103334	37.90066738108627
SBP	Dem	apoe_excluded	rs1043069	rs1043069	1	180859368	FALSE	0.234	0.0311	0.0204896	0.0103563	56.61231790407461
SBP	Dem	apoe_excluded	rs4651224	rs4651224	1	184585182	FALSE	0.1986	0.0306	-0.00983594	0.0102419	42.122645136485964
SBP	Dem	apoe_excluded	rs12042924	rs12042924	1	197297417	FALSE	0.1807	0.0303	-0.009062	0.0102609	35.565674389221094
SBP	Dem	apoe_excluded	rs11120093	rs11120093	1	207211326	FALSE	0.1792	0.0307	-0.0296911	0.0104058	34.072128086239644
SBP	Dem	apoe_excluded	rs2724377	rs2724377	1	207974818	FALSE	0.1938	0.0301	-0.00874158	0.010234	41.45477422986502
SBP	Dem	apoe_excluded	rs7555285	rs7555285	1	209970355	FALSE	0.2294	0.0376	0.0130788	0.0119972	37.222979855138064
SBP	Dem	apoe_excluded	rs68085857	rs68085857	1	217737629	FALSE	0.274	0.0357	-0.00467925	0.0120368	58.90669993487592
SBP	Dem	apoe_excluded	rs4595370	rs4595370	1	221298122	FALSE	0.2092	0.0328	-0.0111963	0.0109906	40.67950624628196
SBP	Dem	apoe_excluded	rs1745417	rs1745417	1	228204279	FALSE	0.2871	0.0301	0.00158468	0.0102961	90.97737331817534
SBP	Dem	apoe_excluded	rs699	rs699	1	230845794	FALSE	0.3748	0.0308	-0.0042557	0.010321	148.08045201551695
SBP	Dem	apoe_excluded	rs1565440	rs1565440	1	243387788	FALSE	0.1746	0.0311	-0.00150868	0.0106193	31.518656754996332
SBP	Dem	apoe_excluded	rs4926499	rs4926499	1	249155909	FALSE	0.2965	0.0438	-0.0124126	0.012901	45.82486290944726
SBP	Dem	apoe_excluded	rs17760259	rs17760259	2	19744462	FALSE	0.2654	0.0304	0.00174585	0.0102789	76.21749480609421
SBP	Dem	apoe_excluded	rs2384063	rs2384063	2	25187115	FALSE	0.3266	0.0357	-0.0131488	0.0118665	83.69430909618748
SBP	Dem	apoe_excluded	rs1275988	rs1275988	2	26914364	FALSE	0.541	0.0308	5.76579e-4	0.0102661	308.52694383538545
SBP	Dem	apoe_excluded	rs13420463	rs13420463	2	37517566	FALSE	0.3143	0.036	-0.0325631	0.0124086	76.22260030864199
SBP	Dem	apoe_excluded	rs4952609	rs4952609	2	40555733	FALSE	0.2124	0.0347	0.00343265	0.0109596	37.46709963540931
SBP	Dem	apoe_excluded	rs115262049	rs115262049	2	43196694	FALSE	0.5893	0.0552	0.0269539	0.0192536	113.97109653959254
SBP	Dem	apoe_excluded	rs12464602	rs12464602	2	43397614	FALSE	0.2437	0.0315	-0.0154719	0.010428	59.85355505165029
SBP	Dem	apoe_excluded	rs13016772	rs13016772	2	55779476	FALSE	0.2522	0.0355	0.00865839	0.013045	50.47001785360048
SBP	Dem	apoe_excluded	rs2249105	rs2249105	2	65287896	FALSE	0.2927	0.0313	0.00920246	0.0108575	87.44938705100594
SBP	Dem	apoe_excluded	rs10188003	rs10188003	2	66773469	FALSE	0.1883	0.0307	-0.00546993	0.0103814	37.6204415961973
SBP	Dem	apoe_excluded	rs6731373	rs6731373	2	68503044	FALSE	0.1913	0.0326	0.0051225	0.0123	34.43457600963529
SBP	Dem	apoe_excluded	rs6732123	rs6732123	2	69534650	FALSE	0.1737	0.0307	-0.00790155	0.0105287	32.01274284077284
SBP	Dem	apoe_excluded	rs4577304	rs4577304	2	73403040	FALSE	0.1767	0.0302	0.00828669	0.0102714	34.234123503355114
SBP	Dem	apoe_excluded	rs72847885	rs72847885	2	86326717	FALSE	0.2413	0.0318	-0.0033600600000000002	0.0107549	57.578507574858584
SBP	Dem	apoe_excluded	rs10207726	rs10207726	2	112744260	FALSE	0.2142	0.033	-0.00859392	0.0102936	42.13190082644627
SBP	Dem	apoe_excluded	rs6737318	rs6737318	2	114083120	FALSE	0.2348	0.0364	-0.00595145	0.012421	41.60958821398382
SBP	Dem	apoe_excluded	rs2580350	rs2580350	2	121996007	FALSE	0.1769	0.0307	-2.95195e-4	0.0103753	33.20312151853069
SBP	Dem	apoe_excluded	rs17257081	rs17257081	2	135630498	FALSE	0.2274	0.0392	-0.0335811	0.0121975	33.651837775926694
SBP	Dem	apoe_excluded	rs55944332	rs55944332	2	145726621	FALSE	0.2613	0.0355	0.013637	0.0117274	54.17789327514382
SBP	Dem	apoe_excluded	rs62170470	rs62170470	2	146989797	FALSE	0.1972	0.0321	0.0106133	0.0103068	37.74016168321348
SBP	Dem	apoe_excluded	rs55732192	rs55732192	2	162278233	FALSE	0.3358	0.0521	0.00212046	0.0153574	41.54185992536131
SBP	Dem	apoe_excluded	rs268263	rs268263	2	164954174	FALSE	0.5938	0.0353	-0.018928	0.0126218	282.96386296334936
SBP	Dem	apoe_excluded	rs10048760	rs10048760	2	174977976	FALSE	0.1862	0.0301	-0.00477209	0.0102643	38.2671714440238
SBP	Dem	apoe_excluded	rs71421551	rs71421551	2	177053298	FALSE	0.2374	0.0333	0.010993	0.011774	50.824482139797446
SBP	Dem	apoe_excluded	rs4893914	rs4893914	2	177539076	FALSE	0.1736	0.0304	0.00609547	0.0104363	32.6101108033241
SBP	Dem	apoe_excluded	rs4894132	rs4894132	2	180738654	FALSE	0.2469	0.0342	5.76765e-4	0.0113321	52.118267159125885
SBP	Dem	apoe_excluded	rs12473915	rs12473915	2	182987704	FALSE	0.295	0.0375	0.0134237	0.0145801	61.88444444444444
SBP	Dem	apoe_excluded	rs13412750	rs13412750	2	191634958	FALSE	0.2889	0.0341	-0.0180041	0.0135757	71.77716909899297
SBP	Dem	apoe_excluded	rs2043444	rs2043444	2	204143126	FALSE	0.2435	0.031	-0.0141087	0.0102169	61.698491155046824
SBP	Dem	apoe_excluded	rs4675682	rs4675682	2	208402750	FALSE	0.2837	0.0303	0.00474943	0.0101944	87.66644882310013
SBP	Dem	apoe_excluded	rs12694277	rs12694277	2	213188795	FALSE	0.2018	0.0335	-0.0158307	0.0113207	36.287137447092896
SBP	Dem	apoe_excluded	rs2161967	rs2161967	2	218680529	FALSE	0.2836	0.0307	0.0112403	0.0102642	85.33667200713006
SBP	Dem	apoe_excluded	rs10804330	rs10804330	2	227185749	FALSE	0.2351	0.0306	0.0107419	0.0102964	59.02858943141527
SBP	Dem	apoe_excluded	rs1044822	rs1044822	2	230629138	FALSE	0.248	0.0424	-0.0162542	0.0160861	34.21146315414738
SBP	Dem	apoe_excluded	rs3754944	rs3754944	2	231279616	FALSE	0.1768	0.0308	-7.95184e-4	0.0103503	32.95058188564683
SBP	Dem	apoe_excluded	rs139354822	rs139354822	2	242344695	FALSE	0.6115	0.0975	-0.0111726	0.0249252	39.33541091387245
SBP	Dem	apoe_excluded	rs9848170	rs9848170	3	11495983	FALSE	0.3231	0.0307	0.00232534	0.01024	110.76362613926936
SBP	Dem	apoe_excluded	rs11925504	rs11925504	3	14943965	FALSE	0.2901	0.0305	0.00724592	0.010263	90.46816447191617
SBP	Dem	apoe_excluded	rs189267552	rs189267552	3	20073193	FALSE	0.8664	0.139	-0.0205628	0.031919	38.85145489363904
SBP	Dem	apoe_excluded	rs2643826	rs2643826	3	27562988	FALSE	0.4473	0.0306	0.0157077	0.0104267	213.67560553633217
SBP	Dem	apoe_excluded	rs68115553	rs68115553	3	27704702	FALSE	0.6445	0.1143	0.0262538	0.0324847	31.79460124352347
SBP	Dem	apoe_excluded	rs743395	rs743395	3	37598382	FALSE	0.2597	0.0317	-0.0113224	0.0104185	67.11589328185174
SBP	Dem	apoe_excluded	rs6788984	rs6788984	3	41107173	FALSE	0.2999	0.0432	-0.0263277	0.0194913	48.19316379458161
SBP	Dem	apoe_excluded	rs1052501	rs1052501	3	41925398	FALSE	0.2262	0.0412	0.0129396	0.0127544	30.143298143086064
SBP	Dem	apoe_excluded	rs6771917	rs6771917	3	48108442	FALSE	0.3793	0.0355	4.52472e-4	0.0127506	114.15869073596514
SBP	Dem	apoe_excluded	rs7615099	rs7615099	3	53143901	FALSE	0.1891	0.0321	0.0148001	0.0109343	34.70347725662601
SBP	Dem	apoe_excluded	rs6445583	rs6445583	3	53562894	FALSE	0.2774	0.0349	-0.00728419	0.0118162	63.17744517696899
SBP	Dem	apoe_excluded	rs3772219	rs3772219	3	56771251	FALSE	0.2733	0.0324	0.00413956	0.011306	71.15234910836763
SBP	Dem	apoe_excluded	rs7618284	rs7618284	3	66422246	FALSE	0.1891	0.0331	-0.028061	0.0120282	32.63826544116976
SBP	Dem	apoe_excluded	rs4499560	rs4499560	3	70920485	FALSE	0.2199	0.0326	-0.0234163	0.0112781	45.500404606872685
SBP	Dem	apoe_excluded	rs1375564	rs1375564	3	85656311	FALSE	0.2579	0.0315	-0.015967	0.0113845	67.0319072814311
SBP	Dem	apoe_excluded	rs12637573	rs12637573	3	121682388	FALSE	0.1731	0.0302	-0.00766782	0.0102134	32.853394587956664
SBP	Dem	apoe_excluded	rs6438857	rs6438857	3	124557643	FALSE	0.2736	0.0305	0.0209156	0.0102977	80.46972319269014
SBP	Dem	apoe_excluded	rs9880098	rs9880098	3	133949366	FALSE	0.3081	0.0308	-0.0310843	0.0102334	100.0649456063417
SBP	Dem	apoe_excluded	rs1199330	rs1199330	3	138101529	FALSE	0.2654	0.047	0.00835574	0.0163916	31.88644635581712
SBP	Dem	apoe_excluded	rs9876694	rs9876694	3	141152017	FALSE	0.4713	0.0651	0.00772272	0.0237015	52.41226188706491
SBP	Dem	apoe_excluded	rs4408839	rs4408839	3	153729768	FALSE	0.2301	0.0345	-0.00653271	0.011393	44.48310018903591
SBP	Dem	apoe_excluded	rs79539362	rs79539362	3	154680449	FALSE	0.4003	0.0504	0.012706	0.0181067	63.082675894431844
SBP	Dem	apoe_excluded	rs17684859	rs17684859	3	158213841	FALSE	0.2241	0.034	7.57595e-4	0.0114865	43.44360726643598
SBP	Dem	apoe_excluded	rs3980686	rs3980686	3	168697602	FALSE	0.4998	0.0487	0.00594463	0.0186709	105.32575505230449
SBP	Dem	apoe_excluded	rs1290784	rs1290784	3	169096900	FALSE	0.4124	0.0303	0.00291601	0.0103999	185.24737226197865
SBP	Dem	apoe_excluded	rs2111557	rs2111557	3	169325621	FALSE	0.1764	0.0302	-0.00510142	0.0102069	34.117977281698174
SBP	Dem	apoe_excluded	rs4955575	rs4955575	3	169534538	FALSE	0.2158	0.0348	-0.0415118	0.0111425	38.454254194741715
SBP	Dem	apoe_excluded	rs13091418	rs13091418	3	185329756	FALSE	0.2234	0.0325	0.0116996	0.011043	47.24976094674555
SBP	Dem	apoe_excluded	rs9869437	rs9869437	3	196228360	FALSE	0.2001	0.0318	0.0266223	0.010965	39.59496262014951
SBP	Dem	apoe_excluded	rs34535756	rs34535756	4	2246927	FALSE	0.478	0.0786	-0.00838271	0.0283832	36.983729256906805
SBP	Dem	apoe_excluded	rs1290933	rs1290933	4	2668217	FALSE	0.2847	0.0327	0.0107507	0.0115905	75.80178436158573
SBP	Dem	apoe_excluded	rs2498323	rs2498323	4	3451109	FALSE	0.3171	0.0517	-0.00357531	0.0204898	37.61935956960443
SBP	Dem	apoe_excluded	rs2610990	rs2610990	4	18008232	FALSE	0.2903	0.0343	-0.00167862	0.0109295	71.63179457538953
SBP	Dem	apoe_excluded	rs55924432	rs55924432	4	26812737	FALSE	0.2651	0.0317	0.00335183	0.010258	69.93602284827196
SBP	Dem	apoe_excluded	rs2291434	rs2291434	4	38387244	FALSE	0.2622	0.0303	0.0132517	0.0103145	74.8824625036761
SBP	Dem	apoe_excluded	rs12511987	rs12511987	4	46595623	FALSE	0.2329	0.0399	0.026085	0.0134064	34.07165155997764
SBP	Dem	apoe_excluded	rs62309747	rs62309747	4	48713862	FALSE	0.2244	0.0304	0.00185509	0.010223	54.48770775623267
SBP	Dem	apoe_excluded	rs60991988	rs60991988	4	54801228	FALSE	0.3789	0.0498	-0.00654224	0.0175377	57.88826389896938
SBP	Dem	apoe_excluded	rs13107261	rs13107261	4	63768826	FALSE	0.1778	0.0314	-0.0123366	0.0107833	32.063004584364485
SBP	Dem	apoe_excluded	rs5020545	rs5020545	4	77414988	FALSE	0.2179	0.0305	-1.72519e-4	0.0103752	51.04048374092987
SBP	Dem	apoe_excluded	rs12509595	rs12509595	4	81182554	FALSE	0.8367	0.0334	0.0069859	0.0110714	627.5475008067698
SBP	Dem	apoe_excluded	rs6823199	rs6823199	4	83925895	FALSE	0.2094	0.0348	-0.00848393	0.0118378	36.20719381688467
SBP	Dem	apoe_excluded	rs17010957	rs17010957	4	86719165	FALSE	0.534	0.043	0.0149991	0.0142988	154.22174148188216
SBP	Dem	apoe_excluded	rs13149209	rs13149209	4	89750668	FALSE	0.281	0.0367	2.04734e-4	0.0109014	58.62468353020662
SBP	Dem	apoe_excluded	rs13107325	rs13107325	4	103188709	FALSE	0.9086	0.0592	-0.0469113	0.0440181	235.56027437910882
SBP	Dem	apoe_excluded	rs11097909	rs11097909	4	106911321	FALSE	0.3628	0.043	0.00727655	0.0166683	71.18650081124935
SBP	Dem	apoe_excluded	rs1493132	rs1493132	4	108861082	FALSE	0.1766	0.0318	0.00954166	0.0104495	30.840908191922786
SBP	Dem	apoe_excluded	rs1814951	rs1814951	4	111408718	FALSE	0.3231	0.0466	-0.00550814	0.0129871	48.073094917939166
SBP	Dem	apoe_excluded	rs2389873	rs2389873	4	120554714	FALSE	0.1972	0.0303	-1.343e-4	0.0102351	42.35732880218714
SBP	Dem	apoe_excluded	rs7439567	rs7439567	4	138464842	FALSE	0.2537	0.0309	0.00263827	0.0102581	67.40994543417014
SBP	Dem	apoe_excluded	rs72719160	rs72719160	4	144051276	FALSE	0.2243	0.0324	0.0220939	0.0113258	47.92570682822741
SBP	Dem	apoe_excluded	rs2353940	rs2353940	4	145740898	FALSE	0.2075	0.0358	-0.00921562	0.0119683	33.59465216441434
SBP	Dem	apoe_excluded	rs73855810	rs73855810	4	148383424	FALSE	0.2732	0.0434	0.00205283	0.015342	39.62615472828048
SBP	Dem	apoe_excluded	rs7683728	rs7683728	4	156402654	FALSE	0.3654	0.0304	-0.00905119	0.0104883	144.47407375346262
SBP	Dem	apoe_excluded	rs12643599	rs12643599	4	156639846	FALSE	0.3134	0.0313	-0.031262	0.010852	100.2557543712807
SBP	Dem	apoe_excluded	rs17035181	rs17035181	4	157678511	FALSE	0.3074	0.0429	0.0131508	0.014511	51.344406952798565
SBP	Dem	apoe_excluded	rs869396	rs869396	4	169688000	FALSE	0.2115	0.0305	-0.0350464	0.0103813	48.086267132491265
SBP	Dem	apoe_excluded	rs4957026	rs4957026	5	361148	FALSE	0.1982	0.0323	-0.0068505	0.0109248	37.65323160386852
SBP	Dem	apoe_excluded	rs10069690	rs10069690	5	1279790	FALSE	0.3098	0.0369	-0.00294362	0.0111848	70.48717327281675
SBP	Dem	apoe_excluded	rs7725413	rs7725413	5	15695987	FALSE	0.1985	0.0359	-0.0187515	0.0120609	30.57258245978849
SBP	Dem	apoe_excluded	rs12656497	rs12656497	5	32831939	FALSE	0.6382	0.0307	0.00972222	0.0103343	432.1523199185136
SBP	Dem	apoe_excluded	rs10941043	rs10941043	5	33194751	FALSE	0.2585	0.0332	-0.00704938	0.0112344	60.62404739439687
SBP	Dem	apoe_excluded	rs2113077	rs2113077	5	50799442	FALSE	0.2097	0.0305	1.62456e-4	0.0103917	47.27126041386724
SBP	Dem	apoe_excluded	rs1694068	rs1694068	5	53283630	FALSE	0.2657	0.0311	-2.21924e-4	0.0102998	72.98982640791556
SBP	Dem	apoe_excluded	rs10043077	rs10043077	5	55692939	FALSE	0.1931	0.0324	0.00946636	0.0105385	35.52012841030331
SBP	Dem	apoe_excluded	rs34496659	rs34496659	5	61798934	FALSE	0.4545	0.0616	-0.00350902	0.0144723	54.43852515179625
SBP	Dem	apoe_excluded	rs6870654	rs6870654	5	63831964	FALSE	0.2136	0.0347	0.00428261	0.0129235	37.891652617329264
SBP	Dem	apoe_excluded	rs4286632	rs4286632	5	66291370	FALSE	0.211	0.0343	-0.0052714	0.012192	37.842225603277555
SBP	Dem	apoe_excluded	rs7703560	rs7703560	5	67678506	FALSE	0.2246	0.0333	0.00641439	0.0114235	45.49158167176184
SBP	Dem	apoe_excluded	rs246973	rs246973	5	68007803	FALSE	0.2479	0.0335	-0.0123144	0.0112047	54.75999999999999
SBP	Dem	apoe_excluded	rs6452769	rs6452769	5	87389027	FALSE	0.3143	0.0377	0.00128038	0.0147419	69.5034018391743
SBP	Dem	apoe_excluded	rs76443575	rs76443575	5	96211594	FALSE	0.5233	0.0816	0.0130652	0.0257482	41.126443254998065
SBP	Dem	apoe_excluded	rs1871190	rs1871190	5	97953719	FALSE	0.1954	0.0324	-0.0205125	0.0104067	36.37132296905959
SBP	Dem	apoe_excluded	rs11241313	rs11241313	5	114428167	FALSE	0.2071	0.0326	0.0229081	0.0113853	40.35756897135761
SBP	Dem	apoe_excluded	rs1624823	rs1624823	5	122475438	FALSE	0.3371	0.0313	-0.0117002	0.0104144	115.99221182210698
SBP	Dem	apoe_excluded	rs9327297	rs9327297	5	122835051	FALSE	0.2747	0.0319	-0.010364	0.0109663	74.15423394031114
SBP	Dem	apoe_excluded	rs758179	rs758179	5	127354424	FALSE	0.2091	0.0367	-0.00342003	0.0117575	32.46204961058438
SBP	Dem	apoe_excluded	rs6892983	rs6892983	5	127845030	FALSE	0.3427	0.0307	0.00544845	0.0107684	124.60958736962725
SBP	Dem	apoe_excluded	rs702395	rs702395	5	140086677	FALSE	0.2318	0.0305	0.022747	0.0102571	57.760000000000005
SBP	Dem	apoe_excluded	rs2913920	rs2913920	5	141726983	FALSE	0.2418	0.0359	0.0166034	0.0118342	45.365290461743776
SBP	Dem	apoe_excluded	rs1957563	rs1957563	5	157474590	FALSE	0.3629	0.0342	0.00223015	0.0122304	112.59567901234567
SBP	Dem	apoe_excluded	rs11960210	rs11960210	5	157817634	FALSE	0.4727	0.0313	-0.00480466	0.0107419	228.07754493768437
SBP	Dem	apoe_excluded	rs13358657	rs13358657	5	157938070	FALSE	0.388	0.0445	0.0274574	0.015616	76.0227244034844
SBP	Dem	apoe_excluded	rs3860770	rs3860770	5	173301427	FALSE	0.2663	0.0333	0.00787229	0.010437	63.95196096997896
SBP	Dem	apoe_excluded	rs12153395	rs12153395	5	179411477	FALSE	0.3303	0.0486	0.00745752	0.0150429	46.18964334705076
SBP	Dem	apoe_excluded	rs2745599	rs2745599	6	1613686	FALSE	0.2164	0.0317	-0.00216751	0.0104866	46.601080715302174
SBP	Dem	apoe_excluded	rs1575290	rs1575290	6	7715689	FALSE	0.1973	0.0301	-0.00577051	0.0102569	42.965629518438
SBP	Dem	apoe_excluded	rs1630736	rs1630736	6	12295987	FALSE	0.1706	0.0309	0.0113978	0.0102732	30.481834082173417
SBP	Dem	apoe_excluded	rs9349379	rs9349379	6	12903957	FALSE	0.2664	0.0312	0.00962003	0.0102447	72.905325443787
SBP	Dem	apoe_excluded	rs9368222	rs9368222	6	20686996	FALSE	0.2281	0.0339	-0.0154263	0.0108444	45.27424056525788
SBP	Dem	apoe_excluded	rs2655445	rs2655445	6	22377623	FALSE	0.2018	0.0312	0.00503744	0.0104598	41.834360618014465
SBP	Dem	apoe_excluded	rs116025100	rs116025100	6	30935290	FALSE	0.5365	0.0851	0.0182529	0.0344921	39.74480151228734
SBP	Dem	apoe_excluded	rs2753960	rs2753960	6	31762844	FALSE	0.4466	0.0309	-0.00542296	0.0106441	208.89136058482842
SBP	Dem	apoe_excluded	rs2815063	rs2815063	6	39262535	FALSE	0.2755	0.0458	0.0013141	0.0151518	36.1836397093877
SBP	Dem	apoe_excluded	rs7763558	rs7763558	6	43349215	FALSE	0.3363	0.0321	-0.012106	0.0111091	109.75989169359771
SBP	Dem	apoe_excluded	rs998584	rs998584	6	43757896	FALSE	0.1701	0.0312	0.0116376	0.010284	29.723465236686398
SBP	Dem	apoe_excluded	rs78648104	rs78648104	6	50683009	FALSE	0.4287	0.0541	-0.00569746	0.0138171	62.79317413839642
SBP	Dem	apoe_excluded	rs1984195	rs1984195	6	79657391	FALSE	0.2409	0.0303	-0.0092316	0.0102652	63.21037153220272
SBP	Dem	apoe_excluded	rs9361836	rs9361836	6	82235408	FALSE	0.2196	0.0324	0.00440125	0.0108248	45.93827160493827
SBP	Dem	apoe_excluded	rs6921291	rs6921291	6	97066242	FALSE	0.3575	0.0385	0.0157672	0.0155706	86.22448979591834
SBP	Dem	apoe_excluded	rs9486916	rs9486916	6	109013930	FALSE	0.2657	0.0385	-0.0137018	0.0122396	47.62792376454714
SBP	Dem	apoe_excluded	rs560955	rs560955	6	117481404	FALSE	0.1784	0.0307	-0.00585344	0.0104236	33.76859170919585
SBP	Dem	apoe_excluded	rs10782230	rs10782230	6	126228512	FALSE	0.2106	0.0302	0.0310889	0.0102508	48.62984079645629
SBP	Dem	apoe_excluded	rs9401913	rs9401913	6	127159982	FALSE	0.5202	0.0305	0.00308296	0.0102284	290.8981886589627
SBP	Dem	apoe_excluded	rs2327429	rs2327429	6	134209837	FALSE	0.2	0.0338	-0.00601394	0.0118925	35.01277966457758
SBP	Dem	apoe_excluded	rs8180684	rs8180684	6	143200936	FALSE	0.2134	0.0335	-0.00233117	0.0111852	40.57880151481399
SBP	Dem	apoe_excluded	rs7765526	rs7765526	6	147713764	FALSE	0.201	0.0307	0.0233403	0.0102975	42.86623730755764
SBP	Dem	apoe_excluded	rs17080102	rs17080102	6	151004770	FALSE	0.8085	0.0594	0.0136046	0.0192601	185.26234567901233
SBP	Dem	apoe_excluded	rs1293969	rs1293969	6	151959945	FALSE	0.1988	0.0347	0.0142415	0.011125	32.822662757767276
SBP	Dem	apoe_excluded	rs509833	rs509833	6	159711515	FALSE	0.329	0.044	-0.0173844	0.0155819	55.90960743801654
SBP	Dem	apoe_excluded	rs12661036	rs12661036	6	163737476	FALSE	0.2104	0.0374	-0.0259612	0.0112546	31.64814550030026
SBP	Dem	apoe_excluded	rs7744902	rs7744902	6	166176722	FALSE	0.4088	0.0593	0.0172722	0.0197274	47.52393437774599
SBP	Dem	apoe_excluded	rs6959688	rs6959688	7	1966831	FALSE	0.2344	0.031	0.00197936	0.0104818	57.17311134235172
SBP	Dem	apoe_excluded	rs10282122	rs10282122	7	2529623	FALSE	0.302	0.0327	0.0107933	0.011669	85.29398011764816
SBP	Dem	apoe_excluded	rs73049928	rs73049928	7	4669949	FALSE	0.2382	0.0392	9.65952e-4	0.0112203	36.92422428154936
SBP	Dem	apoe_excluded	rs3807925	rs3807925	7	18543250	FALSE	0.1859	0.0319	-0.0062476	0.0105858	33.96076099881095
SBP	Dem	apoe_excluded	rs28688791	rs28688791	7	19039605	FALSE	0.3222	0.038	-0.00534655	0.0117892	71.89254847645428
SBP	Dem	apoe_excluded	rs112509803	rs112509803	7	24735004	FALSE	0.2641	0.0477	-0.008618	0.0166768	30.654909923570187
SBP	Dem	apoe_excluded	rs3735533	rs3735533	7	27245893	FALSE	0.91	0.0577	-0.0138667	0.0174713	248.73171156612972
SBP	Dem	apoe_excluded	rs6961048	rs6961048	7	27328187	FALSE	0.5304	0.0497	-0.0114705	0.0149506	113.8922711318211
SBP	Dem	apoe_excluded	rs977184	rs977184	7	28650761	FALSE	0.184	0.0314	-0.00633458	0.0103327	34.33810702259727
SBP	Dem	apoe_excluded	rs11977526	rs11977526	7	46008110	FALSE	0.3213	0.0312	0.00221311	0.010949	106.05038831360947
SBP	Dem	apoe_excluded	rs12668436	rs12668436	7	47548893	FALSE	0.2151	0.035	0.00762262	0.0117373	37.76980408163266
SBP	Dem	apoe_excluded	rs848445	rs848445	7	77572461	FALSE	0.2025	0.0339	0.0232224	0.0116703	35.68212076121858
SBP	Dem	apoe_excluded	rs2392929	rs2392929	7	106414069	FALSE	0.7507	0.0379	-0.0180536	0.0112003	392.3326139472713
SBP	Dem	apoe_excluded	rs34072724	rs34072724	7	130432469	FALSE	0.2422	0.0303	0.0199708	0.0102337	63.8944330076572
SBP	Dem	apoe_excluded	rs35680304	rs35680304	7	130973495	FALSE	0.2694	0.031	-0.0042685	0.0104848	75.52170655567116
SBP	Dem	apoe_excluded	rs75672964	rs75672964	7	131321010	FALSE	0.5885	0.0839	-0.024341	0.0191561	49.200442947433025
SBP	Dem	apoe_excluded	rs73727605	rs73727605	7	149474622	FALSE	0.3616	0.0623	3.85511e-4	0.0244309	33.688428331817505
SBP	Dem	apoe_excluded	rs3918226	rs3918226	7	150690176	FALSE	0.664	0.0575	-0.00514818	0.0200996	133.3522873345936
SBP	Dem	apoe_excluded	rs10224210	rs10224210	7	151413194	FALSE	0.3831	0.034	-0.00163402	0.0122049	126.95987024221454
SBP	Dem	apoe_excluded	rs62480403	rs62480403	7	155744252	FALSE	0.2056	0.0326	0.00891198	0.0110978	39.77507621664347
SBP	Dem	apoe_excluded	rs71499040	rs71499040	8	1711918	FALSE	0.2215	0.0338	-0.00632722	0.0120518	42.94514372746053
SBP	Dem	apoe_excluded	rs1821002	rs1821002	8	10640065	FALSE	0.3794	0.0307	-0.00235453	0.0102569	152.72773185922395
SBP	Dem	apoe_excluded	rs10866828	rs10866828	8	23401534	FALSE	0.2476	0.0355	-0.015702	0.0115422	48.64571315215236
SBP	Dem	apoe_excluded	rs7821832	rs7821832	8	25889446	FALSE	0.4222	0.0348	-0.0197199	0.0111751	147.18988637864982
SBP	Dem	apoe_excluded	rs77375686	rs77375686	8	26043622	FALSE	0.3467	0.0485	0.00907742	0.0181125	51.1003889892656
SBP	Dem	apoe_excluded	rs1906672	rs1906672	8	38130025	FALSE	0.2966	0.0358	0.00843405	0.0133128	68.6398364595362
SBP	Dem	apoe_excluded	rs4873492	rs4873492	8	51947549	FALSE	0.3431	0.0403	0.019892	0.013783	72.48219618370904
SBP	Dem	apoe_excluded	rs2354862	rs2354862	8	64501744	FALSE	0.2507	0.0317	-0.0226834	0.0119552	62.54464667774582
SBP	Dem	apoe_excluded	rs13253358	rs13253358	8	68920135	FALSE	0.2127	0.033	-0.00977321	0.0113941	41.54388429752066
SBP	Dem	apoe_excluded	rs2126474	rs2126474	8	76878957	FALSE	0.2601	0.0306	0.0145049	0.0106569	72.25
SBP	Dem	apoe_excluded	rs9918879	rs9918879	8	77681093	FALSE	0.2984	0.0499	-0.0231009	0.0144399	35.75992064288898
SBP	Dem	apoe_excluded	rs148401029	rs148401029	8	81386066	FALSE	0.4623	0.0848	0.0277435	0.032493	29.72049800863296
SBP	Dem	apoe_excluded	rs10091532	rs10091532	8	82853793	FALSE	0.2067	0.0305	-0.0103184	0.0102637	45.92839559258264
SBP	Dem	apoe_excluded	rs843093	rs843093	8	92528310	FALSE	0.2085	0.0338	0.00116701	0.0114335	38.052107769335805
SBP	Dem	apoe_excluded	rs2613203	rs2613203	8	95253197	FALSE	0.2681	0.0389	0.00193856	0.0135593	47.50008921431924
SBP	Dem	apoe_excluded	rs79069610	rs79069610	8	105921209	FALSE	0.4005	0.0727	-0.00602822	0.0327906	30.34842931986703
SBP	Dem	apoe_excluded	rs35783704	rs35783704	8	105966258	FALSE	0.4619	0.0507	5.06799e-4	0.0140739	83.00036568903204
SBP	Dem	apoe_excluded	rs7830607	rs7830607	8	110097287	FALSE	0.206	0.0327	0.0214822	0.0108271	39.686146882510826
SBP	Dem	apoe_excluded	rs2470004	rs2470004	8	120358445	FALSE	0.3454	0.0392	0.0126513	0.0157284	77.63767700957935
SBP	Dem	apoe_excluded	rs4598218	rs4598218	8	129483956	FALSE	0.1911	0.0313	-0.0114116	0.0110673	37.27629147995793
SBP	Dem	apoe_excluded	rs7012866	rs7012866	8	135616959	FALSE	0.2325	0.0301	6.17576e-4	0.0104813	59.664076555446414
SBP	Dem	apoe_excluded	rs4440615	rs4440615	8	141057641	FALSE	0.2201	0.0312	-0.00311459	0.0103525	49.76578936554898
SBP	Dem	apoe_excluded	rs4961293	rs4961293	8	141812374	FALSE	0.2268	0.0303	-9.16663e-4	0.0102411	56.027448289383386
SBP	Dem	apoe_excluded	rs3802228	rs3802228	8	143992218	FALSE	0.2747	0.0305	-0.00479569	0.0103104	81.118075786079
SBP	Dem	apoe_excluded	rs60191654	rs60191654	9	753648	FALSE	0.2382	0.0385	0.00358791	0.0137239	38.27912970146736
SBP	Dem	apoe_excluded	rs927315	rs927315	9	4117713	FALSE	0.1689	0.0303	-0.0288482	0.0103528	31.072345848446226
SBP	Dem	apoe_excluded	rs1332813	rs1332813	9	9350706	FALSE	0.2203	0.0314	0.00424823	0.0110773	49.22318349628788
SBP	Dem	apoe_excluded	rs9886665	rs9886665	9	22942770	FALSE	0.2048	0.0343	0.00783787	0.0112102	35.65099575856999
SBP	Dem	apoe_excluded	rs4553000	rs4553000	9	34223553	FALSE	0.2035	0.03	0.030254	0.0102337	46.01361111111111
SBP	Dem	apoe_excluded	rs76452347	rs76452347	9	35906471	FALSE	0.2974	0.0397	0.00482748	0.0134406	56.117835910385836
SBP	Dem	apoe_excluded	rs10746963	rs10746963	9	77238558	FALSE	0.2177	0.0388	0.0185649	0.0135741	31.48135428844723
SBP	Dem	apoe_excluded	rs7045409	rs7045409	9	95201540	FALSE	0.1862	0.0313	0.046111	0.0111896	35.38919454113036
SBP	Dem	apoe_excluded	rs10980408	rs10980408	9	113249071	FALSE	0.7606	0.0827	-0.00737194	0.0457043	84.5866105984686
SBP	Dem	apoe_excluded	rs2900568	rs2900568	9	116689758	FALSE	0.1889	0.03	-0.00374808	0.0102093	39.648011111111124
SBP	Dem	apoe_excluded	rs34025993	rs34025993	9	123516572	FALSE	0.223	0.0308	0.00328024	0.0103412	52.42136110642603
SBP	Dem	apoe_excluded	rs7854147	rs7854147	9	125863350	FALSE	0.3056	0.0461	-0.0284949	0.0141007	43.94453254031366
SBP	Dem	apoe_excluded	rs13289468	rs13289468	9	128180332	FALSE	0.2488	0.0306	-0.00899756	0.0103435	66.10859071297364
SBP	Dem	apoe_excluded	rs6271	rs6271	9	136522274	FALSE	0.5547	0.0611	-0.0260154	0.0205765	82.4202469188714
SBP	Dem	apoe_excluded	rs11145807	rs11145807	9	139520789	FALSE	0.2135	0.0322	-4.84944e-4	0.0104617	43.96266540642722
SBP	Dem	apoe_excluded	rs11252324	rs11252324	10	4124568	FALSE	0.4164	0.0573	0.0177749	0.0233933	52.80951728296922
SBP	Dem	apoe_excluded	rs1623474	rs1623474	10	18471794	FALSE	0.3827	0.0321	0.00903229	0.0109903	142.13690666821947
SBP	Dem	apoe_excluded	rs12258967	rs12258967	10	18727959	FALSE	0.6327	0.0337	0.027504	0.0123594	352.48112601149967
SBP	Dem	apoe_excluded	rs11596400	rs11596400	10	28245420	FALSE	0.2518	0.0303	1.27736e-4	0.0103469	69.05993965733208
SBP	Dem	apoe_excluded	rs12264186	rs12264186	10	32289986	FALSE	0.2135	0.0387	0.00950676	0.0150319	30.435036623066186
SBP	Dem	apoe_excluded	rs4948643	rs4948643	10	45379759	FALSE	0.2258	0.0338	0.00235043	0.0106775	44.62872448443683
SBP	Dem	apoe_excluded	rs4245599	rs4245599	10	60365755	FALSE	0.1794	0.0305	-9.20566e-4	0.0102468	34.597538296156955
SBP	Dem	apoe_excluded	rs57946343	rs57946343	10	63499951	FALSE	0.716	0.0426	0.0308385	0.0168197	282.4924507923912
SBP	Dem	apoe_excluded	rs2236295	rs2236295	10	64564892	FALSE	0.3028	0.0309	-0.0179278	0.010645	96.02731433478912
SBP	Dem	apoe_excluded	rs2177843	rs2177843	10	75409877	FALSE	0.4394	0.0432	-0.0439745	0.0143502	103.45526834705075
SBP	Dem	apoe_excluded	rs10749572	rs10749572	10	82136664	FALSE	0.203	0.0302	-0.0450206	0.0104076	45.18332529275032
SBP	Dem	apoe_excluded	rs111866816	rs111866816	10	94441507	FALSE	0.3569	0.0597	-0.0442624	0.0250072	35.73916764167009
SBP	Dem	apoe_excluded	rs2689690	rs2689690	10	95899706	FALSE	0.2702	0.0316	-0.0126498	0.0115226	73.11332318538693
SBP	Dem	apoe_excluded	rs57866767	rs57866767	10	96023077	FALSE	0.4501	0.0304	0.0120363	0.0108146	219.215298216759
SBP	Dem	apoe_excluded	rs1006545	rs1006545	10	102553647	FALSE	0.6846	0.048	-0.0319338	0.0212062	203.41890625
SBP	Dem	apoe_excluded	rs11191580	rs11191580	10	104906211	FALSE	1.0995	0.055	-0.0491202	0.0184184	399.63644628099166
SBP	Dem	apoe_excluded	rs117464403	rs117464403	10	107158054	FALSE	0.864	0.1199	-0.0275396	0.033413	51.92650812012511
SBP	Dem	apoe_excluded	rs12255372	rs12255372	10	114808902	FALSE	0.2358	0.0335	0.0137882	0.0133127	49.54478948540877
SBP	Dem	apoe_excluded	rs1801253	rs1801253	10	115805056	FALSE	0.4626	0.0344	0.00956884	0.0117178	180.83994726879394
SBP	Dem	apoe_excluded	rs72842207	rs72842207	10	121433675	FALSE	0.203	0.0367	-0.00169306	0.012339899999999999	30.595668540118343
SBP	Dem	apoe_excluded	rs11592107	rs11592107	10	122968964	FALSE	0.3024	0.0326	-0.00698337	0.0112192	86.04554179683092
SBP	Dem	apoe_excluded	rs7093894	rs7093894	10	124234880	FALSE	0.236	0.0427	0.0128436	0.0169746	30.54697826456569
SBP	Dem	apoe_excluded	rs7912283	rs7912283	10	133773019	FALSE	0.2144	0.0322	-0.0152537	0.0104884	44.33409204891787
SBP	Dem	apoe_excluded	rs1133400	rs1133400	10	134459388	FALSE	0.2975	0.0376	0.00447642	0.0136111	62.60344754413761
SBP	Dem	apoe_excluded	rs569550	rs569550	11	1887068	FALSE	0.5765	0.0318	0.0137281	0.0103544	328.65813258969183
SBP	Dem	apoe_excluded	rs74048190	rs74048190	11	2114221	FALSE	0.4404	0.0757	0.0324262	0.0219679	33.84565019745257
SBP	Dem	apoe_excluded	rs360153	rs360153	11	9762274	FALSE	0.3445	0.0306	-0.00779487	0.0110478	126.74639027724378
SBP	Dem	apoe_excluded	rs2014408	rs2014408	11	16365282	FALSE	0.5169	0.0373	5.59426e-4	0.014323	192.04163761688795
SBP	Dem	apoe_excluded	rs7926335	rs7926335	11	16917869	FALSE	0.3135	0.0339	0.00281517	0.0118402	85.52157569112694
SBP	Dem	apoe_excluded	rs17762	rs17762	11	22492454	FALSE	0.4117	0.0571	-0.00241243	0.0164688	51.986372879484485
SBP	Dem	apoe_excluded	rs1382472	rs1382472	11	27273967	FALSE	0.1917	0.0307	-0.00135831	0.0109687	38.99127842205222
SBP	Dem	apoe_excluded	rs871004	rs871004	11	28512458	FALSE	0.2336	0.0317	-0.00981455	0.0103364	54.303416294320776
SBP	Dem	apoe_excluded	rs10501122	rs10501122	11	30192151	FALSE	0.1916	0.0315	0.00608678	0.0105031	36.99728898966994
SBP	Dem	apoe_excluded	rs11604310	rs11604310	11	45351420	FALSE	0.2778	0.0411	0.0307318	0.0153772	45.68575843145612
SBP	Dem	apoe_excluded	rs7107356	rs7107356	11	47676170	FALSE	0.4598	0.0301	0.0143138	0.010459	233.34846193750624
SBP	Dem	apoe_excluded	rs2904315	rs2904315	11	48109948	FALSE	0.2081	0.0325	-0.0185293	0.0111477	40.99939408284023
SBP	Dem	apoe_excluded	rs4427587	rs4427587	11	58436648	FALSE	0.2062	0.0313	-0.00793233	0.0102734	43.399891802508954
SBP	Dem	apoe_excluded	rs7125196	rs7125196	11	61272565	FALSE	0.4422	0.0472	-0.0142059	0.0135604	87.77149166906062
SBP	Dem	apoe_excluded	rs2306363	rs2306363	11	65405600	FALSE	0.4358	0.0376	0.00242816	0.0138244	134.33796401086465
SBP	Dem	apoe_excluded	rs7395791	rs7395791	11	69262916	FALSE	0.2162	0.0308	0.0141201	0.0102814	49.273106763366506
SBP	Dem	apoe_excluded	rs10501410	rs10501410	11	72088806	FALSE	0.4122	0.0607	0.00612431	0.0164916	46.114615591303014
SBP	Dem	apoe_excluded	rs7927515	rs7927515	11	76125330	FALSE	0.2271	0.0319	-3.11462e-4	0.0105082	50.68190171087155
SBP	Dem	apoe_excluded	rs2289124	rs2289124	11	89224477	FALSE	0.308	0.0415	-0.00188342	0.0142603	55.08143417041661
SBP	Dem	apoe_excluded	rs604723	rs604723	11	100610546	FALSE	0.655	0.0339	0.00378503	0.0116431	373.3216731493809
SBP	Dem	apoe_excluded	rs629864	rs629864	11	100699139	FALSE	0.1868	0.0319	0.0143646	0.0116798	34.290386297304465
SBP	Dem	apoe_excluded	rs7926110	rs7926110	11	107086143	FALSE	0.2603	0.0321	0.00722799	0.0120061	65.75643675818363
SBP	Dem	apoe_excluded	rs236916	rs236916	11	117089628	FALSE	0.3166	0.0446	0.0144143	0.0143913	50.390898670795714
SBP	Dem	apoe_excluded	rs573455	rs573455	11	117267884	FALSE	0.1994	0.0303	0.014041	0.010225	43.30769314555218
SBP	Dem	apoe_excluded	rs11222084	rs11222084	11	130273230	FALSE	0.3363	0.0316	-0.00396529	0.0108298	113.26078553116484
SBP	Dem	apoe_excluded	rs78998485	rs78998485	12	434755	FALSE	0.2449	0.0346	0.00180122	0.0109662	50.09857496074043
SBP	Dem	apoe_excluded	rs3819532	rs3819532	12	2436837	FALSE	0.1875	0.0306	0.00935626	0.0102669	37.54565551710881
SBP	Dem	apoe_excluded	rs10845621	rs10845621	12	12887977	FALSE	0.2879	0.0337	0.0166055	0.0122248	72.98330530338383
SBP	Dem	apoe_excluded	rs1010064	rs1010064	12	20000315	FALSE	0.3571	0.0387	0.00323307	0.0156738	85.14472955017393
SBP	Dem	apoe_excluded	rs73075659	rs73075659	12	20373541	FALSE	0.3962	0.0321	-0.00114149	0.0121996	152.34172804999957
SBP	Dem	apoe_excluded	rs2129869	rs2129869	12	26457650	FALSE	0.2643	0.0361	-0.00264409	0.0115033	53.60186769592007
SBP	Dem	apoe_excluded	rs9651825	rs9651825	12	27159784	FALSE	0.2042	0.034	0.00591968	0.0114857	36.07062283737023
SBP	Dem	apoe_excluded	rs61917655	rs61917655	12	48210787	FALSE	0.3427	0.0514	-0.0198777	0.0173888	44.45309164408243
SBP	Dem	apoe_excluded	rs12426261	rs12426261	12	50573037	FALSE	0.3775	0.0309	-0.00104798	0.0105512	149.25089808443568
SBP	Dem	apoe_excluded	rs7134440	rs7134440	12	53450097	FALSE	0.4788	0.0562	-0.0298924	0.017784	72.5831233140411
SBP	Dem	apoe_excluded	rs7134677	rs7134677	12	54441498	FALSE	0.3851	0.0332	-0.00176556	0.0105348	134.5460244592829
SBP	Dem	apoe_excluded	rs7306710	rs7306710	12	66376091	FALSE	0.2429	0.0303	-0.00758374	0.0102496	64.26429870709843
SBP	Dem	apoe_excluded	rs4143175	rs4143175	12	67782397	FALSE	0.2187	0.0352	-1.80743e-4	0.0122695	38.60221623192149
SBP	Dem	apoe_excluded	rs7963801	rs7963801	12	79685226	FALSE	0.2362	0.0311	-0.00470694	0.0103903	57.68182711096866
SBP	Dem	apoe_excluded	rs6539467	rs6539467	12	79955306	FALSE	0.265	0.0404	3.27138e-4	0.014069	43.02580629350065
SBP	Dem	apoe_excluded	rs17249754	rs17249754	12	90060586	FALSE	0.8446	0.0403	0.00674555	0.0192435	439.23006729922605
SBP	Dem	apoe_excluded	rs10777213	rs10777213	12	90349999	FALSE	0.1786	0.0299	0.00281074	0.0102475	35.67964564154764
SBP	Dem	apoe_excluded	rs3184504	rs3184504	12	111884608	FALSE	0.5779	0.0303	0.00249635	0.0104124	363.7643477219008
SBP	Dem	apoe_excluded	rs1896326	rs1896326	12	115342956	FALSE	0.2797	0.0371	-0.00392445	0.0131961	56.83778089377438
SBP	Dem	apoe_excluded	rs35444	rs35444	12	115552437	FALSE	0.4368	0.031	0.0331108	0.0106192	198.53719042663894
SBP	Dem	apoe_excluded	rs6490019	rs6490019	12	115920472	FALSE	0.2897	0.0309	0.0114414	0.0111437	87.89821011510143
SBP	Dem	apoe_excluded	rs117206641	rs117206641	12	133086888	FALSE	0.3154	0.0499	-0.00627701	0.0184353	39.95050622286658
SBP	Dem	apoe_excluded	rs483071	rs483071	13	22294117	FALSE	0.2709	0.0313	0.00267149	0.0103963	74.90819544958097
SBP	Dem	apoe_excluded	rs9507885	rs9507885	13	27951090	FALSE	0.3208	0.0542	-0.00423395	0.0166927	35.03242058250841
SBP	Dem	apoe_excluded	rs9508495	rs9508495	13	30146201	FALSE	0.3557	0.0353	0.0123375	0.0106487	101.53559534223051
SBP	Dem	apoe_excluded	rs2065498	rs2065498	13	41893105	FALSE	0.2934	0.0403	0.0057265	0.0150907	53.004180802788014
SBP	Dem	apoe_excluded	rs7491248	rs7491248	13	47180671	FALSE	0.2163	0.0362	-0.00560649	0.0147694	35.70227557156374
SBP	Dem	apoe_excluded	rs9526707	rs9526707	13	51489186	FALSE	0.2039	0.0323	0.0235677	0.0109349	39.850099205398294
SBP	Dem	apoe_excluded	rs75961402	rs75961402	13	56398286	FALSE	0.2659	0.0418	0.0179684	0.0152914	40.46542547102861
SBP	Dem	apoe_excluded	rs17245822	rs17245822	13	73131694	FALSE	0.1899	0.0312	-0.00270876	0.0104611	37.04595044378699
SBP	Dem	apoe_excluded	rs78474310	rs78474310	13	73826901	FALSE	0.4699	0.0734	-0.00422176	0.0252937	40.984417806947846
SBP	Dem	apoe_excluded	rs6562778	rs6562778	13	74223828	FALSE	0.178	0.0304	-0.00282628	0.0102427	34.28410664819944
SBP	Dem	apoe_excluded	rs9549627	rs9549627	13	113652369	FALSE	0.2846	0.05	-0.00101902	0.016368	32.398864
SBP	Dem	apoe_excluded	rs7331680	rs7331680	13	115000650	FALSE	0.4101	0.0423	0.0230886	0.0142714	93.99371258990998
SBP	Dem	apoe_excluded	rs8904	rs8904	14	35871217	FALSE	0.3061	0.0314	-0.00215777	0.010474	95.03145158018582
SBP	Dem	apoe_excluded	rs7493678	rs7493678	14	39400917	FALSE	0.189	0.0316	-0.0232188	0.0107536	35.77251241788175
SBP	Dem	apoe_excluded	rs72683923	rs72683923	14	50735947	FALSE	0.9587	0.1101	0.0138192	0.0485152	75.82122849263446
SBP	Dem	apoe_excluded	rs35413927	rs35413927	14	53420358	FALSE	0.3002	0.0328	-0.0125716	0.0116033	83.76714009518143
SBP	Dem	apoe_excluded	rs57140819	rs57140819	14	68018247	FALSE	0.2415	0.0398	0.00698989	0.0131442	36.81867250826999
SBP	Dem	apoe_excluded	rs11847049	rs11847049	14	69259406	FALSE	0.2272	0.0364	0.0061564	0.0131165	38.959545948556936
SBP	Dem	apoe_excluded	rs11159091	rs11159091	14	75074316	FALSE	0.1978	0.0303	-0.0234673	0.0103558	42.615473428530976
SBP	Dem	apoe_excluded	rs7154723	rs7154723	14	98590629	FALSE	0.253	0.0309	0.00177757	0.0106341	67.03846838638054
SBP	Dem	apoe_excluded	rs17562391	rs17562391	14	100133250	FALSE	0.1967	0.0306	-0.00943831	0.0102906	41.32052842923663
SBP	Dem	apoe_excluded	rs75016974	rs75016974	14	100197940	FALSE	0.2513	0.0439	-0.00653751	0.0151123	32.768452841153795
SBP	Dem	apoe_excluded	rs12885878	rs12885878	14	104007555	FALSE	0.2291	0.0367	0.0107089	0.0113164	38.96889129773032
SBP	Dem	apoe_excluded	rs8030856	rs8030856	15	40314967	FALSE	0.1764	0.031	0.0131341	0.0103081	32.37977107180021
SBP	Dem	apoe_excluded	rs28866311	rs28866311	15	41442195	FALSE	0.2762	0.0302	0.00642882	0.0106222	83.64374369545195
SBP	Dem	apoe_excluded	rs4775769	rs4775769	15	48939888	FALSE	0.4162	0.0517	-0.0188421	0.0211908	64.80717126406248
SBP	Dem	apoe_excluded	rs3098186	rs3098186	15	50810621	FALSE	0.2422	0.0303	0.0140703	0.0102673	63.8944330076572
SBP	Dem	apoe_excluded	rs2652812	rs2652812	15	63406170	FALSE	0.2516	0.0353	0.0216981	0.0112139	50.80095338217946
SBP	Dem	apoe_excluded	rs28429256	rs28429256	15	66931617	FALSE	0.215	0.0325	-0.00194418	0.0104588	43.76331360946745
SBP	Dem	apoe_excluded	rs11636952	rs11636952	15	75114322	FALSE	0.5313	0.0328	-0.0395413	0.0104978	262.38073505353947
SBP	Dem	apoe_excluded	rs2627313	rs2627313	15	81006712	FALSE	0.3208	0.0303	0.0103258	0.010429	112.09428269559628
SBP	Dem	apoe_excluded	rs2046341	rs2046341	15	86040872	FALSE	0.2542	0.0382	-0.0108246	0.0121025	44.28170828650531
SBP	Dem	apoe_excluded	rs77032376	rs77032376	15	90010780	FALSE	0.2727	0.043	0.00751802	0.0126904	40.21919415900487
SBP	Dem	apoe_excluded	rs4932373	rs4932373	15	91429287	FALSE	0.635	0.0328	0.0276258	0.011586	374.80015615704934
SBP	Dem	apoe_excluded	rs12906962	rs12906962	15	95312071	FALSE	0.2653	0.0325	-0.00110998	0.0104849	66.63582485207098
SBP	Dem	apoe_excluded	rs2589218	rs2589218	15	96785017	FALSE	0.2258	0.0339	0.00643294	0.0122614	44.36581651743372
SBP	Dem	apoe_excluded	rs4606697	rs4606697	15	100087596	FALSE	0.3196	0.0523	-0.0268732	0.0186278	37.34308245195208
SBP	Dem	apoe_excluded	rs11641374	rs11641374	16	1347717	FALSE	0.1943	0.0309	-0.0107541	0.0108861	39.5392695929033
SBP	Dem	apoe_excluded	rs12596630	rs12596630	16	2065666	FALSE	0.4278	0.0547	-0.00943655	0.0223767	61.165553175205304
SBP	Dem	apoe_excluded	rs72778133	rs72778133	16	3578718	FALSE	0.2417	0.0443	-0.00514008	0.0136807	29.767738943892706
SBP	Dem	apoe_excluded	rs111929315	rs111929315	16	4136871	FALSE	0.3146	0.0485	0.0240761	0.0187632	42.07595281113827
SBP	Dem	apoe_excluded	rs12446456	rs12446456	16	4922201	FALSE	0.3003	0.0302	-0.00768915	0.0104377	98.8773409061006
SBP	Dem	apoe_excluded	rs77924615	rs77924615	16	20392332	FALSE	0.4081	0.039	-0.0216324	0.0123814	109.49744247205786
SBP	Dem	apoe_excluded	rs7186298	rs7186298	16	21088031	FALSE	0.2315	0.0302	-0.0138625	0.0105347	58.76085478707074
SBP	Dem	apoe_excluded	rs8044992	rs8044992	16	24811207	FALSE	0.2138	0.0331	0.0122565	0.011748	41.7214519765245
SBP	Dem	apoe_excluded	rs34941092	rs34941092	16	50550137	FALSE	0.3225	0.0425	-0.00127731	0.0159341	57.58131487889273
SBP	Dem	apoe_excluded	rs4784541	rs4784541	16	51704452	FALSE	0.2015	0.0307	-3.80112e-4	0.0102839	43.079767424588056
SBP	Dem	apoe_excluded	rs2060664	rs2060664	16	60652439	FALSE	0.216	0.0345	0.00353695	0.0117977	39.1984877126654
SBP	Dem	apoe_excluded	rs146550789	rs146550789	16	66781040	FALSE	0.4824	0.0778	0.023494	0.021438	38.44637558567549
SBP	Dem	apoe_excluded	rs62047964	rs62047964	16	70729954	FALSE	0.5115	0.0686	-0.0495334	0.0212743	55.595935792059436
SBP	Dem	apoe_excluded	rs12103229	rs12103229	16	74167594	FALSE	0.1791	0.0301	-0.00467521	0.0103119	35.40447677177957
SBP	Dem	apoe_excluded	rs4888408	rs4888408	16	75432824	FALSE	0.3653	0.0307	0.00969579	0.0103289	141.58674362592708
SBP	Dem	apoe_excluded	rs12926550	rs12926550	16	81510155	FALSE	0.2548	0.0324	-0.0102787	0.0115222	61.84560280445056
SBP	Dem	apoe_excluded	rs3950627	rs3950627	16	86436343	FALSE	0.1851	0.0308	0.0158129	0.0104869	36.11697798954292
SBP	Dem	apoe_excluded	rs6540119	rs6540119	16	87984477	FALSE	0.2016	0.0322	0.009471	0.0103736	39.19848771266541
SBP	Dem	apoe_excluded	rs908951	rs908951	16	89697625	FALSE	0.2261	0.0315	-0.0245646	0.0104546	51.520493827160486
SBP	Dem	apoe_excluded	rs9303175	rs9303175	17	1372987	FALSE	0.2048	0.0327	-0.0182481	0.0104814	39.22513069419895
SBP	Dem	apoe_excluded	rs11653927	rs11653927	17	2012094	FALSE	0.2796	0.0308	0.0197301	0.0107368	82.4086692528251
SBP	Dem	apoe_excluded	rs113086489	rs113086489	17	7171356	FALSE	0.3249	0.0307	-0.0211035	0.0104099	112.00119895171301
SBP	Dem	apoe_excluded	rs4511593	rs4511593	17	7455536	FALSE	0.2881	0.0318	-0.00149289	0.0106552	82.07904157272259
SBP	Dem	apoe_excluded	rs117285318	rs117285318	17	7870642	FALSE	0.4413	0.0589	-0.0214873	0.0239868	56.135457351961975
SBP	Dem	apoe_excluded	rs4925159	rs4925159	17	18185510	FALSE	0.2174	0.0305	-0.00361962	0.0102752	50.806514377855414
SBP	Dem	apoe_excluded	rs7218708	rs7218708	17	19926836	FALSE	0.1781	0.0303	0.0152598	0.0102505	34.54956485747585
SBP	Dem	apoe_excluded	rs1551355	rs1551355	17	30032420	FALSE	0.2098	0.0356	-7.4432e-4	0.0116837	34.730494887009215
SBP	Dem	apoe_excluded	rs9899540	rs9899540	17	30777924	FALSE	0.2011	0.0316	0.00958885	0.0106643	40.499529322224
SBP	Dem	apoe_excluded	rs7213273	rs7213273	17	43155914	FALSE	0.4	0.0315	-0.0261206	0.0107066	161.2496850592089
SBP	Dem	apoe_excluded	rs17608766	rs17608766	17	45013271	FALSE	0.6903	0.0433	-0.0127393	0.013483	254.1557584711637
SBP	Dem	apoe_excluded	rs3764400	rs3764400	17	46123932	FALSE	0.3748	0.0445	-0.0285499	0.0128213	70.93803307663175
SBP	Dem	apoe_excluded	rs9897429	rs9897429	17	47518378	FALSE	0.2645	0.0319	0.0128379	0.0102726	68.74957007104886
SBP	Dem	apoe_excluded	rs1000423	rs1000423	17	59475642	FALSE	0.4138	0.0346	-0.00570462	0.0114033	143.03053894216313
SBP	Dem	apoe_excluded	rs56288724	rs56288724	17	60767135	FALSE	0.2178	0.031	0.0212863	0.0104641	49.36195629552549
SBP	Dem	apoe_excluded	rs62076622	rs62076622	17	61090958	FALSE	0.2363	0.0377	-0.0114512	0.0121568	39.286626937500444
SBP	Dem	apoe_excluded	rs6504213	rs6504213	17	62381714	FALSE	0.2982	0.0312	0.0140103	0.0102849	91.34948224852073
SBP	Dem	apoe_excluded	rs1436138	rs1436138	17	75316880	FALSE	0.3119	0.0315	-0.00142361	0.0107286	98.0414310909549
SBP	Dem	apoe_excluded	rs9302885	rs9302885	17	76799898	FALSE	0.2242	0.0302	-0.022713	0.0105499	55.11341607824219
SBP	Dem	apoe_excluded	rs11655604	rs11655604	17	79365861	FALSE	0.2033	0.0333	-0.00196476	0.0106339	37.27230834438041
SBP	Dem	apoe_excluded	rs34413141	rs34413141	18	777282	FALSE	0.3531	0.0393	0.0247866	0.0150829	80.72542392634463
SBP	Dem	apoe_excluded	rs62082230	rs62082230	18	22676071	FALSE	0.1884	0.0345	0.00969187	0.01254	29.821096408317576
SBP	Dem	apoe_excluded	rs1154214	rs1154214	18	24546824	FALSE	0.2031	0.0306	0.00286408	0.0103414	44.053152633602465
SBP	Dem	apoe_excluded	rs56407827	rs56407827	18	42179819	FALSE	0.3603	0.034	0.0026798	0.0110254	112.29765570934254
SBP	Dem	apoe_excluded	rs11874246	rs11874246	18	42596789	FALSE	0.2856	0.0328	-0.0125704	0.0106459	75.81737061273051
SBP	Dem	apoe_excluded	rs7245140	rs7245140	18	43095231	FALSE	0.3367	0.0391	0.00852849	0.0122284	74.15368162165343
SBP	Dem	apoe_excluded	rs1437649	rs1437649	18	48132646	FALSE	0.2189	0.0357	-5.55459e-4	0.0120793	37.597164355938446
SBP	Dem	apoe_excluded	rs665445	rs665445	18	51842682	FALSE	0.1909	0.0334	-0.00673694	0.0120379	32.667727419412664
SBP	Dem	apoe_excluded	rs10048404	rs10048404	18	54578482	FALSE	0.2607	0.0317	-0.00113688	0.0111015	67.63376090915423
SBP	Dem	apoe_excluded	rs10460108	rs10460108	18	73034151	FALSE	0.2141	0.0301	-0.00742902	0.0102557	50.5941545899052
SBP	Dem	apoe_excluded	rs698748	rs698748	19	1424888	FALSE	0.1871	0.0325	-0.00834245	0.0101839	33.14216331360946
SBP	Dem	apoe_excluded	rs149339216	rs149339216	19	2144046	FALSE	0.6912	0.0779	7.21083e-5	0.0180743	78.7286027147144
SBP	Dem	apoe_excluded	rs68096471	rs68096471	19	5175709	FALSE	0.2098	0.0343	-0.025898	0.0112779	37.4130166852247
SBP	Dem	apoe_excluded	rs12985940	rs12985940	19	7262734	FALSE	0.4642	0.0434	-4.72359e-4	0.0181275	114.40126144110089
SBP	Dem	apoe_excluded	rs167479	rs167479	19	11526765	FALSE	0.5642	0.0327	0.00982397	0.0103313	297.6943953464449
SBP	Dem	apoe_excluded	rs1077795	rs1077795	19	17222584	FALSE	0.2507	0.0344	0.0114171	0.0123572	53.11189325310978
SBP	Dem	apoe_excluded	rs62112908	rs62112908	19	22213956	FALSE	0.2388	0.0419	1.51446e-6	0.0121689	32.481838221472884
SBP	Dem	apoe_excluded	rs28572357	rs28572357	19	31867447	FALSE	0.2733	0.0308	-0.00220231	0.0102043	78.73681270028669
SBP	Dem	apoe_excluded	rs1433121	rs1433121	19	32591878	FALSE	0.228	0.0326	-0.00549404	0.0105307	48.91414806729648
SBP	Dem	apoe_excluded	rs33836	rs33836	19	34008600	FALSE	0.1766	0.0304	0.0228427	0.0102345	33.74692693905817
SBP	Dem	apoe_excluded	rs11672660	rs11672660	19	46180184	FALSE	0.2212	0.0381	-0.0132454	0.011634	33.707014969585494
SBP	Dem	apoe_excluded	rs571689	rs571689	19	49207554	FALSE	0.228	0.0304	-0.0183719	0.0103015	56.25
SBP	Dem	apoe_excluded	rs73046792	rs73046792	19	49605705	FALSE	0.3554	0.0426	0.0207072	0.0162232	69.60102713306443
SBP	Dem	apoe_excluded	rs6054139	rs6054139	20	6327810	FALSE	0.2094	0.0306	-0.00450602	0.0105928	46.82852748942715
SBP	Dem	apoe_excluded	rs2423514	rs2423514	20	10693337	FALSE	0.3011	0.0302	-0.0158966	0.0103943	99.4048616288759
SBP	Dem	apoe_excluded	rs6108787	rs6108787	20	10967214	FALSE	0.4274	0.03	0.00867769	0.0103059	202.96751111111115
SBP	Dem	apoe_excluded	rs6078093	rs6078093	20	11168669	FALSE	0.1849	0.0304	-0.0323519	0.0103714	36.99360500346261
SBP	Dem	apoe_excluded	rs8125763	rs8125763	20	17883531	FALSE	0.1761	0.0301	-0.00697863	0.010278	34.22833081312569
SBP	Dem	apoe_excluded	rs17812022	rs17812022	20	19007099	FALSE	0.3613	0.0525	-0.0424121	0.0162236	47.36061315192744
SBP	Dem	apoe_excluded	rs6058088	rs6058088	20	30139886	FALSE	0.2832	0.0417	-0.0163454	0.0126799	46.12266445836137
SBP	Dem	apoe_excluded	rs79384779	rs79384779	20	31214944	FALSE	0.3179	0.0428	-0.00436958	0.0130114	55.16879749323086
SBP	Dem	apoe_excluded	rs6029756	rs6029756	20	40266681	FALSE	0.2712	0.033	0.0129714	0.0105069	67.53851239669419
SBP	Dem	apoe_excluded	rs6031431	rs6031431	20	42795152	FALSE	0.2617	0.0304	-0.00190182	0.0102252	74.10717841066482
SBP	Dem	apoe_excluded	rs2598	rs2598	20	47241618	FALSE	0.168	0.0303	0.00370564	0.0103652	30.742084109401045
SBP	Dem	apoe_excluded	rs6090907	rs6090907	20	47410231	FALSE	0.3854	0.0425	-0.0102722	0.0178711	82.23289134948097
SBP	Dem	apoe_excluded	rs234623	rs234623	20	57488964	FALSE	0.1804	0.0302	-0.00251985	0.0104687	35.68282092890662
SBP	Dem	apoe_excluded	rs6026744	rs6026744	20	57742388	FALSE	0.7131	0.0461	0.00682238	0.0137611	239.27593508406224
SBP	Dem	apoe_excluded	rs28374392	rs28374392	20	61189717	FALSE	0.1924	0.0338	0.0216301	0.0115296	32.40236686390533
SBP	Dem	apoe_excluded	rs6062324	rs6062324	20	62446351	FALSE	0.3294	0.0363	0.0111114	0.0124654	82.34437538419509
SBP	Dem	apoe_excluded	rs2776037	rs2776037	21	16317933	FALSE	0.1851	0.0309	0.00259292	0.010318	35.883589405221976
SBP	Dem	apoe_excluded	rs1882961	rs1882961	21	16556367	FALSE	0.2443	0.0326	-0.00350236	0.0105134	56.15801309797133
SBP	Dem	apoe_excluded	rs2833834	rs2833834	21	33814378	FALSE	0.2177	0.0338	0.00460566	0.0113269	41.484270508735705
SBP	Dem	apoe_excluded	rs12627651	rs12627651	21	44760603	FALSE	0.3498	0.0341	8.21989e-4	0.0109784	105.22788761706555
SBP	Dem	apoe_excluded	rs2238787	rs2238787	22	19976406	FALSE	0.2552	0.0332	0.0218029	0.0105803	59.08607925678618
SBP	Dem	apoe_excluded	rs4823007	rs4823007	22	29452278	FALSE	0.2205	0.0301	0.0030679	0.0102607	53.664142779881026
SBP	Dem	apoe_excluded	rs2240365	rs2240365	22	30188741	FALSE	0.4187	0.069	-0.0140286	0.0208055	36.82203108590632
SBP	Dem	apoe_excluded	rs8142376	rs8142376	22	32001037	FALSE	0.1676	0.03	0.0233511	0.0102701	31.210844444444447
SBP	Dem	apoe_excluded	rs148140538	rs148140538	22	50228044	FALSE	0.3252	0.0562	6.06896e-4	0.0235305	33.4833145476881
SBP	Dem	apoe_excluded	rs28578714	rs28578714	22	50727921	FALSE	0.2066	0.0327	0.0138062	0.0105214	39.91766499265868
WMH	Dem	all_ivs	rs4953671	rs4953671	2	43073548	FALSE	0.0459102	0.007132	0.00386925	0.0107659	41.43770558247976
WMH	Dem	all_ivs	rs7596872	rs7596872	2	56128091	FALSE	0.121317	0.0112368	0.00294653	0.0266489	116.5622769417526
WMH	Dem	all_ivs	rs76122535	rs76122535	2	203664929	FALSE	0.0671589	0.00985281	0.0447015	0.0156179	46.46082661621452
WMH	Dem	all_ivs	rs11711420	rs11711420	3	183349010	FALSE	0.0572615	0.00763974	-0.0234187	0.0121604	56.17825997511682
WMH	Dem	all_ivs	rs7733216	rs7733216	5	82857870	FALSE	0.0525522	0.00832774	-0.00459469	0.0112395	39.822405294193416
WMH	Dem	all_ivs	rs275350	rs275350	6	151016058	FALSE	0.0593096	0.0067609	-0.0115657	0.0102735	76.9557305525125
WMH	Dem	all_ivs	rs2707466	rs2707466	7	120979089	FALSE	0.0382082	0.00668279	0.00531635	0.0103599	32.688690914145155
WMH	Dem	all_ivs	rs17149723	rs17149723	8	8171487	FALSE	0.0436418	0.00735832	-0.00828817	0.0122064	35.17612275896982
WMH	Dem	all_ivs	rs4630220	rs4630220	10	105459116	FALSE	0.057639	0.00744865	0.0181847	0.0119638	59.87944122931483
WMH	Dem	all_ivs	rs10883926	rs10883926	10	105608838	FALSE	0.0408093	0.00680101	0.0122195	0.0109567	36.005717024902985
WMH	Dem	all_ivs	rs17616633	rs17616633	16	51451683	FALSE	0.0451465	0.00674472	0.0225323	0.0102924	44.80436473622818
WMH	Dem	all_ivs	rs7199751	rs7199751	16	86609302	FALSE	0.0499982	0.00818107	0.0243635	0.0118708	37.349820726747275
WMH	Dem	all_ivs	rs4843553	rs4843553	16	87233185	FALSE	0.0480372	0.00677899	0.0402082	0.0102392	50.21406540951729
WMH	Dem	all_ivs	rs1964703	rs1964703	17	19257124	FALSE	0.0545047	0.00858312	0.0423127	0.0127359	40.32529362461401
WMH	Dem	all_ivs	rs4793173	rs4793173	17	43127715	FALSE	0.0552666	0.00693585	0.0341436	0.0103708	63.49303847830252
WMH	Dem	all_ivs	rs3744020	rs3744020	17	73871773	FALSE	0.110438	0.00852062	0.0117771	0.0152033	167.99434846385088
WMH	Dem	all_ivs	rs769449	rs769449	19	45410002	TRUE	0.0550774	0.0100817	0.86017	0.0126022	29.84553176219076
WMH	Dem	apoe_excluded	rs4953671	rs4953671	2	43073548	FALSE	0.0459102	0.007132	0.00386925	0.0107659	41.43770558247976
WMH	Dem	apoe_excluded	rs7596872	rs7596872	2	56128091	FALSE	0.121317	0.0112368	0.00294653	0.0266489	116.5622769417526
WMH	Dem	apoe_excluded	rs76122535	rs76122535	2	203664929	FALSE	0.0671589	0.00985281	0.0447015	0.0156179	46.46082661621452
WMH	Dem	apoe_excluded	rs11711420	rs11711420	3	183349010	FALSE	0.0572615	0.00763974	-0.0234187	0.0121604	56.17825997511682
WMH	Dem	apoe_excluded	rs7733216	rs7733216	5	82857870	FALSE	0.0525522	0.00832774	-0.00459469	0.0112395	39.822405294193416
WMH	Dem	apoe_excluded	rs275350	rs275350	6	151016058	FALSE	0.0593096	0.0067609	-0.0115657	0.0102735	76.9557305525125
WMH	Dem	apoe_excluded	rs2707466	rs2707466	7	120979089	FALSE	0.0382082	0.00668279	0.00531635	0.0103599	32.688690914145155
WMH	Dem	apoe_excluded	rs17149723	rs17149723	8	8171487	FALSE	0.0436418	0.00735832	-0.00828817	0.0122064	35.17612275896982
WMH	Dem	apoe_excluded	rs4630220	rs4630220	10	105459116	FALSE	0.057639	0.00744865	0.0181847	0.0119638	59.87944122931483
WMH	Dem	apoe_excluded	rs10883926	rs10883926	10	105608838	FALSE	0.0408093	0.00680101	0.0122195	0.0109567	36.005717024902985
WMH	Dem	apoe_excluded	rs17616633	rs17616633	16	51451683	FALSE	0.0451465	0.00674472	0.0225323	0.0102924	44.80436473622818
WMH	Dem	apoe_excluded	rs7199751	rs7199751	16	86609302	FALSE	0.0499982	0.00818107	0.0243635	0.0118708	37.349820726747275
WMH	Dem	apoe_excluded	rs4843553	rs4843553	16	87233185	FALSE	0.0480372	0.00677899	0.0402082	0.0102392	50.21406540951729
WMH	Dem	apoe_excluded	rs1964703	rs1964703	17	19257124	FALSE	0.0545047	0.00858312	0.0423127	0.0127359	40.32529362461401
WMH	Dem	apoe_excluded	rs4793173	rs4793173	17	43127715	FALSE	0.0552666	0.00693585	0.0341436	0.0103708	63.49303847830252
WMH	Dem	apoe_excluded	rs3744020	rs3744020	17	73871773	FALSE	0.110438	0.00852062	0.0117771	0.0152033	167.99434846385088
DBP	AD	all_ivs	rs34645159	rs34645159	1	1724366	FALSE	0.133	0.0174	0.0054	0.0083	58.42581582771834
DBP	AD	all_ivs	rs2493296	rs2493296	1	3327032	FALSE	0.2496	0.0254	0.0141	0.0115	96.56544113088226
DBP	AD	all_ivs	rs488834	rs488834	1	10767902	FALSE	0.1931	0.0208	-0.0109	0.0096	86.18622873520711
DBP	AD	all_ivs	rs55857306	rs55857306	1	11895795	FALSE	0.5224	0.0235	-0.0197	0.0113	494.16344047080116
DBP	AD	all_ivs	rs1889785	rs1889785	1	16348729	FALSE	0.1255	0.0174	-0.0043	0.0081	52.02222882811469
DBP	AD	all_ivs	rs6686889	rs6686889	1	25030470	FALSE	0.1918	0.0199	-0.0083	0.0094	92.89472488068482
DBP	AD	all_ivs	rs12728150	rs12728150	1	27268737	FALSE	0.2045	0.0318	-0.0297	0.015	41.35541513389501
DBP	AD	all_ivs	rs2146315	rs2146315	1	42050366	FALSE	0.1197	0.0205	0.0089	0.0096	34.09420582986318
DBP	AD	all_ivs	rs839759	rs839759	1	43863460	FALSE	0.1505	0.0175	0.0085	0.0082	73.96
DBP	AD	all_ivs	rs4926901	rs4926901	1	48025824	FALSE	0.0984	0.018	0.0069	0.0086	29.884444444444444
DBP	AD	all_ivs	rs10493127	rs10493127	1	48114417	FALSE	0.1853	0.0307	0.0128	0.0146	36.43125125996031
DBP	AD	all_ivs	rs61772592	rs61772592	1	56979681	FALSE	0.1509	0.0261	0.0092	0.0121	33.427004888360415
DBP	AD	all_ivs	rs10493408	rs10493408	1	66992054	FALSE	0.1584	0.0255	0.0178	0.0121	38.586020761245685
DBP	AD	all_ivs	rs34517439	rs34517439	1	78450517	FALSE	0.2514	0.0279	-9e-4	0.0132	81.19366400739972
DBP	AD	all_ivs	rs786921	rs786921	1	89286673	FALSE	0.1145	0.0176	-0.0037	0.0083	42.32389591942149
DBP	AD	all_ivs	rs10776752	rs10776752	1	113044328	FALSE	0.4573	0.033	0.0183	0.0159	192.0324058769513
DBP	AD	all_ivs	rs57748895	rs57748895	1	115826169	FALSE	0.6627	0.0666	0.0219	0.0312	99.01146416686953
DBP	AD	all_ivs	rs1819663	rs1819663	1	154025891	FALSE	0.1147	0.0174	0.0056	0.0081	43.45385784119434
DBP	AD	all_ivs	rs76719272	rs76719272	1	156129796	FALSE	0.1438	0.0264	0.0045	0.0126	29.669478879706155
DBP	AD	all_ivs	rs7524019	rs7524019	1	167367193	FALSE	0.1036	0.0174	0.0041	0.0083	35.45038974765492
DBP	AD	all_ivs	rs12405515	rs12405515	1	172357441	FALSE	0.1698	0.0174	0.0034	0.0083	95.230677764566
DBP	AD	all_ivs	rs150816167	rs150816167	1	179571862	FALSE	0.2873	0.0446	-0.018	0.0206	41.49555088580104
DBP	AD	all_ivs	rs4651224	rs4651224	1	184585182	FALSE	0.1102	0.0175	0.0032	0.0082	39.6540081632653
DBP	AD	all_ivs	rs882624	rs882624	1	201735913	FALSE	0.1571	0.0185	0.0042	0.0087	72.11222790357927
DBP	AD	all_ivs	rs2169137	rs2169137	1	204497913	FALSE	0.1588	0.0194	0.005	0.0091	67.00350728026356
DBP	AD	all_ivs	rs1502358	rs1502358	1	217324932	FALSE	0.1127	0.0185	-0.0015	0.0089	37.11114682249818
DBP	AD	all_ivs	rs68085857	rs68085857	1	217737629	FALSE	0.191	0.0205	-0.0042	0.0096	86.80785246876857
DBP	AD	all_ivs	rs12088448	rs12088448	1	218546170	FALSE	0.1544	0.0182	0.001	0.0086	71.97005192609588
DBP	AD	all_ivs	rs602521	rs602521	1	227311066	FALSE	0.1351	0.0195	-0.0086	0.0091	48.00002629848784
DBP	AD	all_ivs	rs1745417	rs1745417	1	228204279	FALSE	0.1708	0.0173	0.0057	0.0081	97.47281900497845
DBP	AD	all_ivs	rs699	rs699	1	230845794	FALSE	0.2359	0.0177	-0.0029	0.0082	177.6271505633758
DBP	AD	all_ivs	rs3943093	rs3943093	1	243458502	FALSE	0.2477	0.0184	-0.0019	0.0087	181.22427339319472
DBP	AD	all_ivs	rs4926499	rs4926499	1	249155909	FALSE	0.1694	0.0248	0.0213	0.0118	46.6577133194589
DBP	AD	all_ivs	rs112393817	rs112393817	2	9807226	FALSE	0.116	0.0211	0.0135	0.01	30.223939264616696
DBP	AD	all_ivs	rs1373780	rs1373780	2	19501029	FALSE	0.1246	0.0224	-0.0064	0.0104	30.94140625
DBP	AD	all_ivs	rs824523	rs824523	2	19707855	FALSE	0.1226	0.0183	0.0013	0.0087	44.88267789423393
DBP	AD	all_ivs	rs11687089	rs11687089	2	25082926	FALSE	0.1739	0.0175	0.0145	0.0082	98.74680816326529
DBP	AD	all_ivs	rs1275988	rs1275988	2	26914364	FALSE	0.2945	0.0177	0.0054	0.0085	276.83695617479015
DBP	AD	all_ivs	rs11684340	rs11684340	2	37207251	FALSE	0.1249	0.021	-0.0171	0.0098	35.374172335600896
DBP	AD	all_ivs	rs2160236	rs2160236	2	40557276	FALSE	0.1421	0.0181	-0.0301	0.0084	61.63551173651597
DBP	AD	all_ivs	rs76326501	rs76326501	2	43167878	FALSE	0.3618	0.0305	-0.005	0.0145	140.71404461166352
DBP	AD	all_ivs	rs4952668	rs4952668	2	43386568	FALSE	0.192	0.018	-0.0112	0.0085	113.7777777777778
DBP	AD	all_ivs	rs2586970	rs2586970	2	55829967	FALSE	0.1493	0.0175	-0.0036	0.0082	72.78527346938773
DBP	AD	all_ivs	rs2421200	rs2421200	2	61711815	FALSE	0.1097	0.0173	-0.0053	0.0081	40.208794146145884
DBP	AD	all_ivs	rs1876490	rs1876490	2	73052351	FALSE	0.1364	0.0192	-0.0017	0.0092	50.46918402777778
DBP	AD	all_ivs	rs6546810	rs6546810	2	73389716	FALSE	0.12	0.0181	-0.0121	0.0085	43.95470223741643
DBP	AD	all_ivs	rs311564	rs311564	2	86293498	FALSE	0.133	0.0183	0.0131	0.0086	52.820329063274514
DBP	AD	all_ivs	rs62155750	rs62155750	2	96491456	FALSE	0.2177	0.0196	0.0107	0.0091	123.36862244897961
DBP	AD	all_ivs	rs28377357	rs28377357	2	112769721	FALSE	0.1243	0.019	-0.0201	0.0091	42.79914127423823
DBP	AD	all_ivs	rs62158170	rs62158170	2	114082175	FALSE	0.1645	0.0211	0.0016	0.01	60.780867455807375
DBP	AD	all_ivs	rs13001283	rs13001283	2	127183454	FALSE	0.1522	0.0239	-0.005	0.0112	40.55398189807601
DBP	AD	all_ivs	rs4954192	rs4954192	2	135632981	FALSE	0.1225	0.0179	-0.0357	0.0084	46.834524515464565
DBP	AD	all_ivs	rs55944332	rs55944332	2	145726621	FALSE	0.2365	0.0204	-0.003	0.0098	134.40083141099575
DBP	AD	all_ivs	rs12990959	rs12990959	2	148572160	FALSE	0.1271	0.0187	0.0081	0.0088	46.19637393119619
DBP	AD	all_ivs	rs2444769	rs2444769	2	158494100	FALSE	0.158	0.0219	-0.0034	0.0102	52.050624465711735
DBP	AD	all_ivs	rs7572130	rs7572130	2	164460947	FALSE	0.1796	0.0287	-0.0248	0.0131	39.16055797690879
DBP	AD	all_ivs	rs1446468	rs1446468	2	164963486	FALSE	0.253	0.0174	-0.0018	0.0082	211.41828511031844
DBP	AD	all_ivs	rs75717699	rs75717699	2	179682997	FALSE	0.4667	0.0541	0.0074	0.0238	74.4185273386383
DBP	AD	all_ivs	rs1518460	rs1518460	2	181933689	FALSE	0.1342	0.0189	0.0069	0.009	50.41751350746061
DBP	AD	all_ivs	rs12693302	rs12693302	2	183211443	FALSE	0.2378	0.0181	-0.018	0.0086	172.61023778272946
DBP	AD	all_ivs	rs4673253	rs4673253	2	204120214	FALSE	0.1177	0.0197	0.0114	0.0094	35.696075652554825
DBP	AD	all_ivs	rs11692619	rs11692619	2	205084439	FALSE	0.1281	0.0184	0.0146	0.0085	48.468838610586005
DBP	AD	all_ivs	rs1263671	rs1263671	2	207996447	FALSE	0.1394	0.0238	-0.0075	0.0112	34.306122448979586
DBP	AD	all_ivs	rs4675682	rs4675682	2	208402750	FALSE	0.1409	0.0173	-0.0011	0.0081	66.33302148417923
DBP	AD	all_ivs	rs1035673	rs1035673	2	218675533	FALSE	0.1625	0.0176	-0.0026	0.0084	85.24744963842974
DBP	AD	all_ivs	rs13004222	rs13004222	2	219560492	FALSE	0.2944	0.0393	-0.0563	0.0182	56.11649152794773
DBP	AD	all_ivs	rs1039897	rs1039897	2	220337196	FALSE	0.1085	0.0183	0.016	0.0085	35.15258741676371
DBP	AD	all_ivs	rs10804330	rs10804330	2	227185749	FALSE	0.1331	0.0176	-9e-4	0.0082	57.191406249999986
DBP	AD	all_ivs	rs1044822	rs1044822	2	230629138	FALSE	0.1334	0.0243	-0.0138	0.0117	30.136937120018967
DBP	AD	all_ivs	rs4507125	rs4507125	2	239864732	FALSE	0.1244	0.0211	0.0079	0.0099	34.75968644010692
DBP	AD	all_ivs	rs347585	rs347585	3	11286220	FALSE	0.1506	0.0189	0.011	0.0088	63.493071302595126
DBP	AD	all_ivs	rs1687295	rs1687295	3	14889756	FALSE	0.2061	0.0194	-0.0105	0.0091	112.8632426400255
DBP	AD	all_ivs	rs62234672	rs62234672	3	16592069	FALSE	0.1248	0.0229	-0.0131	0.0106	29.70012013500886
DBP	AD	all_ivs	rs2643826	rs2643826	3	27562988	FALSE	0.1857	0.0175	0.013	0.0082	112.60241632653059
DBP	AD	all_ivs	rs7427249	rs7427249	3	37572489	FALSE	0.1098	0.0176	0.0063	0.0082	38.92058367768595
DBP	AD	all_ivs	rs3864004	rs3864004	3	41240177	FALSE	0.1004	0.0173	0.0019	0.0082	33.68024324234021
DBP	AD	all_ivs	rs114714860	rs114714860	3	41882905	FALSE	0.33	0.0236	0.0051	0.0107	195.5257110025855
DBP	AD	all_ivs	rs6442105	rs6442105	3	48182326	FALSE	0.2485	0.0185	-0.0211	0.0087	180.4302410518627
DBP	AD	all_ivs	rs6445590	rs6445590	3	53655932	FALSE	0.1284	0.0174	-9e-4	0.0082	54.45422116527943
DBP	AD	all_ivs	rs3772219	rs3772219	3	56771251	FALSE	0.1754	0.0185	-0.02	0.0088	89.8908984660336
DBP	AD	all_ivs	rs1675383	rs1675383	3	57945274	FALSE	0.1488	0.0174	-0.0069	0.0082	73.13198573127228
DBP	AD	all_ivs	rs3774702	rs3774702	3	63856870	FALSE	0.147	0.0228	-0.0212	0.0106	41.568559556786695
DBP	AD	all_ivs	rs6795735	rs6795735	3	64705365	FALSE	0.1438	0.0176	-0.0125	0.0082	66.75632747933884
DBP	AD	all_ivs	rs7623706	rs7623706	3	74712754	FALSE	0.0975	0.0176	-0.0029	0.0082	30.689081869834713
DBP	AD	all_ivs	rs11923343	rs11923343	3	85668570	FALSE	0.1138	0.0181	0.0035	0.0084	39.530050975244954
DBP	AD	all_ivs	rs11923667	rs11923667	3	101268080	FALSE	0.1175	0.0177	5e-4	0.0083	44.068594592869225
DBP	AD	all_ivs	rs28675079	rs28675079	3	111500002	FALSE	0.1444	0.0222	0.0048	0.0103	42.30857884911939
DBP	AD	all_ivs	rs12152463	rs12152463	3	122100447	FALSE	0.1006	0.0174	-0.0058	0.0082	33.42700488836042
DBP	AD	all_ivs	rs4141663	rs4141663	3	124551967	FALSE	0.1496	0.0175	0.0102	0.0082	73.07807346938775
DBP	AD	all_ivs	rs4077158	rs4077158	3	133942941	FALSE	0.1832	0.0173	-5e-4	0.0082	112.13953022152428
DBP	AD	all_ivs	rs9289557	rs9289557	3	138071604	FALSE	0.119	0.0207	0.0127	0.0092	33.04861256972158
DBP	AD	all_ivs	rs6763931	rs6763931	3	141102833	FALSE	0.1383	0.0173	-0.013	0.0082	63.907547863276434
DBP	AD	all_ivs	rs36117336	rs36117336	3	153732232	FALSE	0.147	0.0198	-0.0126	0.0094	55.11937557392101
DBP	AD	all_ivs	rs78809139	rs78809139	3	154674943	FALSE	0.2281	0.0288	0.0324	0.014	62.72860001929013
DBP	AD	all_ivs	rs78151625	rs78151625	3	158316726	FALSE	0.1869	0.0233	0.0143	0.011	64.3438081379285
DBP	AD	all_ivs	rs2242338	rs2242338	3	168854925	FALSE	0.3463	0.0331	-0.0035	0.0148	109.45837478664855
DBP	AD	all_ivs	rs7611674	rs7611674	3	179169230	FALSE	0.1576	0.0223	-0.015	0.0102	49.94622855878862
DBP	AD	all_ivs	rs6779368	rs6779368	3	185298868	FALSE	0.1791	0.0184	-0.0104	0.0086	94.74483104914935
DBP	AD	all_ivs	rs147501096	rs147501096	3	186180253	FALSE	0.1955	0.0341	0.0342	0.0165	32.86886937676835
DBP	AD	all_ivs	rs4244200	rs4244200	3	196226059	FALSE	0.1215	0.0193	0.0192	0.0091	39.63126526886627
DBP	AD	all_ivs	rs6777317	rs6777317	3	197070959	FALSE	0.1249	0.0195	-2e-4	0.009	41.025667324128854
DBP	AD	all_ivs	rs61789369	rs61789369	4	2265295	FALSE	0.3039	0.0436	-0.0404	0.0198	48.58345783183234
DBP	AD	all_ivs	rs16896276	rs16896276	4	18015156	FALSE	0.1309	0.0198	0.0331	0.0093	43.70679012345677
DBP	AD	all_ivs	rs28667801	rs28667801	4	26785356	FALSE	0.1622	0.018	-0.0144	0.0084	81.20012345679015
DBP	AD	all_ivs	rs11721984	rs11721984	4	38343935	FALSE	0.1409	0.0177	0.004	0.0082	63.36879568450956
DBP	AD	all_ivs	rs62301873	rs62301873	4	40603821	FALSE	0.1734	0.0284	-0.0332	0.0134	37.27876413410037
DBP	AD	all_ivs	rs11945489	rs11945489	4	56463775	FALSE	0.1392	0.0192	-0.0124	0.009	52.5625
DBP	AD	all_ivs	rs13152154	rs13152154	4	77417756	FALSE	0.1186	0.0195	-0.0033	0.0092	36.99134779750164
DBP	AD	all_ivs	rs12509595	rs12509595	4	81182554	FALSE	0.4972	0.0192	-0.0061	0.009	670.5941840277779
DBP	AD	all_ivs	rs72976750	rs72976750	4	86725684	FALSE	0.1718	0.0251	4e-4	0.0119	46.84884366914811
DBP	AD	all_ivs	rs4699835	rs4699835	4	95329727	FALSE	0.0963	0.0175	0.0026	0.0081	30.281436734693866
DBP	AD	all_ivs	rs13107325	rs13107325	4	103188709	FALSE	0.6747	0.0339	-0.0455	0.016	396.11567076513427
DBP	AD	all_ivs	rs12503341	rs12503341	4	106925311	FALSE	0.2993	0.0462	0.0286	0.0202	41.96908322557674
DBP	AD	all_ivs	rs4245929	rs4245929	4	109038407	FALSE	0.12	0.0181	-0.0031	0.0086	43.95470223741643
DBP	AD	all_ivs	rs13118687	rs13118687	4	111406496	FALSE	0.1496	0.0175	-0.0047	0.0082	73.07807346938775
DBP	AD	all_ivs	rs66887589	rs66887589	4	120509279	FALSE	0.161	0.0174	0.0042	0.0082	85.61566917690583
DBP	AD	all_ivs	rs9286351	rs9286351	4	138441530	FALSE	0.1412	0.0177	-0.0094	0.0083	63.638928788023875
DBP	AD	all_ivs	rs72719149	rs72719149	4	144043336	FALSE	0.1279	0.0186	0.0159	0.0087	47.28410798936295
DBP	AD	all_ivs	rs13124515	rs13124515	4	145403713	FALSE	0.1052	0.0187	0.0087	0.0087	31.64814550030026
DBP	AD	all_ivs	rs1842896	rs1842896	4	156511459	FALSE	0.158	0.0174	-0.0051	0.0081	82.45474963667594
DBP	AD	all_ivs	rs13139571	rs13139571	4	156645513	FALSE	0.2408	0.0203	0.0074	0.0094	140.70868014268729
DBP	AD	all_ivs	rs1425486	rs1425486	4	157683685	FALSE	0.1331	0.0187	-0.004	0.0086	50.660899653979236
DBP	AD	all_ivs	rs10069690	rs10069690	5	1279790	FALSE	0.1615	0.021	-0.0088	0.0093	59.14342403628117
DBP	AD	all_ivs	rs4645335	rs4645335	5	3704761	FALSE	0.1142	0.0185	4e-4	0.0088	38.105595325054786
DBP	AD	all_ivs	rs2921604	rs2921604	5	14867948	FALSE	0.096	0.0176	0.0021	0.0082	29.752066115702476
DBP	AD	all_ivs	rs1177764	rs1177764	5	32829975	FALSE	0.3067	0.0177	-0.0012	0.0083	300.2486194899294
DBP	AD	all_ivs	rs10941043	rs10941043	5	33194751	FALSE	0.1269	0.019	-0.0103	0.009	44.60833795013852
DBP	AD	all_ivs	rs7737851	rs7737851	5	42415845	FALSE	0.1256	0.022	0.024	0.0102	32.593719008264465
DBP	AD	all_ivs	rs6875967	rs6875967	5	50878292	FALSE	0.1344	0.0181	0.0012	0.0085	55.136778486615164
DBP	AD	all_ivs	rs10054208	rs10054208	5	55688992	FALSE	0.1187	0.0185	0.016	0.0087	41.16783053323595
DBP	AD	all_ivs	rs12515541	rs12515541	5	57095011	FALSE	0.1156	0.0177	0.0093	0.0083	42.65492036132656
DBP	AD	all_ivs	rs1848510	rs1848510	5	57754005	FALSE	0.1256	0.0181	0.0131	0.0084	48.152864686670114
DBP	AD	all_ivs	rs10062049	rs10062049	5	61553881	FALSE	0.2208	0.0255	-0.0118	0.0119	74.97522491349483
DBP	AD	all_ivs	rs2307111	rs2307111	5	75003678	FALSE	0.1742	0.0178	0.0075	0.0083	95.77591213230652
DBP	AD	all_ivs	rs4704514	rs4704514	5	77820081	FALSE	0.1087	0.0193	-2e-4	0.0092	31.72082472012671
DBP	AD	all_ivs	rs62380354	rs62380354	5	89484911	FALSE	0.1825	0.0291	0.001	0.0137	39.331432080395835
DBP	AD	all_ivs	rs13355146	rs13355146	5	92023661	FALSE	0.1224	0.0178	0.007	0.0084	47.28493877035728
DBP	AD	all_ivs	rs55770741	rs55770741	5	96220087	FALSE	0.1281	0.0175	-0.0173	0.0082	53.58239999999998
DBP	AD	all_ivs	rs1871190	rs1871190	5	97953719	FALSE	0.10780000000000001	0.0186	0.0023	0.0087	33.5901260261302
DBP	AD	all_ivs	rs9326869	rs9326869	5	112349070	FALSE	0.1096	0.02	-0.0013	0.0094	30.030400000000004
DBP	AD	all_ivs	rs369625	rs369625	5	122560787	FALSE	0.1053	0.0178	-0.0075	0.0083	34.995865421032704
DBP	AD	all_ivs	rs1582931	rs1582931	5	122657199	FALSE	0.2161	0.0175	0.0106	0.0082	152.48721632653059
DBP	AD	all_ivs	rs17677603	rs17677603	5	127857493	FALSE	0.2	0.0178	-0.0111	0.0084	126.24668602449188
DBP	AD	all_ivs	rs55747751	rs55747751	5	132397351	FALSE	0.2239	0.0331	-0.0494	0.0161	45.75643705333103
DBP	AD	all_ivs	rs4912840	rs4912840	5	141662480	FALSE	0.1485	0.0245	-0.0039	0.0115	36.73844231570178
DBP	AD	all_ivs	rs3776299	rs3776299	5	142507651	FALSE	0.1266	0.0175	-0.0142	0.0081	52.33488979591835
DBP	AD	all_ivs	rs78909293	rs78909293	5	148335250	FALSE	0.321	0.0429	0.0337	0.02	55.98806787617976
DBP	AD	all_ivs	rs3117736	rs3117736	5	157462999	FALSE	0.2374	0.0196	-0.0115	0.0092	146.7064764681383
DBP	AD	all_ivs	rs11960210	rs11960210	5	157817634	FALSE	0.2474	0.018	4e-4	0.0083	188.90975308641978
DBP	AD	all_ivs	rs13358657	rs13358657	5	157938070	FALSE	0.224	0.0255	-0.0043	0.0121	77.16416762783547
DBP	AD	all_ivs	rs6556384	rs6556384	5	158418952	FALSE	0.152	0.0221	-0.0075	0.0102	47.30451874449744
DBP	AD	all_ivs	rs114503346	rs114503346	5	172192350	FALSE	0.2678	0.0426	-0.0379	0.02	39.518636073089546
DBP	AD	all_ivs	rs2569882	rs2569882	6	1620147	FALSE	0.1199	0.0182	0.0029	0.0084	43.4005856780582
DBP	AD	all_ivs	rs9406076	rs9406076	6	8023804	FALSE	0.101	0.0185	-0.0014	0.0087	29.805697589481376
DBP	AD	all_ivs	rs35261542	rs35261542	6	20675792	FALSE	0.1196	0.0195	-0.0223	0.0091	37.617777777777775
DBP	AD	all_ivs	rs6934891	rs6934891	6	22139729	FALSE	0.1275	0.0177	0.0075	0.0082	51.888825050272914
DBP	AD	all_ivs	rs2744133	rs2744133	6	22392260	FALSE	0.1435	0.0193	-0.0085	0.0091	55.28269215280945
DBP	AD	all_ivs	rs9467545	rs9467545	6	25638464	FALSE	0.2545	0.0237	-0.0167	0.0113	115.31316206448399
DBP	AD	all_ivs	rs198851	rs198851	6	26104632	FALSE	0.3889	0.0244	-0.0229	0.0112	254.0365661112604
DBP	AD	all_ivs	rs1265157	rs1265157	6	31142265	FALSE	0.1444	0.0187	-0.011	0.0085	59.62812777031084
DBP	AD	all_ivs	rs440454	rs440454	6	31927342	FALSE	0.2602	0.0192	-0.0043	0.0092	183.65896267361111
DBP	AD	all_ivs	rs115447786	rs115447786	6	34354073	FALSE	0.2904	0.0455	-0.0138	0.0226	40.735254196353104
DBP	AD	all_ivs	rs6905288	rs6905288	6	43758873	FALSE	0.1759	0.0179	-0.0136	0.0083	96.56630567085922
DBP	AD	all_ivs	rs881858	rs881858	6	43806609	FALSE	0.1553	0.0191	-0.015	0.0089	66.1113730435021
DBP	AD	all_ivs	rs2397060	rs2397060	6	51611470	FALSE	0.161	0.0251	-0.01	0.0114	41.14379136839097
DBP	AD	all_ivs	rs1114347	rs1114347	6	51834297	FALSE	0.1792	0.0173	-0.0038	0.0081	107.2960673594173
DBP	AD	all_ivs	rs62413546	rs62413546	6	56012664	FALSE	0.1877	0.032	-0.0031	0.0147	34.405556640624994
DBP	AD	all_ivs	rs504691	rs504691	6	72206620	FALSE	0.1177	0.0177	0.0017	0.0083	44.21874301765137
DBP	AD	all_ivs	rs1984195	rs1984195	6	79657391	FALSE	0.1736	0.0173	-0.0082	0.0081	100.6948444652344
DBP	AD	all_ivs	rs16875357	rs16875357	6	85652904	FALSE	0.1205	0.0203	0.014	0.0095	35.2356281394841
DBP	AD	all_ivs	rs3798293	rs3798293	6	97033370	FALSE	0.1328	0.021	0.022	0.0097	39.99056689342403
DBP	AD	all_ivs	rs72613227	rs72613227	6	106320771	FALSE	0.1884	0.0285	-0.0073	0.013	43.69905817174515
DBP	AD	all_ivs	rs7767235	rs7767235	6	116185900	FALSE	0.1181	0.0182	-8e-4	0.0085	42.10726361550536
DBP	AD	all_ivs	rs509067	rs509067	6	117462040	FALSE	0.1436	0.0175	0.0074	0.0083	67.33374693877549
DBP	AD	all_ivs	rs11153730	rs11153730	6	118667522	FALSE	0.1551	0.0173	-0.0051	0.0081	80.37692539008987
DBP	AD	all_ivs	rs76785130	rs76785130	6	121813835	FALSE	0.4285	0.0662	0.0197	0.0313	41.89726499393032
DBP	AD	all_ivs	rs13215166	rs13215166	6	127164360	FALSE	0.3094	0.0174	-0.0144	0.0082	316.1856255780156
DBP	AD	all_ivs	rs9399137	rs9399137	6	135419018	FALSE	0.1148	0.0197	0.0067	0.0093	33.95872091525162
DBP	AD	all_ivs	rs636202	rs636202	6	139843583	FALSE	0.1023	0.0174	0.0066	0.0082	34.56629013079667
DBP	AD	all_ivs	rs9791312	rs9791312	6	143142313	FALSE	0.1225	0.0184	-0.0019	0.0087	44.32375354442344
DBP	AD	all_ivs	rs62434124	rs62434124	6	150999751	FALSE	0.4853	0.0338	0.0186	0.0158	206.15182416582056
DBP	AD	all_ivs	rs9478282	rs9478282	6	152398669	FALSE	0.1994	0.0279	0.0271	0.0128	51.07894297349725
DBP	AD	all_ivs	rs9365555	rs9365555	6	163757127	FALSE	0.1254	0.0187	-6e-4	0.0088	44.96885813148789
DBP	AD	all_ivs	rs11961593	rs11961593	6	166164137	FALSE	0.3158	0.0349	-0.0204	0.0159	81.87916355366542
DBP	AD	all_ivs	rs1322639	rs1322639	6	169587103	FALSE	0.1584	0.0209	-0.0152	0.0098	57.44044321329642
DBP	AD	all_ivs	rs73033340	rs73033340	7	1195692	FALSE	0.5312	0.0525	-0.0409	0.023	102.37585124716553
DBP	AD	all_ivs	rs6959688	rs6959688	7	1966831	FALSE	0.1269	0.0178	0.004	0.0083	50.825684888271695
DBP	AD	all_ivs	rs2906152	rs2906152	7	2523003	FALSE	0.1873	0.0181	0.0015	0.0085	107.0824761148927
DBP	AD	all_ivs	rs5010183	rs5010183	7	7286198	FALSE	0.1195	0.018	0.0035	0.0085	44.07484567901235
DBP	AD	all_ivs	rs13240040	rs13240040	7	14375977	FALSE	0.1186	0.019	-0.0083	0.009	38.963878116343494
DBP	AD	all_ivs	rs17432462	rs17432462	7	18548613	FALSE	0.1036	0.0179	-0.0057	0.0084	33.497581224056674
DBP	AD	all_ivs	rs4507656	rs4507656	7	22156538	FALSE	0.1487	0.0199	0.0051	0.0091	55.83619100527764
DBP	AD	all_ivs	rs4722548	rs4722548	7	25961519	FALSE	0.1346	0.0176	-0.0107	0.0083	58.48773243801652
DBP	AD	all_ivs	rs3735533	rs3735533	7	27245893	FALSE	0.487	0.0331	-0.0414	0.0154	216.47210229917582
DBP	AD	all_ivs	rs6961048	rs6961048	7	27328187	FALSE	0.2729	0.0286	-0.0234	0.0134	91.04896327448775
DBP	AD	all_ivs	rs342977	rs342977	7	35459888	FALSE	0.1577	0.0205	-0.0088	0.0097	59.17737061273051
DBP	AD	all_ivs	rs2854746	rs2854746	7	45960645	FALSE	0.113	0.018	-0.0038	0.0083	39.4104938271605
DBP	AD	all_ivs	rs17454517	rs17454517	7	50915776	FALSE	0.1216	0.0174	-0.0064	0.0081	48.83921257761924
DBP	AD	all_ivs	rs1178979	rs1178979	7	72856430	FALSE	0.1504	0.0221	0.0017	0.0105	46.31387563727196
DBP	AD	all_ivs	rs3807101	rs3807101	7	80393418	FALSE	0.1743	0.0265	0.0148	0.0124	43.26164471342116
DBP	AD	all_ivs	rs1449596	rs1449596	7	96395096	FALSE	0.1085	0.0181	0.0137	0.0085	35.93373218155734
DBP	AD	all_ivs	rs4556017	rs4556017	7	100632790	FALSE	0.1601	0.0247	-0.0158	0.0119	42.013489812978406
DBP	AD	all_ivs	rs2191046	rs2191046	7	107834075	FALSE	0.1184	0.0197	0.0107	0.0093	36.12193048004329
DBP	AD	all_ivs	rs13237249	rs13237249	7	131151783	FALSE	0.1366	0.0177	-0.0068	0.0084	59.560024258674076
DBP	AD	all_ivs	rs75511781	rs75511781	7	131323710	FALSE	0.3721	0.047	-0.0061	0.0202	62.67922589406972
DBP	AD	all_ivs	rs7800558	rs7800558	7	140242661	FALSE	0.096	0.0175	0.0124	0.0083	30.093061224489787
DBP	AD	all_ivs	rs1044608	rs1044608	7	150502016	FALSE	0.2018	0.0339	0.007	0.0153	35.43585593581678
DBP	AD	all_ivs	rs3918226	rs3918226	7	150690176	FALSE	0.6117	0.0329	-0.0241	0.0148	345.688685433431
DBP	AD	all_ivs	rs4726006	rs4726006	7	150878803	FALSE	0.1339	0.02	0.0033	0.0093	44.823024999999994
DBP	AD	all_ivs	rs6464165	rs6464165	7	151413124	FALSE	0.217	0.0195	-0.0014	0.0091	123.83694937541091
DBP	AD	all_ivs	rs9638084	rs9638084	7	156311745	FALSE	0.1154	0.0178	-0.0011	0.0084	42.03118293144805
DBP	AD	all_ivs	rs2442618	rs2442618	8	6379832	FALSE	0.1315	0.0177	0.0046	0.0082	55.19566535797504
DBP	AD	all_ivs	rs35091929	rs35091929	8	10693492	FALSE	0.1828	0.0177	-0.0177	0.0083	106.6610488684605
DBP	AD	all_ivs	rs62503324	rs62503324	8	23400615	FALSE	0.2033	0.0204	-0.0061	0.0094	99.31490292195308
DBP	AD	all_ivs	rs951914	rs951914	8	25878995	FALSE	0.1904	0.0193	0.0051	0.009	97.32384762007032
DBP	AD	all_ivs	rs17832905	rs17832905	8	26038759	FALSE	0.1923	0.0346	-0.0171	0.0157	30.889179391225902
DBP	AD	all_ivs	rs17321041	rs17321041	8	26445194	FALSE	0.2313	0.0363	0.0099	0.0169	40.601120142066804
DBP	AD	all_ivs	rs1906672	rs1906672	8	38130025	FALSE	0.1402	0.0205	-0.013	0.0098	46.77225461035097
DBP	AD	all_ivs	rs10087280	rs10087280	8	49391836	FALSE	0.1381	0.0232	-0.0059	0.0107	35.43328255053509
DBP	AD	all_ivs	rs4873492	rs4873492	8	51947549	FALSE	0.1401	0.0231	0.005	0.0107	36.78343734187891
DBP	AD	all_ivs	rs11778153	rs11778153	8	64503942	FALSE	0.1192	0.0182	-0.014	0.0085	42.895302499698104
DBP	AD	all_ivs	rs6983239	rs6983239	8	72507296	FALSE	0.1159	0.0211	-0.005	0.0098	30.17185148581568
DBP	AD	all_ivs	rs148401029	rs148401029	8	81386066	FALSE	0.3122	0.0486	0.0098	0.0218	41.26608409964605
DBP	AD	all_ivs	rs73276406	rs73276406	8	96021760	FALSE	0.1564	0.0246	-0.0128	0.0117	40.42064908453963
DBP	AD	all_ivs	rs142449193	rs142449193	8	102750597	FALSE	0.2573	0.0426	-0.0278	0.0197	36.480465736516116
DBP	AD	all_ivs	rs2957468	rs2957468	8	106325360	FALSE	0.1377	0.0185	-0.009	0.0087	55.4018699780862
DBP	AD	all_ivs	rs722783	rs722783	8	120442287	FALSE	0.2093	0.0208	-0.0051	0.0097	101.25390625000004
DBP	AD	all_ivs	rs9918907	rs9918907	8	124816862	FALSE	0.1188	0.021	-0.0054	0.0097	32.003265306122444
DBP	AD	all_ivs	rs7012891	rs7012891	8	126514676	FALSE	0.1391	0.0205	0.0069	0.0094	46.04118976799524
DBP	AD	all_ivs	rs4909314	rs4909314	8	135623798	FALSE	0.1339	0.0177	0.0057	0.0083	57.228797599668034
DBP	AD	all_ivs	rs4074812	rs4074812	8	141883529	FALSE	0.1336	0.0175	-0.0073	0.0083	58.282318367346925
DBP	AD	all_ivs	rs3802230	rs3802230	8	143992864	FALSE	0.1605	0.0174	4e-4	0.0082	85.08472057074913
DBP	AD	all_ivs	rs12337056	rs12337056	9	628670	FALSE	0.1364	0.0228	0.006	0.0107	35.78978147122191
DBP	AD	all_ivs	rs12216886	rs12216886	9	2493751	FALSE	0.1292	0.0221	-0.0018	0.0102	34.1775147928994
DBP	AD	all_ivs	rs1332812	rs1332812	9	9350986	FALSE	0.1145	0.0181	-0.0213	0.0085	40.017856597783954
DBP	AD	all_ivs	rs4615669	rs4615669	9	21818674	FALSE	0.114	0.0174	-0.0037	0.0082	42.92508917954817
DBP	AD	all_ivs	rs1243876	rs1243876	9	35693104	FALSE	0.1063	0.019	-0.01	0.0089	31.30108033240998
DBP	AD	all_ivs	rs76452347	rs76452347	9	35906471	FALSE	0.2246	0.0229	-0.006	0.0104	96.19412291909
DBP	AD	all_ivs	rs11141731	rs11141731	9	89888472	FALSE	0.1258	0.0207	-0.0011	0.0099	36.9335107003664
DBP	AD	all_ivs	rs4743021	rs4743021	9	109414561	FALSE	0.108	0.0194	-0.007	0.0089	30.991603783611435
DBP	AD	all_ivs	rs10980408	rs10980408	9	113249071	FALSE	0.3745	0.0477	-0.0283	0.0221	61.64060405486773
DBP	AD	all_ivs	rs10759697	rs10759697	9	117172307	FALSE	0.1308	0.0173	0.0015	0.0081	57.16408834241038
DBP	AD	all_ivs	rs2133386	rs2133386	9	128173838	FALSE	0.1322	0.0176	-0.0072	0.0082	56.420583677685954
DBP	AD	all_ivs	rs6271	rs6271	9	136522274	FALSE	0.4313	0.0352	0.0142	0.0165	150.13211034349172
DBP	AD	all_ivs	rs11145807	rs11145807	9	139520789	FALSE	0.155	0.0184	4e-4	0.0087	70.96231096408319
DBP	AD	all_ivs	rs507666	rs992108547	9	136149399	FALSE	0.2854	0.0223	0.001	0.0101	163.79408393492727
DBP	AD	all_ivs	rs11252324	rs11252324	10	4124568	FALSE	0.2339	0.0328	-0.0143	0.0149	50.85255242415227
DBP	AD	all_ivs	rs6602177	rs6602177	10	17167141	FALSE	0.1203	0.0207	0.011	0.0093	33.77462717916404
DBP	AD	all_ivs	rs1623474	rs1623474	10	18471794	FALSE	0.2234	0.0184	-0.0133	0.0086	147.4112712665406
DBP	AD	all_ivs	rs12258967	rs12258967	10	18727959	FALSE	0.354	0.0193	-0.0126	0.0088	336.4278235657332
DBP	AD	all_ivs	rs11596400	rs11596400	10	28245420	FALSE	0.1278	0.0174	-0.0044	0.0081	53.94649227110583
DBP	AD	all_ivs	rs1265842	rs1265842	10	28924901	FALSE	0.1113	0.0174	-0.0092	0.0082	40.91587395957195
DBP	AD	all_ivs	rs2487926	rs2487926	10	30300787	FALSE	0.0972	0.0176	0.0115	0.0083	30.500516528925615
DBP	AD	all_ivs	rs3006583	rs3006583	10	31280845	FALSE	0.1303	0.0222	-0.0081	0.0105	34.44949679409138
DBP	AD	all_ivs	rs4948643	rs4948643	10	45379759	FALSE	0.1591	0.0194	-0.0102	0.0091	67.25690827930704
DBP	AD	all_ivs	rs72831343	rs72831343	10	63515681	FALSE	0.4936	0.0248	8e-4	0.0117	396.13839750260144
DBP	AD	all_ivs	rs2236295	rs2236295	10	64564892	FALSE	0.207	0.0177	-0.0053	0.0083	136.771042803792
DBP	AD	all_ivs	rs35506078	rs35506078	10	65210552	FALSE	0.1348	0.0183	0.0246	0.0087	54.2597270745618
DBP	AD	all_ivs	rs12247028	rs12247028	10	75410052	FALSE	0.1396	0.0188	-7e-4	0.0087	55.13852421910367
DBP	AD	all_ivs	rs11187838	rs11187838	10	96038686	FALSE	0.2781	0.0174	-0.0094	0.0082	255.44857312722954
DBP	AD	all_ivs	rs1006545	rs1006545	10	102553647	FALSE	0.3633	0.0275	-0.0041	0.013	174.52811900826447
DBP	AD	all_ivs	rs11190746	rs11190746	10	102663565	FALSE	0.11	0.0175	0.0203	0.0082	39.51020408163265
DBP	AD	all_ivs	rs12414028	rs12414028	10	104957629	FALSE	0.5141	0.0313	0.0104	0.0144	269.7780012044626
DBP	AD	all_ivs	rs4918065	rs4918065	10	105617578	FALSE	0.1327	0.0201	-5e-4	0.0093	43.586272617014444
DBP	AD	all_ivs	rs117464403	rs117464403	10	107158054	FALSE	0.4537	0.0682	-0.0477	0.0297	44.255658706065475
DBP	AD	all_ivs	rs2484294	rs2484294	10	115792062	FALSE	0.3165	0.0196	0.007	0.0091	260.7565857975844
DBP	AD	all_ivs	rs72842207	rs72842207	10	121433675	FALSE	0.2112	0.0211	-0.0234	0.0099	100.18966330495722
DBP	AD	all_ivs	rs11592107	rs11592107	10	122968964	FALSE	0.1203	0.0187	-0.0107	0.0088	41.385484286081955
DBP	AD	all_ivs	rs10490923	rs10490923	10	124214251	FALSE	0.1533	0.0262	0.0314	0.0121	34.23589825767728
DBP	AD	all_ivs	rs9419374	rs9419374	10	133729749	FALSE	0.1164	0.0185	0.0025	0.0088	39.587903579254935
DBP	AD	all_ivs	rs1133400	rs1133400	10	134459388	FALSE	0.1318	0.0215	0.0149	0.0099	37.579751216873994
DBP	AD	all_ivs	rs28570096	rs28570096	11	1616088	FALSE	0.1396	0.0188	-0.0015	0.0088	55.13852421910367
DBP	AD	all_ivs	rs79889784	rs79889784	11	1702117	FALSE	0.3941	0.0717	-0.0226	0.0337	30.211657903592567
DBP	AD	all_ivs	rs569550	rs569550	11	1887068	FALSE	0.2688	0.0181	0.0094	0.0084	220.54711394646066
DBP	AD	all_ivs	rs147081004	rs147081004	11	1919980	FALSE	0.1411	0.0257	0.0045	0.0117	30.143090735665947
DBP	AD	all_ivs	rs360153	rs360153	11	9762274	FALSE	0.2198	0.0175	-0.0163	0.0083	157.75359999999998
DBP	AD	all_ivs	rs7107711	rs7107711	11	13255538	FALSE	0.1263	0.021	0.0069	0.0099	36.171632653061216
DBP	AD	all_ivs	rs4756782	rs4756782	11	14254606	FALSE	0.1551	0.0234	-0.0025	0.0109	43.93310322156476
DBP	AD	all_ivs	rs10832586	rs10832586	11	16304089	FALSE	0.3083	0.0216	-0.0176	0.0102	203.72275805898494
DBP	AD	all_ivs	rs7926335	rs7926335	11	16917869	FALSE	0.1804	0.0195	0.0155	0.0092	85.58621959237345
DBP	AD	all_ivs	rs10500932	rs10500932	11	22501446	FALSE	0.2784	0.0333	-0.0284	0.0156	69.89562535508479
DBP	AD	all_ivs	rs962369	rs962369	11	27734420	FALSE	0.1684	0.0189	-0.0046	0.0089	79.38904285994232
DBP	AD	all_ivs	rs7933758	rs7933758	11	31000774	FALSE	0.1138	0.0191	0.0017	0.0088	35.49913653682739
DBP	AD	all_ivs	rs10838702	rs10838702	11	47410888	FALSE	0.2375	0.0178	0.0565	0.0083	178.02755333922485
DBP	AD	all_ivs	rs751984	rs751984	11	61278246	FALSE	0.3937	0.0275	-0.0049	0.0132	204.95826776859505
DBP	AD	all_ivs	rs35927325	rs35927325	11	63882495	FALSE	0.2221	0.0364	-0.0143	0.017	37.23011260717304
DBP	AD	all_ivs	rs2306363	rs2306363	11	65405600	FALSE	0.2643	0.0216	0.0032	0.01	149.72241512345673
DBP	AD	all_ivs	rs11228613	rs11228613	11	69068492	FALSE	0.1741	0.0212	-0.0063	0.0098	67.44128248487006
DBP	AD	all_ivs	rs504217	rs504217	11	72006086	FALSE	0.2745	0.0335	-0.0416	0.0154	67.14212519492092
DBP	AD	all_ivs	rs11021221	rs11021221	11	95308854	FALSE	0.1877	0.0233	-0.0162	0.0114	64.8958168321391
DBP	AD	all_ivs	rs61909958	rs61909958	11	96151677	FALSE	0.1275	0.0228	-0.0168	0.0104	31.271641274238227
DBP	AD	all_ivs	rs604723	rs604723	11	100610546	FALSE	0.3848	0.0194	0.004	0.0091	393.4292698480177
DBP	AD	all_ivs	rs66682451	rs66682451	11	107097540	FALSE	0.1348	0.0194	-0.0087	0.0091	48.28100754596663
DBP	AD	all_ivs	rs7106104	rs7106104	11	111635655	FALSE	0.1186	0.0193	0.0043	0.0089	37.76198018738758
DBP	AD	all_ivs	rs12790943	rs12790943	11	120058623	FALSE	0.1002	0.0175	0.0013	0.0082	32.783804081632645
DBP	AD	all_ivs	rs12574332	rs12574332	11	122521123	FALSE	0.2072	0.0266	0.0224	0.0125	60.67590027700832
DBP	AD	all_ivs	rs4936099	rs4936099	11	130280725	FALSE	0.1745	0.0178	-0.0325	0.0085	96.10607877793205
DBP	AD	all_ivs	rs55935819	rs55935819	12	2521579	FALSE	0.1271	0.0181	0.0028	0.0084	49.30988065077376
DBP	AD	all_ivs	rs7971147	rs7971147	12	19669330	FALSE	0.1187	0.0177	-0.0146	0.0081	44.97331545852085
DBP	AD	all_ivs	rs4306343	rs4306343	12	20190630	FALSE	0.317	0.0193	6e-4	0.009	269.77636983543175
DBP	AD	all_ivs	rs6487076	rs6487076	12	20470857	FALSE	0.174	0.0209	-0.0125	0.0099	69.3116000091573
DBP	AD	all_ivs	rs12229480	rs12229480	12	26472908	FALSE	0.1359	0.0193	-0.0048	0.0091	49.58202904775966
DBP	AD	all_ivs	rs1669907	rs1669907	12	42777933	FALSE	0.1158	0.0191	-0.0053	0.0089	36.757873961788334
DBP	AD	all_ivs	rs61917655	rs61917655	12	48210787	FALSE	0.2246	0.0297	0.0046	0.0135	57.18822342391366
DBP	AD	all_ivs	rs7967705	rs7967705	12	50511408	FALSE	0.2694	0.0178	2e-4	0.0083	229.06312334301222
DBP	AD	all_ivs	rs7306947	rs7306947	12	53385046	FALSE	0.205	0.0342	0.0154	0.0159	35.929858759960325
DBP	AD	all_ivs	rs6580970	rs6580970	12	54434277	FALSE	0.1661	0.0191	-0.0125	0.0091	75.62624379814152
DBP	AD	all_ivs	rs7959649	rs7959649	12	67783108	FALSE	0.1166	0.0202	-0.0247	0.0095	33.31918439368689
DBP	AD	all_ivs	rs710698	rs710698	12	70369918	FALSE	0.1059	0.0176	-6e-4	0.0082	36.20483600206611
DBP	AD	all_ivs	rs2681485	rs2681485	12	90025622	FALSE	0.2945	0.0176	0.0093	0.0083	279.99176782024784
DBP	AD	all_ivs	rs11108209	rs11108209	12	96109855	FALSE	0.1901	0.03	-0.0025	0.0144	40.15334444444445
DBP	AD	all_ivs	rs11112548	rs11112548	12	105871914	FALSE	0.2742	0.0443	-0.005	0.0199	38.311349357194175
DBP	AD	all_ivs	rs116063464	rs116063464	12	109860182	FALSE	0.2017	0.0369	-0.0327	0.0174	29.878518812288387
DBP	AD	all_ivs	rs7137828	rs7137828	12	111932800	FALSE	0.5027	0.0176	-0.0155	0.0081	815.81640625
DBP	AD	all_ivs	rs35443	rs35443	12	115552878	FALSE	0.2661	0.0178	-6e-4	0.0084	223.48570256280775
DBP	AD	all_ivs	rs6490019	rs6490019	12	115920472	FALSE	0.1778	0.0178	-0.0049	0.0083	99.77540714556244
DBP	AD	all_ivs	rs1790123	rs1790123	12	123659542	FALSE	0.1991	0.0218	0.0118	0.0103	83.41219173470247
DBP	AD	all_ivs	rs2271139	rs2271139	12	124839540	FALSE	0.1247	0.0192	0.0065	0.0091	42.18231879340279
DBP	AD	all_ivs	rs682681	rs682681	13	22294062	FALSE	0.1454	0.0185	1e-4	0.0088	61.77110299488679
DBP	AD	all_ivs	rs61948065	rs61948065	13	25255052	FALSE	0.1737	0.027	0.0178	0.0122	41.38777777777778
DBP	AD	all_ivs	rs9508495	rs9508495	13	30146201	FALSE	0.1944	0.0204	-0.0029	0.0096	90.80968858131484
DBP	AD	all_ivs	rs56256111	rs56256111	13	41478963	FALSE	0.1926	0.0263	-0.0085	0.0121	53.629169136462856
DBP	AD	all_ivs	rs7992292	rs7992292	13	41968013	FALSE	0.1367	0.0231	-0.0035	0.0106	35.01975225351848
DBP	AD	all_ivs	rs9526707	rs9526707	13	51489186	FALSE	0.1217	0.0186	0.0042	0.0087	42.81098970979305
DBP	AD	all_ivs	rs9563529	rs9563529	13	58316637	FALSE	0.1222	0.0215	-0.0104	0.0103	32.30468361276366
DBP	AD	all_ivs	rs3861113	rs3861113	13	72364382	FALSE	0.2126	0.0322	-0.0037	0.0147	43.59280120365727
DBP	AD	all_ivs	rs12866098	rs12866098	13	73119617	FALSE	0.1033	0.0186	0.0086	0.0089	30.844288357035506
DBP	AD	all_ivs	rs1215469	rs1215469	13	80707408	FALSE	0.1383	0.0211	0.0163	0.0098	42.96150131398666
DBP	AD	all_ivs	rs55684003	rs55684003	13	97988689	FALSE	0.122	0.0189	5e-4	0.0089	41.6673665350914
DBP	AD	all_ivs	rs675605	rs675605	13	110873556	FALSE	0.1205	0.0196	0.0027	0.0091	37.79740212411495
DBP	AD	all_ivs	rs7990017	rs7990017	13	110959705	FALSE	0.1039	0.0185	-0.0026	0.0088	31.541884587290003
DBP	AD	all_ivs	rs7491960	rs7491960	13	114470370	FALSE	0.1288	0.018	-0.0036	0.0082	51.20197530864198
DBP	AD	all_ivs	rs7321688	rs7321688	13	115000365	FALSE	0.1507	0.0205	0.0062	0.0095	54.04042831647828
DBP	AD	all_ivs	rs7350752	rs7350752	14	21841154	FALSE	0.1504	0.0268	0.0145	0.0131	31.49387391401203
DBP	AD	all_ivs	rs17880989	rs17880989	14	23313633	FALSE	0.4014	0.0591	-0.026	0.0278	46.12960911128861
DBP	AD	all_ivs	rs1950500	rs1950500	14	24830850	FALSE	0.1396	0.019	-0.0096	0.0089	53.98382271468145
DBP	AD	all_ivs	rs4424827	rs4424827	14	35110857	FALSE	0.0981	0.0175	-0.0051	0.0082	31.424032653061225
DBP	AD	all_ivs	rs7155504	rs7155504	14	36158828	FALSE	0.2286	0.0317	0.008	0.0143	52.00366209236832
DBP	AD	all_ivs	rs72683923	rs72683923	14	50735947	FALSE	0.5325	0.0635	0.0636	0.0327	70.32209064418127
DBP	AD	all_ivs	rs35413927	rs35413927	14	53420358	FALSE	0.1274	0.0189	-0.0394	0.0088	45.43758573388204
DBP	AD	all_ivs	rs12148044	rs12148044	14	69214219	FALSE	0.1371	0.023	-0.0169	0.0106	35.53196597353498
DBP	AD	all_ivs	rs227426	rs227426	14	70456664	FALSE	0.1119	0.0175	-0.0123	0.0082	40.88688979591836
DBP	AD	all_ivs	rs2239268	rs2239268	14	72469591	FALSE	0.1097	0.019	-0.015	0.0088	33.335429362880895
DBP	AD	all_ivs	rs4903064	rs4903064	14	73279420	FALSE	0.1543	0.0206	-0.0055	0.0094	56.10446319162974
DBP	AD	all_ivs	rs8014182	rs8014182	14	103859962	FALSE	0.1942	0.0257	0.02	0.0122	57.09948674468956
DBP	AD	all_ivs	rs10873612	rs10873612	15	26105602	FALSE	0.1096	0.0179	-0.0193	0.0083	37.48996598108673
DBP	AD	all_ivs	rs11070245	rs11070245	15	40317792	FALSE	0.1287	0.0174	0.0033	0.0082	54.70897740784782
DBP	AD	all_ivs	rs2925345	rs2925345	15	41311799	FALSE	0.189	0.0174	-0.0208	0.0082	117.98454221165281
DBP	AD	all_ivs	rs17678552	rs17678552	15	42066190	FALSE	0.1649	0.0182	0.0011	0.0085	82.09156502837821
DBP	AD	all_ivs	rs7169864	rs7169864	15	53902901	FALSE	0.1132	0.0205	-0.0045	0.0097	30.491945270672215
DBP	AD	all_ivs	rs28429256	rs28429256	15	66931617	FALSE	0.1636	0.0188	0.0042	0.0089	75.72702580353099
DBP	AD	all_ivs	rs2469141	rs2469141	15	66967398	FALSE	0.1351	0.0238	0.0132	0.011	32.22231833910034
DBP	AD	all_ivs	rs3743111	rs3743111	15	71587373	FALSE	0.1517	0.0178	-0.0071	0.0083	72.63252745865422
DBP	AD	all_ivs	rs11636952	rs11636952	15	75114322	FALSE	0.3997	0.0189	0.0047	0.0087	447.244170096022
DBP	AD	all_ivs	rs57708073	rs57708073	15	79066653	FALSE	0.1907	0.0214	0.0112	0.0093	79.40975194340119
DBP	AD	all_ivs	rs2627313	rs2627313	15	81006712	FALSE	0.151	0.0175	4e-4	0.0082	74.45224489795918
DBP	AD	all_ivs	rs77032376	rs77032376	15	90010780	FALSE	0.173	0.0249	-0.0013	0.0115	48.27180206770859
DBP	AD	all_ivs	rs4932373	rs4932373	15	91429287	FALSE	0.3664	0.0189	-0.0258	0.0087	375.8264326306654
DBP	AD	all_ivs	rs3743369	rs3743369	15	92707569	FALSE	0.104	0.0179	-2e-4	0.0085	33.75674916513218
DBP	AD	all_ivs	rs12906962	rs12906962	15	95312071	FALSE	0.2378	0.0188	-0.012	0.0087	159.9955862381168
DBP	AD	all_ivs	rs2589218	rs2589218	15	96785017	FALSE	0.1207	0.0196	0.0051	0.0093	37.92297480216577
DBP	AD	all_ivs	rs12596630	rs12596630	16	2065666	FALSE	0.2606	0.0314	-0.0016	0.0146	68.87942715728833
DBP	AD	all_ivs	rs917522	rs917522	16	4097222	FALSE	0.1665	0.0273	-0.0093	0.0125	37.19659461417703
DBP	AD	all_ivs	rs12446456	rs12446456	16	4922201	FALSE	0.181	0.0175	0.0051	0.0082	106.97469387755099
DBP	AD	all_ivs	rs77924615	rs77924615	16	20392332	FALSE	0.3163	0.0224	-0.0183	0.0105	199.3895288584184
DBP	AD	all_ivs	rs9937801	rs9937801	16	21088130	FALSE	0.1554	0.0174	-0.0141	0.0082	79.76337693222358
DBP	AD	all_ivs	rs80095680	rs80095680	16	30902353	FALSE	0.1566	0.0198	-0.031	0.0093	62.55371900826445
DBP	AD	all_ivs	rs7192407	rs7192407	16	49783926	FALSE	0.1019	0.0174	2e-4	0.0082	34.29650548289075
DBP	AD	all_ivs	rs62030049	rs62030049	16	50572709	FALSE	0.1336	0.0209	-0.0101	0.0098	40.86206817609487
DBP	AD	all_ivs	rs9932220	rs9932220	16	51758116	FALSE	0.1591	0.021	3e-4	0.0099	57.39866213151926
DBP	AD	all_ivs	rs12919839	rs12919839	16	56859216	FALSE	0.1098	0.0192	-0.0076	0.009	32.7041015625
DBP	AD	all_ivs	rs45474499	rs45474499	16	66914492	FALSE	0.3562	0.0415	-0.042	0.0189	73.67016402961242
DBP	AD	all_ivs	rs28544928	rs28544928	16	69329268	FALSE	0.1543	0.0199	-0.0116	0.0093	60.120931289613885
DBP	AD	all_ivs	rs12444212	rs12444212	16	71437689	FALSE	0.1291	0.0226	5e-4	0.0107	32.63139243480304
DBP	AD	all_ivs	rs11859505	rs11859505	16	74195719	FALSE	0.1037	0.0181	0.0032	0.0084	32.82466957663075
DBP	AD	all_ivs	rs8046697	rs8046697	16	75442144	FALSE	0.1289	0.0179	0.0161	0.0083	51.85609063387535
DBP	AD	all_ivs	rs12929303	rs12929303	16	81602264	FALSE	0.1572	0.0174	-0.0126	0.0081	81.62187871581452
DBP	AD	all_ivs	rs79286081	rs79286081	16	86555837	FALSE	0.1631	0.0299	-0.015	0.0137	29.755383049406603
DBP	AD	all_ivs	rs908951	rs908951	16	89697625	FALSE	0.1983	0.0181	-0.0195	0.0083	120.02957785171391
DBP	AD	all_ivs	rs4362428	rs4362428	17	2090341	FALSE	0.1127	0.0176	0.0176	0.0082	41.00364798553718
DBP	AD	all_ivs	rs12601936	rs12601936	17	7172609	FALSE	0.1429	0.0178	-0.024	0.0084	64.45022724403485
DBP	AD	all_ivs	rs138420351	rs138420351	17	7700063	FALSE	0.5568	0.0854	-0.0614	0.0408	42.50917846310789
DBP	AD	all_ivs	rs74439044	rs74439044	17	7781019	FALSE	0.3496	0.0294	-0.0135	0.0137	141.39960201767786
DBP	AD	all_ivs	rs12949537	rs12949537	17	16240488	FALSE	0.1197	0.0177	0.0015	0.0082	45.73427176098822
DBP	AD	all_ivs	rs1043809	rs1043809	17	19239432	FALSE	0.159	0.0223	0.016	0.0103	50.8375394638943
DBP	AD	all_ivs	rs76954792	rs76954792	17	30033514	FALSE	0.1213	0.0208	-0.018	0.0097	34.00908376479291
DBP	AD	all_ivs	rs28661492	rs28661492	17	30609932	FALSE	0.1359	0.0222	-0.003	0.0102	37.474251278305324
DBP	AD	all_ivs	rs2239917	rs2239917	17	43165887	FALSE	0.1731	0.0176	-0.008	0.0082	96.73169550619832
DBP	AD	all_ivs	rs62064603	rs62064603	17	43484496	FALSE	0.1335	0.0229	0.047	0.0104	33.985335901298605
DBP	AD	all_ivs	rs55938136	rs55938136	17	43798360	FALSE	0.1408	0.0225	0.0529	0.0098	39.159782716049385
DBP	AD	all_ivs	rs3916033	rs3916033	17	44889703	FALSE	0.1233	0.0185	-0.0076	0.0083	44.42042366691016
DBP	AD	all_ivs	rs8081301	rs8081301	17	47039302	FALSE	0.1278	0.0197	-0.0128	0.0093	42.085186425829065
DBP	AD	all_ivs	rs9889262	rs9889262	17	47398070	FALSE	0.2283	0.018	0.025	0.0084	160.86694444444444
DBP	AD	all_ivs	rs3785837	rs3785837	17	59468942	FALSE	0.1453	0.0213	-0.0022	0.0096	46.53417531794839
DBP	AD	all_ivs	rs6504163	rs6504163	17	61545779	FALSE	0.1842	0.0183	-0.0659	0.0085	101.31577532921256
DBP	AD	all_ivs	rs1867624	rs1867624	17	62387091	FALSE	0.1412	0.0178	-0.0027	0.0085	62.925893195303615
DBP	AD	all_ivs	rs1436138	rs1436138	17	75316880	FALSE	0.1991	0.0182	-0.0166	0.0085	119.6739826107958
DBP	AD	all_ivs	rs7217916	rs7217916	17	76769434	FALSE	0.1111	0.0179	6e-4	0.0084	38.52317343403764
DBP	AD	all_ivs	rs11077961	rs11077961	17	81012749	FALSE	0.1073	0.0186	0.0054	0.0085	33.27925193664008
DBP	AD	all_ivs	rs7227492	rs7227492	18	772064	FALSE	0.181	0.0227	0.0056	0.0108	63.5777911467329
DBP	AD	all_ivs	rs1903752	rs1903752	18	7129327	FALSE	0.0987	0.0178	-0.0133	0.009	30.746401969448304
DBP	AD	all_ivs	rs11665020	rs11665020	18	10879503	FALSE	0.1423	0.0187	0.0079	0.0088	57.9064028139209
DBP	AD	all_ivs	rs4410190	rs4410190	18	20020200	FALSE	0.1068	0.0176	-0.0056	0.0083	36.8228305785124
DBP	AD	all_ivs	rs10164193	rs10164193	18	31161426	FALSE	0.2196	0.0327	0.0443	0.0146	45.099234071206126
DBP	AD	all_ivs	rs58693787	rs58693787	18	48141710	FALSE	0.1584	0.0202	-0.0067	0.0094	61.49044211351829
DBP	AD	all_ivs	rs4102481	rs4102481	18	51774715	FALSE	0.1248	0.019	0.0163	0.0088	43.14415512465374
DBP	AD	all_ivs	rs2062011	rs2062011	18	60876114	FALSE	0.1138	0.0209	0.003	0.0098	29.647764474256544
DBP	AD	all_ivs	rs4891258	rs4891258	18	72995537	FALSE	0.1159	0.0187	-0.0069	0.0087	38.41348051131001
DBP	AD	all_ivs	rs10424224	rs10424224	19	7240481	FALSE	0.1042	0.0182	0.0025	0.0091	32.77877067986958
DBP	AD	all_ivs	rs7258382	rs7258382	19	7262569	FALSE	0.2624	0.0248	-0.0017	0.0119	111.95005202913634
DBP	AD	all_ivs	rs2009733	rs2009733	19	8398714	FALSE	0.1217	0.0176	0.0015	0.0089	47.8140818698347
DBP	AD	all_ivs	rs387865	rs387865	19	11284539	FALSE	0.1059	0.0191	-0.0123	0.0094	30.741509278802667
DBP	AD	all_ivs	rs167479	rs167479	19	11526765	FALSE	0.362	0.0188	-0.0017	0.0094	370.76731552738795
DBP	AD	all_ivs	rs1077795	rs1077795	19	17222584	FALSE	0.1987	0.0199	0.0053	0.01	99.69871972929974
DBP	AD	all_ivs	rs72999033	rs72999033	19	19366632	FALSE	0.2793	0.0358	0.0334	0.0183	60.866148060297746
DBP	AD	all_ivs	rs7257694	rs7257694	19	30314666	FALSE	0.1837	0.0178	-0.0118	0.009	106.50703825274586
DBP	AD	all_ivs	rs8108717	rs8108717	19	31911914	FALSE	0.1323	0.0179	0.0057	0.0091	54.62778939483786
DBP	AD	all_ivs	rs73036520	rs73036520	19	45749484	TRUE	0.1557	0.0202	-0.0434	0.0102	59.41204293696697
DBP	AD	all_ivs	rs2548459	rs2548459	19	49209339	FALSE	0.132	0.0176	0.0108	0.0087	56.25
DBP	AD	all_ivs	rs73046792	rs73046792	19	49605705	FALSE	0.1518	0.0245	0.0208	0.0124	38.389404414827155
DBP	AD	all_ivs	rs6108168	rs6108168	20	8626271	FALSE	0.1901	0.0199	2e-4	0.0094	91.2552965834196
DBP	AD	all_ivs	rs693974	rs693974	20	10557252	FALSE	0.1847	0.0177	0.0078	0.0083	108.88981454882058
DBP	AD	all_ivs	rs1327235	rs1327235	20	10969030	FALSE	0.3018	0.0173	-0.006	0.0081	304.33105015202653
DBP	AD	all_ivs	rs6078393	rs6078393	20	11908101	FALSE	0.1205	0.0176	-0.0066	0.0083	46.87580707644627
DBP	AD	all_ivs	rs4814837	rs4814837	20	19241680	FALSE	0.1003	0.0184	-0.0119	0.0085	29.714349007561438
DBP	AD	all_ivs	rs7265695	rs7265695	20	40043096	FALSE	0.1967	0.0219	-0.0239	0.0102	80.67156648109925
DBP	AD	all_ivs	rs6031431	rs6031431	20	42795152	FALSE	0.1153	0.0175	-3e-4	0.0082	43.40927346938775
DBP	AD	all_ivs	rs2598	rs2598	20	47241618	FALSE	0.1387	0.0175	0.001	0.0082	62.81694693877549
DBP	AD	all_ivs	rs79044887	rs79044887	20	47427831	FALSE	0.2427	0.0245	-0.0101	0.0115	98.1312619741774
DBP	AD	all_ivs	rs234623	rs234623	20	57488964	FALSE	0.1191	0.0174	-0.0132	0.0082	46.851664684898935
DBP	AD	all_ivs	rs6026739	rs6026739	20	57739469	FALSE	0.5032	0.0266	0.0219	0.0125	357.8639832664367
DBP	AD	all_ivs	rs79208229	rs79208229	20	62516236	FALSE	0.2128	0.0326	-0.0197	0.015	42.609657871956045
DBP	AD	all_ivs	rs35213536	rs35213536	20	62694319	FALSE	0.2044	0.0205	-0.0105	0.0095	99.41549077929804
DBP	AD	all_ivs	rs1882961	rs1882961	21	16556367	FALSE	0.1272	0.0188	0.0027	0.0089	45.77818017202354
DBP	AD	all_ivs	rs1003763	rs1003763	21	40073020	FALSE	0.1484	0.0203	0.0055	0.0095	53.44114149821642
DBP	AD	all_ivs	rs12627514	rs12627514	21	44759440	FALSE	0.2164	0.0196	0.0034	0.0091	121.89962515618495
DBP	AD	all_ivs	rs34487963	rs34487963	21	44838330	FALSE	0.5734	0.0712	-0.0511	0.0344	64.8567810251231
DBP	AD	all_ivs	rs7278003	rs7278003	21	44966069	FALSE	0.1293	0.0176	-0.0087	0.0085	53.97239798553718
DBP	AD	all_ivs	rs5992929	rs5992929	22	18451977	FALSE	0.1684	0.0193	-0.003	0.009	76.13240623909365
DBP	AD	all_ivs	rs2294239	rs2294239	22	29449477	FALSE	0.1458	0.0176	0.0064	0.0082	68.62616219008267
DBP	AD	all_ivs	rs5753630	rs5753630	22	31861950	FALSE	0.107	0.0175	0.0152	0.0083	37.38448979591836
DBP	AD	apoe_excluded	rs34645159	rs34645159	1	1724366	FALSE	0.133	0.0174	0.0054	0.0083	58.42581582771834
DBP	AD	apoe_excluded	rs2493296	rs2493296	1	3327032	FALSE	0.2496	0.0254	0.0141	0.0115	96.56544113088226
DBP	AD	apoe_excluded	rs488834	rs488834	1	10767902	FALSE	0.1931	0.0208	-0.0109	0.0096	86.18622873520711
DBP	AD	apoe_excluded	rs55857306	rs55857306	1	11895795	FALSE	0.5224	0.0235	-0.0197	0.0113	494.16344047080116
DBP	AD	apoe_excluded	rs1889785	rs1889785	1	16348729	FALSE	0.1255	0.0174	-0.0043	0.0081	52.02222882811469
DBP	AD	apoe_excluded	rs6686889	rs6686889	1	25030470	FALSE	0.1918	0.0199	-0.0083	0.0094	92.89472488068482
DBP	AD	apoe_excluded	rs12728150	rs12728150	1	27268737	FALSE	0.2045	0.0318	-0.0297	0.015	41.35541513389501
DBP	AD	apoe_excluded	rs2146315	rs2146315	1	42050366	FALSE	0.1197	0.0205	0.0089	0.0096	34.09420582986318
DBP	AD	apoe_excluded	rs839759	rs839759	1	43863460	FALSE	0.1505	0.0175	0.0085	0.0082	73.96
DBP	AD	apoe_excluded	rs4926901	rs4926901	1	48025824	FALSE	0.0984	0.018	0.0069	0.0086	29.884444444444444
DBP	AD	apoe_excluded	rs10493127	rs10493127	1	48114417	FALSE	0.1853	0.0307	0.0128	0.0146	36.43125125996031
DBP	AD	apoe_excluded	rs61772592	rs61772592	1	56979681	FALSE	0.1509	0.0261	0.0092	0.0121	33.427004888360415
DBP	AD	apoe_excluded	rs10493408	rs10493408	1	66992054	FALSE	0.1584	0.0255	0.0178	0.0121	38.586020761245685
DBP	AD	apoe_excluded	rs34517439	rs34517439	1	78450517	FALSE	0.2514	0.0279	-9e-4	0.0132	81.19366400739972
DBP	AD	apoe_excluded	rs786921	rs786921	1	89286673	FALSE	0.1145	0.0176	-0.0037	0.0083	42.32389591942149
DBP	AD	apoe_excluded	rs10776752	rs10776752	1	113044328	FALSE	0.4573	0.033	0.0183	0.0159	192.0324058769513
DBP	AD	apoe_excluded	rs57748895	rs57748895	1	115826169	FALSE	0.6627	0.0666	0.0219	0.0312	99.01146416686953
DBP	AD	apoe_excluded	rs1819663	rs1819663	1	154025891	FALSE	0.1147	0.0174	0.0056	0.0081	43.45385784119434
DBP	AD	apoe_excluded	rs76719272	rs76719272	1	156129796	FALSE	0.1438	0.0264	0.0045	0.0126	29.669478879706155
DBP	AD	apoe_excluded	rs7524019	rs7524019	1	167367193	FALSE	0.1036	0.0174	0.0041	0.0083	35.45038974765492
DBP	AD	apoe_excluded	rs12405515	rs12405515	1	172357441	FALSE	0.1698	0.0174	0.0034	0.0083	95.230677764566
DBP	AD	apoe_excluded	rs150816167	rs150816167	1	179571862	FALSE	0.2873	0.0446	-0.018	0.0206	41.49555088580104
DBP	AD	apoe_excluded	rs4651224	rs4651224	1	184585182	FALSE	0.1102	0.0175	0.0032	0.0082	39.6540081632653
DBP	AD	apoe_excluded	rs882624	rs882624	1	201735913	FALSE	0.1571	0.0185	0.0042	0.0087	72.11222790357927
DBP	AD	apoe_excluded	rs2169137	rs2169137	1	204497913	FALSE	0.1588	0.0194	0.005	0.0091	67.00350728026356
DBP	AD	apoe_excluded	rs1502358	rs1502358	1	217324932	FALSE	0.1127	0.0185	-0.0015	0.0089	37.11114682249818
DBP	AD	apoe_excluded	rs68085857	rs68085857	1	217737629	FALSE	0.191	0.0205	-0.0042	0.0096	86.80785246876857
DBP	AD	apoe_excluded	rs12088448	rs12088448	1	218546170	FALSE	0.1544	0.0182	0.001	0.0086	71.97005192609588
DBP	AD	apoe_excluded	rs602521	rs602521	1	227311066	FALSE	0.1351	0.0195	-0.0086	0.0091	48.00002629848784
DBP	AD	apoe_excluded	rs1745417	rs1745417	1	228204279	FALSE	0.1708	0.0173	0.0057	0.0081	97.47281900497845
DBP	AD	apoe_excluded	rs699	rs699	1	230845794	FALSE	0.2359	0.0177	-0.0029	0.0082	177.6271505633758
DBP	AD	apoe_excluded	rs3943093	rs3943093	1	243458502	FALSE	0.2477	0.0184	-0.0019	0.0087	181.22427339319472
DBP	AD	apoe_excluded	rs4926499	rs4926499	1	249155909	FALSE	0.1694	0.0248	0.0213	0.0118	46.6577133194589
DBP	AD	apoe_excluded	rs112393817	rs112393817	2	9807226	FALSE	0.116	0.0211	0.0135	0.01	30.223939264616696
DBP	AD	apoe_excluded	rs1373780	rs1373780	2	19501029	FALSE	0.1246	0.0224	-0.0064	0.0104	30.94140625
DBP	AD	apoe_excluded	rs824523	rs824523	2	19707855	FALSE	0.1226	0.0183	0.0013	0.0087	44.88267789423393
DBP	AD	apoe_excluded	rs11687089	rs11687089	2	25082926	FALSE	0.1739	0.0175	0.0145	0.0082	98.74680816326529
DBP	AD	apoe_excluded	rs1275988	rs1275988	2	26914364	FALSE	0.2945	0.0177	0.0054	0.0085	276.83695617479015
DBP	AD	apoe_excluded	rs11684340	rs11684340	2	37207251	FALSE	0.1249	0.021	-0.0171	0.0098	35.374172335600896
DBP	AD	apoe_excluded	rs2160236	rs2160236	2	40557276	FALSE	0.1421	0.0181	-0.0301	0.0084	61.63551173651597
DBP	AD	apoe_excluded	rs76326501	rs76326501	2	43167878	FALSE	0.3618	0.0305	-0.005	0.0145	140.71404461166352
DBP	AD	apoe_excluded	rs4952668	rs4952668	2	43386568	FALSE	0.192	0.018	-0.0112	0.0085	113.7777777777778
DBP	AD	apoe_excluded	rs2586970	rs2586970	2	55829967	FALSE	0.1493	0.0175	-0.0036	0.0082	72.78527346938773
DBP	AD	apoe_excluded	rs2421200	rs2421200	2	61711815	FALSE	0.1097	0.0173	-0.0053	0.0081	40.208794146145884
DBP	AD	apoe_excluded	rs1876490	rs1876490	2	73052351	FALSE	0.1364	0.0192	-0.0017	0.0092	50.46918402777778
DBP	AD	apoe_excluded	rs6546810	rs6546810	2	73389716	FALSE	0.12	0.0181	-0.0121	0.0085	43.95470223741643
DBP	AD	apoe_excluded	rs311564	rs311564	2	86293498	FALSE	0.133	0.0183	0.0131	0.0086	52.820329063274514
DBP	AD	apoe_excluded	rs62155750	rs62155750	2	96491456	FALSE	0.2177	0.0196	0.0107	0.0091	123.36862244897961
DBP	AD	apoe_excluded	rs28377357	rs28377357	2	112769721	FALSE	0.1243	0.019	-0.0201	0.0091	42.79914127423823
DBP	AD	apoe_excluded	rs62158170	rs62158170	2	114082175	FALSE	0.1645	0.0211	0.0016	0.01	60.780867455807375
DBP	AD	apoe_excluded	rs13001283	rs13001283	2	127183454	FALSE	0.1522	0.0239	-0.005	0.0112	40.55398189807601
DBP	AD	apoe_excluded	rs4954192	rs4954192	2	135632981	FALSE	0.1225	0.0179	-0.0357	0.0084	46.834524515464565
DBP	AD	apoe_excluded	rs55944332	rs55944332	2	145726621	FALSE	0.2365	0.0204	-0.003	0.0098	134.40083141099575
DBP	AD	apoe_excluded	rs12990959	rs12990959	2	148572160	FALSE	0.1271	0.0187	0.0081	0.0088	46.19637393119619
DBP	AD	apoe_excluded	rs2444769	rs2444769	2	158494100	FALSE	0.158	0.0219	-0.0034	0.0102	52.050624465711735
DBP	AD	apoe_excluded	rs7572130	rs7572130	2	164460947	FALSE	0.1796	0.0287	-0.0248	0.0131	39.16055797690879
DBP	AD	apoe_excluded	rs1446468	rs1446468	2	164963486	FALSE	0.253	0.0174	-0.0018	0.0082	211.41828511031844
DBP	AD	apoe_excluded	rs75717699	rs75717699	2	179682997	FALSE	0.4667	0.0541	0.0074	0.0238	74.4185273386383
DBP	AD	apoe_excluded	rs1518460	rs1518460	2	181933689	FALSE	0.1342	0.0189	0.0069	0.009	50.41751350746061
DBP	AD	apoe_excluded	rs12693302	rs12693302	2	183211443	FALSE	0.2378	0.0181	-0.018	0.0086	172.61023778272946
DBP	AD	apoe_excluded	rs4673253	rs4673253	2	204120214	FALSE	0.1177	0.0197	0.0114	0.0094	35.696075652554825
DBP	AD	apoe_excluded	rs11692619	rs11692619	2	205084439	FALSE	0.1281	0.0184	0.0146	0.0085	48.468838610586005
DBP	AD	apoe_excluded	rs1263671	rs1263671	2	207996447	FALSE	0.1394	0.0238	-0.0075	0.0112	34.306122448979586
DBP	AD	apoe_excluded	rs4675682	rs4675682	2	208402750	FALSE	0.1409	0.0173	-0.0011	0.0081	66.33302148417923
DBP	AD	apoe_excluded	rs1035673	rs1035673	2	218675533	FALSE	0.1625	0.0176	-0.0026	0.0084	85.24744963842974
DBP	AD	apoe_excluded	rs13004222	rs13004222	2	219560492	FALSE	0.2944	0.0393	-0.0563	0.0182	56.11649152794773
DBP	AD	apoe_excluded	rs1039897	rs1039897	2	220337196	FALSE	0.1085	0.0183	0.016	0.0085	35.15258741676371
DBP	AD	apoe_excluded	rs10804330	rs10804330	2	227185749	FALSE	0.1331	0.0176	-9e-4	0.0082	57.191406249999986
DBP	AD	apoe_excluded	rs1044822	rs1044822	2	230629138	FALSE	0.1334	0.0243	-0.0138	0.0117	30.136937120018967
DBP	AD	apoe_excluded	rs4507125	rs4507125	2	239864732	FALSE	0.1244	0.0211	0.0079	0.0099	34.75968644010692
DBP	AD	apoe_excluded	rs347585	rs347585	3	11286220	FALSE	0.1506	0.0189	0.011	0.0088	63.493071302595126
DBP	AD	apoe_excluded	rs1687295	rs1687295	3	14889756	FALSE	0.2061	0.0194	-0.0105	0.0091	112.8632426400255
DBP	AD	apoe_excluded	rs62234672	rs62234672	3	16592069	FALSE	0.1248	0.0229	-0.0131	0.0106	29.70012013500886
DBP	AD	apoe_excluded	rs2643826	rs2643826	3	27562988	FALSE	0.1857	0.0175	0.013	0.0082	112.60241632653059
DBP	AD	apoe_excluded	rs7427249	rs7427249	3	37572489	FALSE	0.1098	0.0176	0.0063	0.0082	38.92058367768595
DBP	AD	apoe_excluded	rs3864004	rs3864004	3	41240177	FALSE	0.1004	0.0173	0.0019	0.0082	33.68024324234021
DBP	AD	apoe_excluded	rs114714860	rs114714860	3	41882905	FALSE	0.33	0.0236	0.0051	0.0107	195.5257110025855
DBP	AD	apoe_excluded	rs6442105	rs6442105	3	48182326	FALSE	0.2485	0.0185	-0.0211	0.0087	180.4302410518627
DBP	AD	apoe_excluded	rs6445590	rs6445590	3	53655932	FALSE	0.1284	0.0174	-9e-4	0.0082	54.45422116527943
DBP	AD	apoe_excluded	rs3772219	rs3772219	3	56771251	FALSE	0.1754	0.0185	-0.02	0.0088	89.8908984660336
DBP	AD	apoe_excluded	rs1675383	rs1675383	3	57945274	FALSE	0.1488	0.0174	-0.0069	0.0082	73.13198573127228
DBP	AD	apoe_excluded	rs3774702	rs3774702	3	63856870	FALSE	0.147	0.0228	-0.0212	0.0106	41.568559556786695
DBP	AD	apoe_excluded	rs6795735	rs6795735	3	64705365	FALSE	0.1438	0.0176	-0.0125	0.0082	66.75632747933884
DBP	AD	apoe_excluded	rs7623706	rs7623706	3	74712754	FALSE	0.0975	0.0176	-0.0029	0.0082	30.689081869834713
DBP	AD	apoe_excluded	rs11923343	rs11923343	3	85668570	FALSE	0.1138	0.0181	0.0035	0.0084	39.530050975244954
DBP	AD	apoe_excluded	rs11923667	rs11923667	3	101268080	FALSE	0.1175	0.0177	5e-4	0.0083	44.068594592869225
DBP	AD	apoe_excluded	rs28675079	rs28675079	3	111500002	FALSE	0.1444	0.0222	0.0048	0.0103	42.30857884911939
DBP	AD	apoe_excluded	rs12152463	rs12152463	3	122100447	FALSE	0.1006	0.0174	-0.0058	0.0082	33.42700488836042
DBP	AD	apoe_excluded	rs4141663	rs4141663	3	124551967	FALSE	0.1496	0.0175	0.0102	0.0082	73.07807346938775
DBP	AD	apoe_excluded	rs4077158	rs4077158	3	133942941	FALSE	0.1832	0.0173	-5e-4	0.0082	112.13953022152428
DBP	AD	apoe_excluded	rs9289557	rs9289557	3	138071604	FALSE	0.119	0.0207	0.0127	0.0092	33.04861256972158
DBP	AD	apoe_excluded	rs6763931	rs6763931	3	141102833	FALSE	0.1383	0.0173	-0.013	0.0082	63.907547863276434
DBP	AD	apoe_excluded	rs36117336	rs36117336	3	153732232	FALSE	0.147	0.0198	-0.0126	0.0094	55.11937557392101
DBP	AD	apoe_excluded	rs78809139	rs78809139	3	154674943	FALSE	0.2281	0.0288	0.0324	0.014	62.72860001929013
DBP	AD	apoe_excluded	rs78151625	rs78151625	3	158316726	FALSE	0.1869	0.0233	0.0143	0.011	64.3438081379285
DBP	AD	apoe_excluded	rs2242338	rs2242338	3	168854925	FALSE	0.3463	0.0331	-0.0035	0.0148	109.45837478664855
DBP	AD	apoe_excluded	rs7611674	rs7611674	3	179169230	FALSE	0.1576	0.0223	-0.015	0.0102	49.94622855878862
DBP	AD	apoe_excluded	rs6779368	rs6779368	3	185298868	FALSE	0.1791	0.0184	-0.0104	0.0086	94.74483104914935
DBP	AD	apoe_excluded	rs147501096	rs147501096	3	186180253	FALSE	0.1955	0.0341	0.0342	0.0165	32.86886937676835
DBP	AD	apoe_excluded	rs4244200	rs4244200	3	196226059	FALSE	0.1215	0.0193	0.0192	0.0091	39.63126526886627
DBP	AD	apoe_excluded	rs6777317	rs6777317	3	197070959	FALSE	0.1249	0.0195	-2e-4	0.009	41.025667324128854
DBP	AD	apoe_excluded	rs61789369	rs61789369	4	2265295	FALSE	0.3039	0.0436	-0.0404	0.0198	48.58345783183234
DBP	AD	apoe_excluded	rs16896276	rs16896276	4	18015156	FALSE	0.1309	0.0198	0.0331	0.0093	43.70679012345677
DBP	AD	apoe_excluded	rs28667801	rs28667801	4	26785356	FALSE	0.1622	0.018	-0.0144	0.0084	81.20012345679015
DBP	AD	apoe_excluded	rs11721984	rs11721984	4	38343935	FALSE	0.1409	0.0177	0.004	0.0082	63.36879568450956
DBP	AD	apoe_excluded	rs62301873	rs62301873	4	40603821	FALSE	0.1734	0.0284	-0.0332	0.0134	37.27876413410037
DBP	AD	apoe_excluded	rs11945489	rs11945489	4	56463775	FALSE	0.1392	0.0192	-0.0124	0.009	52.5625
DBP	AD	apoe_excluded	rs13152154	rs13152154	4	77417756	FALSE	0.1186	0.0195	-0.0033	0.0092	36.99134779750164
DBP	AD	apoe_excluded	rs12509595	rs12509595	4	81182554	FALSE	0.4972	0.0192	-0.0061	0.009	670.5941840277779
DBP	AD	apoe_excluded	rs72976750	rs72976750	4	86725684	FALSE	0.1718	0.0251	4e-4	0.0119	46.84884366914811
DBP	AD	apoe_excluded	rs4699835	rs4699835	4	95329727	FALSE	0.0963	0.0175	0.0026	0.0081	30.281436734693866
DBP	AD	apoe_excluded	rs13107325	rs13107325	4	103188709	FALSE	0.6747	0.0339	-0.0455	0.016	396.11567076513427
DBP	AD	apoe_excluded	rs12503341	rs12503341	4	106925311	FALSE	0.2993	0.0462	0.0286	0.0202	41.96908322557674
DBP	AD	apoe_excluded	rs4245929	rs4245929	4	109038407	FALSE	0.12	0.0181	-0.0031	0.0086	43.95470223741643
DBP	AD	apoe_excluded	rs13118687	rs13118687	4	111406496	FALSE	0.1496	0.0175	-0.0047	0.0082	73.07807346938775
DBP	AD	apoe_excluded	rs66887589	rs66887589	4	120509279	FALSE	0.161	0.0174	0.0042	0.0082	85.61566917690583
DBP	AD	apoe_excluded	rs9286351	rs9286351	4	138441530	FALSE	0.1412	0.0177	-0.0094	0.0083	63.638928788023875
DBP	AD	apoe_excluded	rs72719149	rs72719149	4	144043336	FALSE	0.1279	0.0186	0.0159	0.0087	47.28410798936295
DBP	AD	apoe_excluded	rs13124515	rs13124515	4	145403713	FALSE	0.1052	0.0187	0.0087	0.0087	31.64814550030026
DBP	AD	apoe_excluded	rs1842896	rs1842896	4	156511459	FALSE	0.158	0.0174	-0.0051	0.0081	82.45474963667594
DBP	AD	apoe_excluded	rs13139571	rs13139571	4	156645513	FALSE	0.2408	0.0203	0.0074	0.0094	140.70868014268729
DBP	AD	apoe_excluded	rs1425486	rs1425486	4	157683685	FALSE	0.1331	0.0187	-0.004	0.0086	50.660899653979236
DBP	AD	apoe_excluded	rs10069690	rs10069690	5	1279790	FALSE	0.1615	0.021	-0.0088	0.0093	59.14342403628117
DBP	AD	apoe_excluded	rs4645335	rs4645335	5	3704761	FALSE	0.1142	0.0185	4e-4	0.0088	38.105595325054786
DBP	AD	apoe_excluded	rs2921604	rs2921604	5	14867948	FALSE	0.096	0.0176	0.0021	0.0082	29.752066115702476
DBP	AD	apoe_excluded	rs1177764	rs1177764	5	32829975	FALSE	0.3067	0.0177	-0.0012	0.0083	300.2486194899294
DBP	AD	apoe_excluded	rs10941043	rs10941043	5	33194751	FALSE	0.1269	0.019	-0.0103	0.009	44.60833795013852
DBP	AD	apoe_excluded	rs7737851	rs7737851	5	42415845	FALSE	0.1256	0.022	0.024	0.0102	32.593719008264465
DBP	AD	apoe_excluded	rs6875967	rs6875967	5	50878292	FALSE	0.1344	0.0181	0.0012	0.0085	55.136778486615164
DBP	AD	apoe_excluded	rs10054208	rs10054208	5	55688992	FALSE	0.1187	0.0185	0.016	0.0087	41.16783053323595
DBP	AD	apoe_excluded	rs12515541	rs12515541	5	57095011	FALSE	0.1156	0.0177	0.0093	0.0083	42.65492036132656
DBP	AD	apoe_excluded	rs1848510	rs1848510	5	57754005	FALSE	0.1256	0.0181	0.0131	0.0084	48.152864686670114
DBP	AD	apoe_excluded	rs10062049	rs10062049	5	61553881	FALSE	0.2208	0.0255	-0.0118	0.0119	74.97522491349483
DBP	AD	apoe_excluded	rs2307111	rs2307111	5	75003678	FALSE	0.1742	0.0178	0.0075	0.0083	95.77591213230652
DBP	AD	apoe_excluded	rs4704514	rs4704514	5	77820081	FALSE	0.1087	0.0193	-2e-4	0.0092	31.72082472012671
DBP	AD	apoe_excluded	rs62380354	rs62380354	5	89484911	FALSE	0.1825	0.0291	0.001	0.0137	39.331432080395835
DBP	AD	apoe_excluded	rs13355146	rs13355146	5	92023661	FALSE	0.1224	0.0178	0.007	0.0084	47.28493877035728
DBP	AD	apoe_excluded	rs55770741	rs55770741	5	96220087	FALSE	0.1281	0.0175	-0.0173	0.0082	53.58239999999998
DBP	AD	apoe_excluded	rs1871190	rs1871190	5	97953719	FALSE	0.10780000000000001	0.0186	0.0023	0.0087	33.5901260261302
DBP	AD	apoe_excluded	rs9326869	rs9326869	5	112349070	FALSE	0.1096	0.02	-0.0013	0.0094	30.030400000000004
DBP	AD	apoe_excluded	rs369625	rs369625	5	122560787	FALSE	0.1053	0.0178	-0.0075	0.0083	34.995865421032704
DBP	AD	apoe_excluded	rs1582931	rs1582931	5	122657199	FALSE	0.2161	0.0175	0.0106	0.0082	152.48721632653059
DBP	AD	apoe_excluded	rs17677603	rs17677603	5	127857493	FALSE	0.2	0.0178	-0.0111	0.0084	126.24668602449188
DBP	AD	apoe_excluded	rs55747751	rs55747751	5	132397351	FALSE	0.2239	0.0331	-0.0494	0.0161	45.75643705333103
DBP	AD	apoe_excluded	rs4912840	rs4912840	5	141662480	FALSE	0.1485	0.0245	-0.0039	0.0115	36.73844231570178
DBP	AD	apoe_excluded	rs3776299	rs3776299	5	142507651	FALSE	0.1266	0.0175	-0.0142	0.0081	52.33488979591835
DBP	AD	apoe_excluded	rs78909293	rs78909293	5	148335250	FALSE	0.321	0.0429	0.0337	0.02	55.98806787617976
DBP	AD	apoe_excluded	rs3117736	rs3117736	5	157462999	FALSE	0.2374	0.0196	-0.0115	0.0092	146.7064764681383
DBP	AD	apoe_excluded	rs11960210	rs11960210	5	157817634	FALSE	0.2474	0.018	4e-4	0.0083	188.90975308641978
DBP	AD	apoe_excluded	rs13358657	rs13358657	5	157938070	FALSE	0.224	0.0255	-0.0043	0.0121	77.16416762783547
DBP	AD	apoe_excluded	rs6556384	rs6556384	5	158418952	FALSE	0.152	0.0221	-0.0075	0.0102	47.30451874449744
DBP	AD	apoe_excluded	rs114503346	rs114503346	5	172192350	FALSE	0.2678	0.0426	-0.0379	0.02	39.518636073089546
DBP	AD	apoe_excluded	rs2569882	rs2569882	6	1620147	FALSE	0.1199	0.0182	0.0029	0.0084	43.4005856780582
DBP	AD	apoe_excluded	rs9406076	rs9406076	6	8023804	FALSE	0.101	0.0185	-0.0014	0.0087	29.805697589481376
DBP	AD	apoe_excluded	rs35261542	rs35261542	6	20675792	FALSE	0.1196	0.0195	-0.0223	0.0091	37.617777777777775
DBP	AD	apoe_excluded	rs6934891	rs6934891	6	22139729	FALSE	0.1275	0.0177	0.0075	0.0082	51.888825050272914
DBP	AD	apoe_excluded	rs2744133	rs2744133	6	22392260	FALSE	0.1435	0.0193	-0.0085	0.0091	55.28269215280945
DBP	AD	apoe_excluded	rs9467545	rs9467545	6	25638464	FALSE	0.2545	0.0237	-0.0167	0.0113	115.31316206448399
DBP	AD	apoe_excluded	rs198851	rs198851	6	26104632	FALSE	0.3889	0.0244	-0.0229	0.0112	254.0365661112604
DBP	AD	apoe_excluded	rs1265157	rs1265157	6	31142265	FALSE	0.1444	0.0187	-0.011	0.0085	59.62812777031084
DBP	AD	apoe_excluded	rs440454	rs440454	6	31927342	FALSE	0.2602	0.0192	-0.0043	0.0092	183.65896267361111
DBP	AD	apoe_excluded	rs115447786	rs115447786	6	34354073	FALSE	0.2904	0.0455	-0.0138	0.0226	40.735254196353104
DBP	AD	apoe_excluded	rs6905288	rs6905288	6	43758873	FALSE	0.1759	0.0179	-0.0136	0.0083	96.56630567085922
DBP	AD	apoe_excluded	rs881858	rs881858	6	43806609	FALSE	0.1553	0.0191	-0.015	0.0089	66.1113730435021
DBP	AD	apoe_excluded	rs2397060	rs2397060	6	51611470	FALSE	0.161	0.0251	-0.01	0.0114	41.14379136839097
DBP	AD	apoe_excluded	rs1114347	rs1114347	6	51834297	FALSE	0.1792	0.0173	-0.0038	0.0081	107.2960673594173
DBP	AD	apoe_excluded	rs62413546	rs62413546	6	56012664	FALSE	0.1877	0.032	-0.0031	0.0147	34.405556640624994
DBP	AD	apoe_excluded	rs504691	rs504691	6	72206620	FALSE	0.1177	0.0177	0.0017	0.0083	44.21874301765137
DBP	AD	apoe_excluded	rs1984195	rs1984195	6	79657391	FALSE	0.1736	0.0173	-0.0082	0.0081	100.6948444652344
DBP	AD	apoe_excluded	rs16875357	rs16875357	6	85652904	FALSE	0.1205	0.0203	0.014	0.0095	35.2356281394841
DBP	AD	apoe_excluded	rs3798293	rs3798293	6	97033370	FALSE	0.1328	0.021	0.022	0.0097	39.99056689342403
DBP	AD	apoe_excluded	rs72613227	rs72613227	6	106320771	FALSE	0.1884	0.0285	-0.0073	0.013	43.69905817174515
DBP	AD	apoe_excluded	rs7767235	rs7767235	6	116185900	FALSE	0.1181	0.0182	-8e-4	0.0085	42.10726361550536
DBP	AD	apoe_excluded	rs509067	rs509067	6	117462040	FALSE	0.1436	0.0175	0.0074	0.0083	67.33374693877549
DBP	AD	apoe_excluded	rs11153730	rs11153730	6	118667522	FALSE	0.1551	0.0173	-0.0051	0.0081	80.37692539008987
DBP	AD	apoe_excluded	rs76785130	rs76785130	6	121813835	FALSE	0.4285	0.0662	0.0197	0.0313	41.89726499393032
DBP	AD	apoe_excluded	rs13215166	rs13215166	6	127164360	FALSE	0.3094	0.0174	-0.0144	0.0082	316.1856255780156
DBP	AD	apoe_excluded	rs9399137	rs9399137	6	135419018	FALSE	0.1148	0.0197	0.0067	0.0093	33.95872091525162
DBP	AD	apoe_excluded	rs636202	rs636202	6	139843583	FALSE	0.1023	0.0174	0.0066	0.0082	34.56629013079667
DBP	AD	apoe_excluded	rs9791312	rs9791312	6	143142313	FALSE	0.1225	0.0184	-0.0019	0.0087	44.32375354442344
DBP	AD	apoe_excluded	rs62434124	rs62434124	6	150999751	FALSE	0.4853	0.0338	0.0186	0.0158	206.15182416582056
DBP	AD	apoe_excluded	rs9478282	rs9478282	6	152398669	FALSE	0.1994	0.0279	0.0271	0.0128	51.07894297349725
DBP	AD	apoe_excluded	rs9365555	rs9365555	6	163757127	FALSE	0.1254	0.0187	-6e-4	0.0088	44.96885813148789
DBP	AD	apoe_excluded	rs11961593	rs11961593	6	166164137	FALSE	0.3158	0.0349	-0.0204	0.0159	81.87916355366542
DBP	AD	apoe_excluded	rs1322639	rs1322639	6	169587103	FALSE	0.1584	0.0209	-0.0152	0.0098	57.44044321329642
DBP	AD	apoe_excluded	rs73033340	rs73033340	7	1195692	FALSE	0.5312	0.0525	-0.0409	0.023	102.37585124716553
DBP	AD	apoe_excluded	rs6959688	rs6959688	7	1966831	FALSE	0.1269	0.0178	0.004	0.0083	50.825684888271695
DBP	AD	apoe_excluded	rs2906152	rs2906152	7	2523003	FALSE	0.1873	0.0181	0.0015	0.0085	107.0824761148927
DBP	AD	apoe_excluded	rs5010183	rs5010183	7	7286198	FALSE	0.1195	0.018	0.0035	0.0085	44.07484567901235
DBP	AD	apoe_excluded	rs13240040	rs13240040	7	14375977	FALSE	0.1186	0.019	-0.0083	0.009	38.963878116343494
DBP	AD	apoe_excluded	rs17432462	rs17432462	7	18548613	FALSE	0.1036	0.0179	-0.0057	0.0084	33.497581224056674
DBP	AD	apoe_excluded	rs4507656	rs4507656	7	22156538	FALSE	0.1487	0.0199	0.0051	0.0091	55.83619100527764
DBP	AD	apoe_excluded	rs4722548	rs4722548	7	25961519	FALSE	0.1346	0.0176	-0.0107	0.0083	58.48773243801652
DBP	AD	apoe_excluded	rs3735533	rs3735533	7	27245893	FALSE	0.487	0.0331	-0.0414	0.0154	216.47210229917582
DBP	AD	apoe_excluded	rs6961048	rs6961048	7	27328187	FALSE	0.2729	0.0286	-0.0234	0.0134	91.04896327448775
DBP	AD	apoe_excluded	rs342977	rs342977	7	35459888	FALSE	0.1577	0.0205	-0.0088	0.0097	59.17737061273051
DBP	AD	apoe_excluded	rs2854746	rs2854746	7	45960645	FALSE	0.113	0.018	-0.0038	0.0083	39.4104938271605
DBP	AD	apoe_excluded	rs17454517	rs17454517	7	50915776	FALSE	0.1216	0.0174	-0.0064	0.0081	48.83921257761924
DBP	AD	apoe_excluded	rs1178979	rs1178979	7	72856430	FALSE	0.1504	0.0221	0.0017	0.0105	46.31387563727196
DBP	AD	apoe_excluded	rs3807101	rs3807101	7	80393418	FALSE	0.1743	0.0265	0.0148	0.0124	43.26164471342116
DBP	AD	apoe_excluded	rs1449596	rs1449596	7	96395096	FALSE	0.1085	0.0181	0.0137	0.0085	35.93373218155734
DBP	AD	apoe_excluded	rs4556017	rs4556017	7	100632790	FALSE	0.1601	0.0247	-0.0158	0.0119	42.013489812978406
DBP	AD	apoe_excluded	rs2191046	rs2191046	7	107834075	FALSE	0.1184	0.0197	0.0107	0.0093	36.12193048004329
DBP	AD	apoe_excluded	rs13237249	rs13237249	7	131151783	FALSE	0.1366	0.0177	-0.0068	0.0084	59.560024258674076
DBP	AD	apoe_excluded	rs75511781	rs75511781	7	131323710	FALSE	0.3721	0.047	-0.0061	0.0202	62.67922589406972
DBP	AD	apoe_excluded	rs7800558	rs7800558	7	140242661	FALSE	0.096	0.0175	0.0124	0.0083	30.093061224489787
DBP	AD	apoe_excluded	rs1044608	rs1044608	7	150502016	FALSE	0.2018	0.0339	0.007	0.0153	35.43585593581678
DBP	AD	apoe_excluded	rs3918226	rs3918226	7	150690176	FALSE	0.6117	0.0329	-0.0241	0.0148	345.688685433431
DBP	AD	apoe_excluded	rs4726006	rs4726006	7	150878803	FALSE	0.1339	0.02	0.0033	0.0093	44.823024999999994
DBP	AD	apoe_excluded	rs6464165	rs6464165	7	151413124	FALSE	0.217	0.0195	-0.0014	0.0091	123.83694937541091
DBP	AD	apoe_excluded	rs9638084	rs9638084	7	156311745	FALSE	0.1154	0.0178	-0.0011	0.0084	42.03118293144805
DBP	AD	apoe_excluded	rs2442618	rs2442618	8	6379832	FALSE	0.1315	0.0177	0.0046	0.0082	55.19566535797504
DBP	AD	apoe_excluded	rs35091929	rs35091929	8	10693492	FALSE	0.1828	0.0177	-0.0177	0.0083	106.6610488684605
DBP	AD	apoe_excluded	rs62503324	rs62503324	8	23400615	FALSE	0.2033	0.0204	-0.0061	0.0094	99.31490292195308
DBP	AD	apoe_excluded	rs951914	rs951914	8	25878995	FALSE	0.1904	0.0193	0.0051	0.009	97.32384762007032
DBP	AD	apoe_excluded	rs17832905	rs17832905	8	26038759	FALSE	0.1923	0.0346	-0.0171	0.0157	30.889179391225902
DBP	AD	apoe_excluded	rs17321041	rs17321041	8	26445194	FALSE	0.2313	0.0363	0.0099	0.0169	40.601120142066804
DBP	AD	apoe_excluded	rs1906672	rs1906672	8	38130025	FALSE	0.1402	0.0205	-0.013	0.0098	46.77225461035097
DBP	AD	apoe_excluded	rs10087280	rs10087280	8	49391836	FALSE	0.1381	0.0232	-0.0059	0.0107	35.43328255053509
DBP	AD	apoe_excluded	rs4873492	rs4873492	8	51947549	FALSE	0.1401	0.0231	0.005	0.0107	36.78343734187891
DBP	AD	apoe_excluded	rs11778153	rs11778153	8	64503942	FALSE	0.1192	0.0182	-0.014	0.0085	42.895302499698104
DBP	AD	apoe_excluded	rs6983239	rs6983239	8	72507296	FALSE	0.1159	0.0211	-0.005	0.0098	30.17185148581568
DBP	AD	apoe_excluded	rs148401029	rs148401029	8	81386066	FALSE	0.3122	0.0486	0.0098	0.0218	41.26608409964605
DBP	AD	apoe_excluded	rs73276406	rs73276406	8	96021760	FALSE	0.1564	0.0246	-0.0128	0.0117	40.42064908453963
DBP	AD	apoe_excluded	rs142449193	rs142449193	8	102750597	FALSE	0.2573	0.0426	-0.0278	0.0197	36.480465736516116
DBP	AD	apoe_excluded	rs2957468	rs2957468	8	106325360	FALSE	0.1377	0.0185	-0.009	0.0087	55.4018699780862
DBP	AD	apoe_excluded	rs722783	rs722783	8	120442287	FALSE	0.2093	0.0208	-0.0051	0.0097	101.25390625000004
DBP	AD	apoe_excluded	rs9918907	rs9918907	8	124816862	FALSE	0.1188	0.021	-0.0054	0.0097	32.003265306122444
DBP	AD	apoe_excluded	rs7012891	rs7012891	8	126514676	FALSE	0.1391	0.0205	0.0069	0.0094	46.04118976799524
DBP	AD	apoe_excluded	rs4909314	rs4909314	8	135623798	FALSE	0.1339	0.0177	0.0057	0.0083	57.228797599668034
DBP	AD	apoe_excluded	rs4074812	rs4074812	8	141883529	FALSE	0.1336	0.0175	-0.0073	0.0083	58.282318367346925
DBP	AD	apoe_excluded	rs3802230	rs3802230	8	143992864	FALSE	0.1605	0.0174	4e-4	0.0082	85.08472057074913
DBP	AD	apoe_excluded	rs12337056	rs12337056	9	628670	FALSE	0.1364	0.0228	0.006	0.0107	35.78978147122191
DBP	AD	apoe_excluded	rs12216886	rs12216886	9	2493751	FALSE	0.1292	0.0221	-0.0018	0.0102	34.1775147928994
DBP	AD	apoe_excluded	rs1332812	rs1332812	9	9350986	FALSE	0.1145	0.0181	-0.0213	0.0085	40.017856597783954
DBP	AD	apoe_excluded	rs4615669	rs4615669	9	21818674	FALSE	0.114	0.0174	-0.0037	0.0082	42.92508917954817
DBP	AD	apoe_excluded	rs1243876	rs1243876	9	35693104	FALSE	0.1063	0.019	-0.01	0.0089	31.30108033240998
DBP	AD	apoe_excluded	rs76452347	rs76452347	9	35906471	FALSE	0.2246	0.0229	-0.006	0.0104	96.19412291909
DBP	AD	apoe_excluded	rs11141731	rs11141731	9	89888472	FALSE	0.1258	0.0207	-0.0011	0.0099	36.9335107003664
DBP	AD	apoe_excluded	rs4743021	rs4743021	9	109414561	FALSE	0.108	0.0194	-0.007	0.0089	30.991603783611435
DBP	AD	apoe_excluded	rs10980408	rs10980408	9	113249071	FALSE	0.3745	0.0477	-0.0283	0.0221	61.64060405486773
DBP	AD	apoe_excluded	rs10759697	rs10759697	9	117172307	FALSE	0.1308	0.0173	0.0015	0.0081	57.16408834241038
DBP	AD	apoe_excluded	rs2133386	rs2133386	9	128173838	FALSE	0.1322	0.0176	-0.0072	0.0082	56.420583677685954
DBP	AD	apoe_excluded	rs6271	rs6271	9	136522274	FALSE	0.4313	0.0352	0.0142	0.0165	150.13211034349172
DBP	AD	apoe_excluded	rs11145807	rs11145807	9	139520789	FALSE	0.155	0.0184	4e-4	0.0087	70.96231096408319
DBP	AD	apoe_excluded	rs507666	rs992108547	9	136149399	FALSE	0.2854	0.0223	0.001	0.0101	163.79408393492727
DBP	AD	apoe_excluded	rs11252324	rs11252324	10	4124568	FALSE	0.2339	0.0328	-0.0143	0.0149	50.85255242415227
DBP	AD	apoe_excluded	rs6602177	rs6602177	10	17167141	FALSE	0.1203	0.0207	0.011	0.0093	33.77462717916404
DBP	AD	apoe_excluded	rs1623474	rs1623474	10	18471794	FALSE	0.2234	0.0184	-0.0133	0.0086	147.4112712665406
DBP	AD	apoe_excluded	rs12258967	rs12258967	10	18727959	FALSE	0.354	0.0193	-0.0126	0.0088	336.4278235657332
DBP	AD	apoe_excluded	rs11596400	rs11596400	10	28245420	FALSE	0.1278	0.0174	-0.0044	0.0081	53.94649227110583
DBP	AD	apoe_excluded	rs1265842	rs1265842	10	28924901	FALSE	0.1113	0.0174	-0.0092	0.0082	40.91587395957195
DBP	AD	apoe_excluded	rs2487926	rs2487926	10	30300787	FALSE	0.0972	0.0176	0.0115	0.0083	30.500516528925615
DBP	AD	apoe_excluded	rs3006583	rs3006583	10	31280845	FALSE	0.1303	0.0222	-0.0081	0.0105	34.44949679409138
DBP	AD	apoe_excluded	rs4948643	rs4948643	10	45379759	FALSE	0.1591	0.0194	-0.0102	0.0091	67.25690827930704
DBP	AD	apoe_excluded	rs72831343	rs72831343	10	63515681	FALSE	0.4936	0.0248	8e-4	0.0117	396.13839750260144
DBP	AD	apoe_excluded	rs2236295	rs2236295	10	64564892	FALSE	0.207	0.0177	-0.0053	0.0083	136.771042803792
DBP	AD	apoe_excluded	rs35506078	rs35506078	10	65210552	FALSE	0.1348	0.0183	0.0246	0.0087	54.2597270745618
DBP	AD	apoe_excluded	rs12247028	rs12247028	10	75410052	FALSE	0.1396	0.0188	-7e-4	0.0087	55.13852421910367
DBP	AD	apoe_excluded	rs11187838	rs11187838	10	96038686	FALSE	0.2781	0.0174	-0.0094	0.0082	255.44857312722954
DBP	AD	apoe_excluded	rs1006545	rs1006545	10	102553647	FALSE	0.3633	0.0275	-0.0041	0.013	174.52811900826447
DBP	AD	apoe_excluded	rs11190746	rs11190746	10	102663565	FALSE	0.11	0.0175	0.0203	0.0082	39.51020408163265
DBP	AD	apoe_excluded	rs12414028	rs12414028	10	104957629	FALSE	0.5141	0.0313	0.0104	0.0144	269.7780012044626
DBP	AD	apoe_excluded	rs4918065	rs4918065	10	105617578	FALSE	0.1327	0.0201	-5e-4	0.0093	43.586272617014444
DBP	AD	apoe_excluded	rs117464403	rs117464403	10	107158054	FALSE	0.4537	0.0682	-0.0477	0.0297	44.255658706065475
DBP	AD	apoe_excluded	rs2484294	rs2484294	10	115792062	FALSE	0.3165	0.0196	0.007	0.0091	260.7565857975844
DBP	AD	apoe_excluded	rs72842207	rs72842207	10	121433675	FALSE	0.2112	0.0211	-0.0234	0.0099	100.18966330495722
DBP	AD	apoe_excluded	rs11592107	rs11592107	10	122968964	FALSE	0.1203	0.0187	-0.0107	0.0088	41.385484286081955
DBP	AD	apoe_excluded	rs10490923	rs10490923	10	124214251	FALSE	0.1533	0.0262	0.0314	0.0121	34.23589825767728
DBP	AD	apoe_excluded	rs9419374	rs9419374	10	133729749	FALSE	0.1164	0.0185	0.0025	0.0088	39.587903579254935
DBP	AD	apoe_excluded	rs1133400	rs1133400	10	134459388	FALSE	0.1318	0.0215	0.0149	0.0099	37.579751216873994
DBP	AD	apoe_excluded	rs28570096	rs28570096	11	1616088	FALSE	0.1396	0.0188	-0.0015	0.0088	55.13852421910367
DBP	AD	apoe_excluded	rs79889784	rs79889784	11	1702117	FALSE	0.3941	0.0717	-0.0226	0.0337	30.211657903592567
DBP	AD	apoe_excluded	rs569550	rs569550	11	1887068	FALSE	0.2688	0.0181	0.0094	0.0084	220.54711394646066
DBP	AD	apoe_excluded	rs147081004	rs147081004	11	1919980	FALSE	0.1411	0.0257	0.0045	0.0117	30.143090735665947
DBP	AD	apoe_excluded	rs360153	rs360153	11	9762274	FALSE	0.2198	0.0175	-0.0163	0.0083	157.75359999999998
DBP	AD	apoe_excluded	rs7107711	rs7107711	11	13255538	FALSE	0.1263	0.021	0.0069	0.0099	36.171632653061216
DBP	AD	apoe_excluded	rs4756782	rs4756782	11	14254606	FALSE	0.1551	0.0234	-0.0025	0.0109	43.93310322156476
DBP	AD	apoe_excluded	rs10832586	rs10832586	11	16304089	FALSE	0.3083	0.0216	-0.0176	0.0102	203.72275805898494
DBP	AD	apoe_excluded	rs7926335	rs7926335	11	16917869	FALSE	0.1804	0.0195	0.0155	0.0092	85.58621959237345
DBP	AD	apoe_excluded	rs10500932	rs10500932	11	22501446	FALSE	0.2784	0.0333	-0.0284	0.0156	69.89562535508479
DBP	AD	apoe_excluded	rs962369	rs962369	11	27734420	FALSE	0.1684	0.0189	-0.0046	0.0089	79.38904285994232
DBP	AD	apoe_excluded	rs7933758	rs7933758	11	31000774	FALSE	0.1138	0.0191	0.0017	0.0088	35.49913653682739
DBP	AD	apoe_excluded	rs10838702	rs10838702	11	47410888	FALSE	0.2375	0.0178	0.0565	0.0083	178.02755333922485
DBP	AD	apoe_excluded	rs751984	rs751984	11	61278246	FALSE	0.3937	0.0275	-0.0049	0.0132	204.95826776859505
DBP	AD	apoe_excluded	rs35927325	rs35927325	11	63882495	FALSE	0.2221	0.0364	-0.0143	0.017	37.23011260717304
DBP	AD	apoe_excluded	rs2306363	rs2306363	11	65405600	FALSE	0.2643	0.0216	0.0032	0.01	149.72241512345673
DBP	AD	apoe_excluded	rs11228613	rs11228613	11	69068492	FALSE	0.1741	0.0212	-0.0063	0.0098	67.44128248487006
DBP	AD	apoe_excluded	rs504217	rs504217	11	72006086	FALSE	0.2745	0.0335	-0.0416	0.0154	67.14212519492092
DBP	AD	apoe_excluded	rs11021221	rs11021221	11	95308854	FALSE	0.1877	0.0233	-0.0162	0.0114	64.8958168321391
DBP	AD	apoe_excluded	rs61909958	rs61909958	11	96151677	FALSE	0.1275	0.0228	-0.0168	0.0104	31.271641274238227
DBP	AD	apoe_excluded	rs604723	rs604723	11	100610546	FALSE	0.3848	0.0194	0.004	0.0091	393.4292698480177
DBP	AD	apoe_excluded	rs66682451	rs66682451	11	107097540	FALSE	0.1348	0.0194	-0.0087	0.0091	48.28100754596663
DBP	AD	apoe_excluded	rs7106104	rs7106104	11	111635655	FALSE	0.1186	0.0193	0.0043	0.0089	37.76198018738758
DBP	AD	apoe_excluded	rs12790943	rs12790943	11	120058623	FALSE	0.1002	0.0175	0.0013	0.0082	32.783804081632645
DBP	AD	apoe_excluded	rs12574332	rs12574332	11	122521123	FALSE	0.2072	0.0266	0.0224	0.0125	60.67590027700832
DBP	AD	apoe_excluded	rs4936099	rs4936099	11	130280725	FALSE	0.1745	0.0178	-0.0325	0.0085	96.10607877793205
DBP	AD	apoe_excluded	rs55935819	rs55935819	12	2521579	FALSE	0.1271	0.0181	0.0028	0.0084	49.30988065077376
DBP	AD	apoe_excluded	rs7971147	rs7971147	12	19669330	FALSE	0.1187	0.0177	-0.0146	0.0081	44.97331545852085
DBP	AD	apoe_excluded	rs4306343	rs4306343	12	20190630	FALSE	0.317	0.0193	6e-4	0.009	269.77636983543175
DBP	AD	apoe_excluded	rs6487076	rs6487076	12	20470857	FALSE	0.174	0.0209	-0.0125	0.0099	69.3116000091573
DBP	AD	apoe_excluded	rs12229480	rs12229480	12	26472908	FALSE	0.1359	0.0193	-0.0048	0.0091	49.58202904775966
DBP	AD	apoe_excluded	rs1669907	rs1669907	12	42777933	FALSE	0.1158	0.0191	-0.0053	0.0089	36.757873961788334
DBP	AD	apoe_excluded	rs61917655	rs61917655	12	48210787	FALSE	0.2246	0.0297	0.0046	0.0135	57.18822342391366
DBP	AD	apoe_excluded	rs7967705	rs7967705	12	50511408	FALSE	0.2694	0.0178	2e-4	0.0083	229.06312334301222
DBP	AD	apoe_excluded	rs7306947	rs7306947	12	53385046	FALSE	0.205	0.0342	0.0154	0.0159	35.929858759960325
DBP	AD	apoe_excluded	rs6580970	rs6580970	12	54434277	FALSE	0.1661	0.0191	-0.0125	0.0091	75.62624379814152
DBP	AD	apoe_excluded	rs7959649	rs7959649	12	67783108	FALSE	0.1166	0.0202	-0.0247	0.0095	33.31918439368689
DBP	AD	apoe_excluded	rs710698	rs710698	12	70369918	FALSE	0.1059	0.0176	-6e-4	0.0082	36.20483600206611
DBP	AD	apoe_excluded	rs2681485	rs2681485	12	90025622	FALSE	0.2945	0.0176	0.0093	0.0083	279.99176782024784
DBP	AD	apoe_excluded	rs11108209	rs11108209	12	96109855	FALSE	0.1901	0.03	-0.0025	0.0144	40.15334444444445
DBP	AD	apoe_excluded	rs11112548	rs11112548	12	105871914	FALSE	0.2742	0.0443	-0.005	0.0199	38.311349357194175
DBP	AD	apoe_excluded	rs116063464	rs116063464	12	109860182	FALSE	0.2017	0.0369	-0.0327	0.0174	29.878518812288387
DBP	AD	apoe_excluded	rs7137828	rs7137828	12	111932800	FALSE	0.5027	0.0176	-0.0155	0.0081	815.81640625
DBP	AD	apoe_excluded	rs35443	rs35443	12	115552878	FALSE	0.2661	0.0178	-6e-4	0.0084	223.48570256280775
DBP	AD	apoe_excluded	rs6490019	rs6490019	12	115920472	FALSE	0.1778	0.0178	-0.0049	0.0083	99.77540714556244
DBP	AD	apoe_excluded	rs1790123	rs1790123	12	123659542	FALSE	0.1991	0.0218	0.0118	0.0103	83.41219173470247
DBP	AD	apoe_excluded	rs2271139	rs2271139	12	124839540	FALSE	0.1247	0.0192	0.0065	0.0091	42.18231879340279
DBP	AD	apoe_excluded	rs682681	rs682681	13	22294062	FALSE	0.1454	0.0185	1e-4	0.0088	61.77110299488679
DBP	AD	apoe_excluded	rs61948065	rs61948065	13	25255052	FALSE	0.1737	0.027	0.0178	0.0122	41.38777777777778
DBP	AD	apoe_excluded	rs9508495	rs9508495	13	30146201	FALSE	0.1944	0.0204	-0.0029	0.0096	90.80968858131484
DBP	AD	apoe_excluded	rs56256111	rs56256111	13	41478963	FALSE	0.1926	0.0263	-0.0085	0.0121	53.629169136462856
DBP	AD	apoe_excluded	rs7992292	rs7992292	13	41968013	FALSE	0.1367	0.0231	-0.0035	0.0106	35.01975225351848
DBP	AD	apoe_excluded	rs9526707	rs9526707	13	51489186	FALSE	0.1217	0.0186	0.0042	0.0087	42.81098970979305
DBP	AD	apoe_excluded	rs9563529	rs9563529	13	58316637	FALSE	0.1222	0.0215	-0.0104	0.0103	32.30468361276366
DBP	AD	apoe_excluded	rs3861113	rs3861113	13	72364382	FALSE	0.2126	0.0322	-0.0037	0.0147	43.59280120365727
DBP	AD	apoe_excluded	rs12866098	rs12866098	13	73119617	FALSE	0.1033	0.0186	0.0086	0.0089	30.844288357035506
DBP	AD	apoe_excluded	rs1215469	rs1215469	13	80707408	FALSE	0.1383	0.0211	0.0163	0.0098	42.96150131398666
DBP	AD	apoe_excluded	rs55684003	rs55684003	13	97988689	FALSE	0.122	0.0189	5e-4	0.0089	41.6673665350914
DBP	AD	apoe_excluded	rs675605	rs675605	13	110873556	FALSE	0.1205	0.0196	0.0027	0.0091	37.79740212411495
DBP	AD	apoe_excluded	rs7990017	rs7990017	13	110959705	FALSE	0.1039	0.0185	-0.0026	0.0088	31.541884587290003
DBP	AD	apoe_excluded	rs7491960	rs7491960	13	114470370	FALSE	0.1288	0.018	-0.0036	0.0082	51.20197530864198
DBP	AD	apoe_excluded	rs7321688	rs7321688	13	115000365	FALSE	0.1507	0.0205	0.0062	0.0095	54.04042831647828
DBP	AD	apoe_excluded	rs7350752	rs7350752	14	21841154	FALSE	0.1504	0.0268	0.0145	0.0131	31.49387391401203
DBP	AD	apoe_excluded	rs17880989	rs17880989	14	23313633	FALSE	0.4014	0.0591	-0.026	0.0278	46.12960911128861
DBP	AD	apoe_excluded	rs1950500	rs1950500	14	24830850	FALSE	0.1396	0.019	-0.0096	0.0089	53.98382271468145
DBP	AD	apoe_excluded	rs4424827	rs4424827	14	35110857	FALSE	0.0981	0.0175	-0.0051	0.0082	31.424032653061225
DBP	AD	apoe_excluded	rs7155504	rs7155504	14	36158828	FALSE	0.2286	0.0317	0.008	0.0143	52.00366209236832
DBP	AD	apoe_excluded	rs72683923	rs72683923	14	50735947	FALSE	0.5325	0.0635	0.0636	0.0327	70.32209064418127
DBP	AD	apoe_excluded	rs35413927	rs35413927	14	53420358	FALSE	0.1274	0.0189	-0.0394	0.0088	45.43758573388204
DBP	AD	apoe_excluded	rs12148044	rs12148044	14	69214219	FALSE	0.1371	0.023	-0.0169	0.0106	35.53196597353498
DBP	AD	apoe_excluded	rs227426	rs227426	14	70456664	FALSE	0.1119	0.0175	-0.0123	0.0082	40.88688979591836
DBP	AD	apoe_excluded	rs2239268	rs2239268	14	72469591	FALSE	0.1097	0.019	-0.015	0.0088	33.335429362880895
DBP	AD	apoe_excluded	rs4903064	rs4903064	14	73279420	FALSE	0.1543	0.0206	-0.0055	0.0094	56.10446319162974
DBP	AD	apoe_excluded	rs8014182	rs8014182	14	103859962	FALSE	0.1942	0.0257	0.02	0.0122	57.09948674468956
DBP	AD	apoe_excluded	rs10873612	rs10873612	15	26105602	FALSE	0.1096	0.0179	-0.0193	0.0083	37.48996598108673
DBP	AD	apoe_excluded	rs11070245	rs11070245	15	40317792	FALSE	0.1287	0.0174	0.0033	0.0082	54.70897740784782
DBP	AD	apoe_excluded	rs2925345	rs2925345	15	41311799	FALSE	0.189	0.0174	-0.0208	0.0082	117.98454221165281
DBP	AD	apoe_excluded	rs17678552	rs17678552	15	42066190	FALSE	0.1649	0.0182	0.0011	0.0085	82.09156502837821
DBP	AD	apoe_excluded	rs7169864	rs7169864	15	53902901	FALSE	0.1132	0.0205	-0.0045	0.0097	30.491945270672215
DBP	AD	apoe_excluded	rs28429256	rs28429256	15	66931617	FALSE	0.1636	0.0188	0.0042	0.0089	75.72702580353099
DBP	AD	apoe_excluded	rs2469141	rs2469141	15	66967398	FALSE	0.1351	0.0238	0.0132	0.011	32.22231833910034
DBP	AD	apoe_excluded	rs3743111	rs3743111	15	71587373	FALSE	0.1517	0.0178	-0.0071	0.0083	72.63252745865422
DBP	AD	apoe_excluded	rs11636952	rs11636952	15	75114322	FALSE	0.3997	0.0189	0.0047	0.0087	447.244170096022
DBP	AD	apoe_excluded	rs57708073	rs57708073	15	79066653	FALSE	0.1907	0.0214	0.0112	0.0093	79.40975194340119
DBP	AD	apoe_excluded	rs2627313	rs2627313	15	81006712	FALSE	0.151	0.0175	4e-4	0.0082	74.45224489795918
DBP	AD	apoe_excluded	rs77032376	rs77032376	15	90010780	FALSE	0.173	0.0249	-0.0013	0.0115	48.27180206770859
DBP	AD	apoe_excluded	rs4932373	rs4932373	15	91429287	FALSE	0.3664	0.0189	-0.0258	0.0087	375.8264326306654
DBP	AD	apoe_excluded	rs3743369	rs3743369	15	92707569	FALSE	0.104	0.0179	-2e-4	0.0085	33.75674916513218
DBP	AD	apoe_excluded	rs12906962	rs12906962	15	95312071	FALSE	0.2378	0.0188	-0.012	0.0087	159.9955862381168
DBP	AD	apoe_excluded	rs2589218	rs2589218	15	96785017	FALSE	0.1207	0.0196	0.0051	0.0093	37.92297480216577
DBP	AD	apoe_excluded	rs12596630	rs12596630	16	2065666	FALSE	0.2606	0.0314	-0.0016	0.0146	68.87942715728833
DBP	AD	apoe_excluded	rs917522	rs917522	16	4097222	FALSE	0.1665	0.0273	-0.0093	0.0125	37.19659461417703
DBP	AD	apoe_excluded	rs12446456	rs12446456	16	4922201	FALSE	0.181	0.0175	0.0051	0.0082	106.97469387755099
DBP	AD	apoe_excluded	rs77924615	rs77924615	16	20392332	FALSE	0.3163	0.0224	-0.0183	0.0105	199.3895288584184
DBP	AD	apoe_excluded	rs9937801	rs9937801	16	21088130	FALSE	0.1554	0.0174	-0.0141	0.0082	79.76337693222358
DBP	AD	apoe_excluded	rs80095680	rs80095680	16	30902353	FALSE	0.1566	0.0198	-0.031	0.0093	62.55371900826445
DBP	AD	apoe_excluded	rs7192407	rs7192407	16	49783926	FALSE	0.1019	0.0174	2e-4	0.0082	34.29650548289075
DBP	AD	apoe_excluded	rs62030049	rs62030049	16	50572709	FALSE	0.1336	0.0209	-0.0101	0.0098	40.86206817609487
DBP	AD	apoe_excluded	rs9932220	rs9932220	16	51758116	FALSE	0.1591	0.021	3e-4	0.0099	57.39866213151926
DBP	AD	apoe_excluded	rs12919839	rs12919839	16	56859216	FALSE	0.1098	0.0192	-0.0076	0.009	32.7041015625
DBP	AD	apoe_excluded	rs45474499	rs45474499	16	66914492	FALSE	0.3562	0.0415	-0.042	0.0189	73.67016402961242
DBP	AD	apoe_excluded	rs28544928	rs28544928	16	69329268	FALSE	0.1543	0.0199	-0.0116	0.0093	60.120931289613885
DBP	AD	apoe_excluded	rs12444212	rs12444212	16	71437689	FALSE	0.1291	0.0226	5e-4	0.0107	32.63139243480304
DBP	AD	apoe_excluded	rs11859505	rs11859505	16	74195719	FALSE	0.1037	0.0181	0.0032	0.0084	32.82466957663075
DBP	AD	apoe_excluded	rs8046697	rs8046697	16	75442144	FALSE	0.1289	0.0179	0.0161	0.0083	51.85609063387535
DBP	AD	apoe_excluded	rs12929303	rs12929303	16	81602264	FALSE	0.1572	0.0174	-0.0126	0.0081	81.62187871581452
DBP	AD	apoe_excluded	rs79286081	rs79286081	16	86555837	FALSE	0.1631	0.0299	-0.015	0.0137	29.755383049406603
DBP	AD	apoe_excluded	rs908951	rs908951	16	89697625	FALSE	0.1983	0.0181	-0.0195	0.0083	120.02957785171391
DBP	AD	apoe_excluded	rs4362428	rs4362428	17	2090341	FALSE	0.1127	0.0176	0.0176	0.0082	41.00364798553718
DBP	AD	apoe_excluded	rs12601936	rs12601936	17	7172609	FALSE	0.1429	0.0178	-0.024	0.0084	64.45022724403485
DBP	AD	apoe_excluded	rs138420351	rs138420351	17	7700063	FALSE	0.5568	0.0854	-0.0614	0.0408	42.50917846310789
DBP	AD	apoe_excluded	rs74439044	rs74439044	17	7781019	FALSE	0.3496	0.0294	-0.0135	0.0137	141.39960201767786
DBP	AD	apoe_excluded	rs12949537	rs12949537	17	16240488	FALSE	0.1197	0.0177	0.0015	0.0082	45.73427176098822
DBP	AD	apoe_excluded	rs1043809	rs1043809	17	19239432	FALSE	0.159	0.0223	0.016	0.0103	50.8375394638943
DBP	AD	apoe_excluded	rs76954792	rs76954792	17	30033514	FALSE	0.1213	0.0208	-0.018	0.0097	34.00908376479291
DBP	AD	apoe_excluded	rs28661492	rs28661492	17	30609932	FALSE	0.1359	0.0222	-0.003	0.0102	37.474251278305324
DBP	AD	apoe_excluded	rs2239917	rs2239917	17	43165887	FALSE	0.1731	0.0176	-0.008	0.0082	96.73169550619832
DBP	AD	apoe_excluded	rs62064603	rs62064603	17	43484496	FALSE	0.1335	0.0229	0.047	0.0104	33.985335901298605
DBP	AD	apoe_excluded	rs55938136	rs55938136	17	43798360	FALSE	0.1408	0.0225	0.0529	0.0098	39.159782716049385
DBP	AD	apoe_excluded	rs3916033	rs3916033	17	44889703	FALSE	0.1233	0.0185	-0.0076	0.0083	44.42042366691016
DBP	AD	apoe_excluded	rs8081301	rs8081301	17	47039302	FALSE	0.1278	0.0197	-0.0128	0.0093	42.085186425829065
DBP	AD	apoe_excluded	rs9889262	rs9889262	17	47398070	FALSE	0.2283	0.018	0.025	0.0084	160.86694444444444
DBP	AD	apoe_excluded	rs3785837	rs3785837	17	59468942	FALSE	0.1453	0.0213	-0.0022	0.0096	46.53417531794839
DBP	AD	apoe_excluded	rs6504163	rs6504163	17	61545779	FALSE	0.1842	0.0183	-0.0659	0.0085	101.31577532921256
DBP	AD	apoe_excluded	rs1867624	rs1867624	17	62387091	FALSE	0.1412	0.0178	-0.0027	0.0085	62.925893195303615
DBP	AD	apoe_excluded	rs1436138	rs1436138	17	75316880	FALSE	0.1991	0.0182	-0.0166	0.0085	119.6739826107958
DBP	AD	apoe_excluded	rs7217916	rs7217916	17	76769434	FALSE	0.1111	0.0179	6e-4	0.0084	38.52317343403764
DBP	AD	apoe_excluded	rs11077961	rs11077961	17	81012749	FALSE	0.1073	0.0186	0.0054	0.0085	33.27925193664008
DBP	AD	apoe_excluded	rs7227492	rs7227492	18	772064	FALSE	0.181	0.0227	0.0056	0.0108	63.5777911467329
DBP	AD	apoe_excluded	rs1903752	rs1903752	18	7129327	FALSE	0.0987	0.0178	-0.0133	0.009	30.746401969448304
DBP	AD	apoe_excluded	rs11665020	rs11665020	18	10879503	FALSE	0.1423	0.0187	0.0079	0.0088	57.9064028139209
DBP	AD	apoe_excluded	rs4410190	rs4410190	18	20020200	FALSE	0.1068	0.0176	-0.0056	0.0083	36.8228305785124
DBP	AD	apoe_excluded	rs10164193	rs10164193	18	31161426	FALSE	0.2196	0.0327	0.0443	0.0146	45.099234071206126
DBP	AD	apoe_excluded	rs58693787	rs58693787	18	48141710	FALSE	0.1584	0.0202	-0.0067	0.0094	61.49044211351829
DBP	AD	apoe_excluded	rs4102481	rs4102481	18	51774715	FALSE	0.1248	0.019	0.0163	0.0088	43.14415512465374
DBP	AD	apoe_excluded	rs2062011	rs2062011	18	60876114	FALSE	0.1138	0.0209	0.003	0.0098	29.647764474256544
DBP	AD	apoe_excluded	rs4891258	rs4891258	18	72995537	FALSE	0.1159	0.0187	-0.0069	0.0087	38.41348051131001
DBP	AD	apoe_excluded	rs10424224	rs10424224	19	7240481	FALSE	0.1042	0.0182	0.0025	0.0091	32.77877067986958
DBP	AD	apoe_excluded	rs7258382	rs7258382	19	7262569	FALSE	0.2624	0.0248	-0.0017	0.0119	111.95005202913634
DBP	AD	apoe_excluded	rs2009733	rs2009733	19	8398714	FALSE	0.1217	0.0176	0.0015	0.0089	47.8140818698347
DBP	AD	apoe_excluded	rs387865	rs387865	19	11284539	FALSE	0.1059	0.0191	-0.0123	0.0094	30.741509278802667
DBP	AD	apoe_excluded	rs167479	rs167479	19	11526765	FALSE	0.362	0.0188	-0.0017	0.0094	370.76731552738795
DBP	AD	apoe_excluded	rs1077795	rs1077795	19	17222584	FALSE	0.1987	0.0199	0.0053	0.01	99.69871972929974
DBP	AD	apoe_excluded	rs72999033	rs72999033	19	19366632	FALSE	0.2793	0.0358	0.0334	0.0183	60.866148060297746
DBP	AD	apoe_excluded	rs7257694	rs7257694	19	30314666	FALSE	0.1837	0.0178	-0.0118	0.009	106.50703825274586
DBP	AD	apoe_excluded	rs8108717	rs8108717	19	31911914	FALSE	0.1323	0.0179	0.0057	0.0091	54.62778939483786
DBP	AD	apoe_excluded	rs2548459	rs2548459	19	49209339	FALSE	0.132	0.0176	0.0108	0.0087	56.25
DBP	AD	apoe_excluded	rs73046792	rs73046792	19	49605705	FALSE	0.1518	0.0245	0.0208	0.0124	38.389404414827155
DBP	AD	apoe_excluded	rs6108168	rs6108168	20	8626271	FALSE	0.1901	0.0199	2e-4	0.0094	91.2552965834196
DBP	AD	apoe_excluded	rs693974	rs693974	20	10557252	FALSE	0.1847	0.0177	0.0078	0.0083	108.88981454882058
DBP	AD	apoe_excluded	rs1327235	rs1327235	20	10969030	FALSE	0.3018	0.0173	-0.006	0.0081	304.33105015202653
DBP	AD	apoe_excluded	rs6078393	rs6078393	20	11908101	FALSE	0.1205	0.0176	-0.0066	0.0083	46.87580707644627
DBP	AD	apoe_excluded	rs4814837	rs4814837	20	19241680	FALSE	0.1003	0.0184	-0.0119	0.0085	29.714349007561438
DBP	AD	apoe_excluded	rs7265695	rs7265695	20	40043096	FALSE	0.1967	0.0219	-0.0239	0.0102	80.67156648109925
DBP	AD	apoe_excluded	rs6031431	rs6031431	20	42795152	FALSE	0.1153	0.0175	-3e-4	0.0082	43.40927346938775
DBP	AD	apoe_excluded	rs2598	rs2598	20	47241618	FALSE	0.1387	0.0175	0.001	0.0082	62.81694693877549
DBP	AD	apoe_excluded	rs79044887	rs79044887	20	47427831	FALSE	0.2427	0.0245	-0.0101	0.0115	98.1312619741774
DBP	AD	apoe_excluded	rs234623	rs234623	20	57488964	FALSE	0.1191	0.0174	-0.0132	0.0082	46.851664684898935
DBP	AD	apoe_excluded	rs6026739	rs6026739	20	57739469	FALSE	0.5032	0.0266	0.0219	0.0125	357.8639832664367
DBP	AD	apoe_excluded	rs79208229	rs79208229	20	62516236	FALSE	0.2128	0.0326	-0.0197	0.015	42.609657871956045
DBP	AD	apoe_excluded	rs35213536	rs35213536	20	62694319	FALSE	0.2044	0.0205	-0.0105	0.0095	99.41549077929804
DBP	AD	apoe_excluded	rs1882961	rs1882961	21	16556367	FALSE	0.1272	0.0188	0.0027	0.0089	45.77818017202354
DBP	AD	apoe_excluded	rs1003763	rs1003763	21	40073020	FALSE	0.1484	0.0203	0.0055	0.0095	53.44114149821642
DBP	AD	apoe_excluded	rs12627514	rs12627514	21	44759440	FALSE	0.2164	0.0196	0.0034	0.0091	121.89962515618495
DBP	AD	apoe_excluded	rs34487963	rs34487963	21	44838330	FALSE	0.5734	0.0712	-0.0511	0.0344	64.8567810251231
DBP	AD	apoe_excluded	rs7278003	rs7278003	21	44966069	FALSE	0.1293	0.0176	-0.0087	0.0085	53.97239798553718
DBP	AD	apoe_excluded	rs5992929	rs5992929	22	18451977	FALSE	0.1684	0.0193	-0.003	0.009	76.13240623909365
DBP	AD	apoe_excluded	rs2294239	rs2294239	22	29449477	FALSE	0.1458	0.0176	0.0064	0.0082	68.62616219008267
DBP	AD	apoe_excluded	rs5753630	rs5753630	22	31861950	FALSE	0.107	0.0175	0.0152	0.0083	37.38448979591836
SBP	AD	all_ivs	rs2072927	rs2072927	1	1684800	FALSE	0.3378	0.0314	0.0053	0.0084	115.7337417339446
SBP	AD	all_ivs	rs263532	rs263532	1	2164116	FALSE	0.1798	0.0307	3e-4	0.0083	34.30067162516312
SBP	AD	all_ivs	rs2493296	rs2493296	1	3327032	FALSE	0.4183	0.0442	0.0141	0.0115	89.56352756905059
SBP	AD	all_ivs	rs2232460	rs2232460	1	6659505	FALSE	0.2171	0.032	-0.0298	0.0086	46.027744140624996
SBP	AD	all_ivs	rs488834	rs488834	1	10767902	FALSE	0.3799	0.0365	-0.0109	0.0096	108.33102645899797
SBP	AD	all_ivs	rs6699618	rs6699618	1	11881441	FALSE	0.9115	0.041	-0.019	0.0113	494.2488102320047
SBP	AD	all_ivs	rs75461554	rs75461554	1	15810172	FALSE	0.3016	0.0377	2e-4	0.0101	64
SBP	AD	all_ivs	rs1889785	rs1889785	1	16348729	FALSE	0.1782	0.0304	-0.0043	0.0081	34.36119286703601
SBP	AD	all_ivs	rs404100	rs404100	1	25366987	FALSE	0.1935	0.0303	-7e-4	0.0082	40.78276639545143
SBP	AD	all_ivs	rs34079867	rs34079867	1	27407850	FALSE	0.1992	0.0354	-0.0069	0.0095	31.66446423441539
SBP	AD	all_ivs	rs4908348	rs4908348	1	28706949	FALSE	0.2366	0.033	0.0205	0.0088	51.40455463728191
SBP	AD	all_ivs	rs11210029	rs11210029	1	41865293	FALSE	0.203	0.0313	0.0057	0.0084	42.06330573957068
SBP	AD	all_ivs	rs1408945	rs1408945	1	42364877	FALSE	0.3196	0.0304	-0.0174	0.0082	110.5264889196676
SBP	AD	all_ivs	rs1209384	rs1209384	1	43765089	FALSE	0.2558	0.0313	0.0068	0.0084	66.79014790392881
SBP	AD	all_ivs	rs778124	rs778124	1	56606206	FALSE	0.2965	0.0311	-0.0105	0.0084	90.89261897623061
SBP	AD	all_ivs	rs61772592	rs61772592	1	56979681	FALSE	0.3181	0.0455	0.0092	0.0121	48.87700036227509
SBP	AD	all_ivs	rs12063372	rs12063372	1	59621911	FALSE	0.1989	0.0318	0.0079	0.0085	39.12148451406194
SBP	AD	all_ivs	rs12136922	rs12136922	1	67007389	FALSE	0.2027	0.0304	0.0028	0.0081	44.459065529778385
SBP	AD	all_ivs	rs658780	rs658780	1	78555928	FALSE	0.2028	0.0347	0.0051	0.0093	34.15678230032639
SBP	AD	all_ivs	rs786923	rs786923	1	89242954	FALSE	0.3082	0.031	-0.0063	0.0084	98.84208116545264
SBP	AD	all_ivs	rs7514579	rs7514579	1	94051350	FALSE	0.2243	0.0361	-0.0207	0.0097	38.60505214048388
SBP	AD	all_ivs	rs10776752	rs10776752	1	113044328	FALSE	0.8211	0.0576	0.0183	0.0159	203.21096462673611
SBP	AD	all_ivs	rs59980837	rs59980837	1	115827266	FALSE	1.0997	0.1163	0.0237	0.0316	89.41060234265312
SBP	AD	all_ivs	rs11204684	rs11204684	1	150608894	FALSE	0.1716	0.0305	-0.0069	0.0081	31.65445847890352
SBP	AD	all_ivs	rs76719272	rs76719272	1	156129796	FALSE	0.2738	0.0461	0.0045	0.0126	35.27483872182042
SBP	AD	all_ivs	rs12731646	rs12731646	1	169090660	FALSE	0.189	0.0307	-0.0183	0.0083	37.90066738108627
SBP	AD	all_ivs	rs1043069	rs1043069	1	180859368	FALSE	0.234	0.0311	-0.0041	0.0085	56.61231790407461
SBP	AD	all_ivs	rs4651224	rs4651224	1	184585182	FALSE	0.1986	0.0306	0.0032	0.0082	42.122645136485964
SBP	AD	all_ivs	rs12042924	rs12042924	1	197297417	FALSE	0.1807	0.0303	0.0225	0.0082	35.565674389221094
SBP	AD	all_ivs	rs11120093	rs11120093	1	207211326	FALSE	0.1792	0.0307	-0.0079	0.0083	34.072128086239644
SBP	AD	all_ivs	rs2724377	rs2724377	1	207974818	FALSE	0.1938	0.0301	-0.0216	0.0081	41.45477422986502
SBP	AD	all_ivs	rs7555285	rs7555285	1	209970355	FALSE	0.2294	0.0376	0.0015	0.0102	37.222979855138064
SBP	AD	all_ivs	rs68085857	rs68085857	1	217737629	FALSE	0.274	0.0357	-0.0042	0.0096	58.90669993487592
SBP	AD	all_ivs	rs4595370	rs4595370	1	221298122	FALSE	0.2092	0.0328	-0.0177	0.0089	40.67950624628196
SBP	AD	all_ivs	rs1745417	rs1745417	1	228204279	FALSE	0.2871	0.0301	0.0057	0.0081	90.97737331817534
SBP	AD	all_ivs	rs699	rs699	1	230845794	FALSE	0.3748	0.0308	-0.0029	0.0082	148.08045201551695
SBP	AD	all_ivs	rs1565440	rs1565440	1	243387788	FALSE	0.1746	0.0311	-0.0018	0.0085	31.518656754996332
SBP	AD	all_ivs	rs4926499	rs4926499	1	249155909	FALSE	0.2965	0.0438	0.0213	0.0118	45.82486290944726
SBP	AD	all_ivs	rs17760259	rs17760259	2	19744462	FALSE	0.2654	0.0304	-0.0018	0.0082	76.21749480609421
SBP	AD	all_ivs	rs2384063	rs2384063	2	25187115	FALSE	0.3266	0.0357	0.0222	0.0098	83.69430909618748
SBP	AD	all_ivs	rs1275988	rs1275988	2	26914364	FALSE	0.541	0.0308	0.0054	0.0085	308.52694383538545
SBP	AD	all_ivs	rs13420463	rs13420463	2	37517566	FALSE	0.3143	0.036	-0.0362	0.0096	76.22260030864199
SBP	AD	all_ivs	rs4952609	rs4952609	2	40555733	FALSE	0.2124	0.0347	-0.0295	0.0092	37.46709963540931
SBP	AD	all_ivs	rs115262049	rs115262049	2	43196694	FALSE	0.5893	0.0552	-0.0055	0.0147	113.97109653959254
SBP	AD	all_ivs	rs12464602	rs12464602	2	43397614	FALSE	0.2437	0.0315	-0.0112	0.0086	59.85355505165029
SBP	AD	all_ivs	rs13016772	rs13016772	2	55779476	FALSE	0.2522	0.0355	0.0019	0.0097	50.47001785360048
SBP	AD	all_ivs	rs2249105	rs2249105	2	65287896	FALSE	0.2927	0.0313	-0.0072	0.0084	87.44938705100594
SBP	AD	all_ivs	rs10188003	rs10188003	2	66773469	FALSE	0.1883	0.0307	0.0102	0.0083	37.6204415961973
SBP	AD	all_ivs	rs6731373	rs6731373	2	68503044	FALSE	0.1913	0.0326	-0.0086	0.0087	34.43457600963529
SBP	AD	all_ivs	rs6732123	rs6732123	2	69534650	FALSE	0.1737	0.0307	-0.0212	0.0082	32.01274284077284
SBP	AD	all_ivs	rs4577304	rs4577304	2	73403040	FALSE	0.1767	0.0302	-0.0015	0.0082	34.234123503355114
SBP	AD	all_ivs	rs72847885	rs72847885	2	86326717	FALSE	0.2413	0.0318	0.011	0.0086	57.578507574858584
SBP	AD	all_ivs	rs10207726	rs10207726	2	112744260	FALSE	0.2142	0.033	-0.018	0.009	42.13190082644627
SBP	AD	all_ivs	rs6737318	rs6737318	2	114083120	FALSE	0.2348	0.0364	0.0025	0.0099	41.60958821398382
SBP	AD	all_ivs	rs2580350	rs2580350	2	121996007	FALSE	0.1769	0.0307	0.0039	0.0083	33.20312151853069
SBP	AD	all_ivs	rs17257081	rs17257081	2	135630498	FALSE	0.2274	0.0392	-0.0314	0.01	33.651837775926694
SBP	AD	all_ivs	rs55944332	rs55944332	2	145726621	FALSE	0.2613	0.0355	-0.003	0.0098	54.17789327514382
SBP	AD	all_ivs	rs62170470	rs62170470	2	146989797	FALSE	0.1972	0.0321	-0.008	0.0084	37.74016168321348
SBP	AD	all_ivs	rs55732192	rs55732192	2	162278233	FALSE	0.3358	0.0521	-0.0444	0.0137	41.54185992536131
SBP	AD	all_ivs	rs268263	rs268263	2	164954174	FALSE	0.5938	0.0353	-0.0117	0.0093	282.96386296334936
SBP	AD	all_ivs	rs10048760	rs10048760	2	174977976	FALSE	0.1862	0.0301	0.0028	0.0082	38.2671714440238
SBP	AD	all_ivs	rs71421551	rs71421551	2	177053298	FALSE	0.2374	0.0333	0.0175	0.0089	50.824482139797446
SBP	AD	all_ivs	rs4893914	rs4893914	2	177539076	FALSE	0.1736	0.0304	-0.0152	0.0083	32.6101108033241
SBP	AD	all_ivs	rs4894132	rs4894132	2	180738654	FALSE	0.2469	0.0342	0.0074	0.0092	52.118267159125885
SBP	AD	all_ivs	rs12473915	rs12473915	2	182987704	FALSE	0.295	0.0375	-0.0067	0.0101	61.88444444444444
SBP	AD	all_ivs	rs13412750	rs13412750	2	191634958	FALSE	0.2889	0.0341	-0.0117	0.0093	71.77716909899297
SBP	AD	all_ivs	rs2043444	rs2043444	2	204143126	FALSE	0.2435	0.031	-0.02	0.0083	61.698491155046824
SBP	AD	all_ivs	rs4675682	rs4675682	2	208402750	FALSE	0.2837	0.0303	-0.0011	0.0081	87.66644882310013
SBP	AD	all_ivs	rs2161967	rs2161967	2	218680529	FALSE	0.2836	0.0307	-0.0058	0.0082	85.33667200713006
SBP	AD	all_ivs	rs10804330	rs10804330	2	227185749	FALSE	0.2351	0.0306	-9e-4	0.0082	59.02858943141527
SBP	AD	all_ivs	rs1044822	rs1044822	2	230629138	FALSE	0.248	0.0424	-0.0138	0.0117	34.21146315414738
SBP	AD	all_ivs	rs3754944	rs3754944	2	231279616	FALSE	0.1768	0.0308	-0.0119	0.0082	32.95058188564683
SBP	AD	all_ivs	rs139354822	rs139354822	2	242344695	FALSE	0.6115	0.0975	-0.0476	0.0248	39.33541091387245
SBP	AD	all_ivs	rs9848170	rs9848170	3	11495983	FALSE	0.3231	0.0307	0.0013	0.0083	110.76362613926936
SBP	AD	all_ivs	rs11925504	rs11925504	3	14943965	FALSE	0.2901	0.0305	-0.0123	0.0083	90.46816447191617
SBP	AD	all_ivs	rs189267552	rs189267552	3	20073193	FALSE	0.8664	0.139	0.0398	0.0356	38.85145489363904
SBP	AD	all_ivs	rs2643826	rs2643826	3	27562988	FALSE	0.4473	0.0306	0.013	0.0082	213.67560553633217
SBP	AD	all_ivs	rs68115553	rs68115553	3	27704702	FALSE	0.6445	0.1143	0.0185	0.0322	31.79460124352347
SBP	AD	all_ivs	rs743395	rs743395	3	37598382	FALSE	0.2597	0.0317	0.0134	0.0084	67.11589328185174
SBP	AD	all_ivs	rs6788984	rs6788984	3	41107173	FALSE	0.2999	0.0432	3e-4	0.0114	48.19316379458161
SBP	AD	all_ivs	rs1052501	rs1052501	3	41925398	FALSE	0.2262	0.0412	-0.0058	0.0107	30.143298143086064
SBP	AD	all_ivs	rs6771917	rs6771917	3	48108442	FALSE	0.3793	0.0355	-0.0091	0.0094	114.15869073596514
SBP	AD	all_ivs	rs7615099	rs7615099	3	53143901	FALSE	0.1891	0.0321	5e-4	0.0087	34.70347725662601
SBP	AD	all_ivs	rs6445583	rs6445583	3	53562894	FALSE	0.2774	0.0349	-0.0129	0.0094	63.17744517696899
SBP	AD	all_ivs	rs3772219	rs3772219	3	56771251	FALSE	0.2733	0.0324	-0.02	0.0088	71.15234910836763
SBP	AD	all_ivs	rs7618284	rs7618284	3	66422246	FALSE	0.1891	0.0331	0.0202	0.0088	32.63826544116976
SBP	AD	all_ivs	rs4499560	rs4499560	3	70920485	FALSE	0.2199	0.0326	0.0254	0.0087	45.500404606872685
SBP	AD	all_ivs	rs1375564	rs1375564	3	85656311	FALSE	0.2579	0.0315	0.0032	0.0085	67.0319072814311
SBP	AD	all_ivs	rs12637573	rs12637573	3	121682388	FALSE	0.1731	0.0302	-0.0037	0.0081	32.853394587956664
SBP	AD	all_ivs	rs6438857	rs6438857	3	124557643	FALSE	0.2736	0.0305	0.0101	0.0082	80.46972319269014
SBP	AD	all_ivs	rs9880098	rs9880098	3	133949366	FALSE	0.3081	0.0308	-0.0044	0.0083	100.0649456063417
SBP	AD	all_ivs	rs1199330	rs1199330	3	138101529	FALSE	0.2654	0.047	-0.0066	0.0128	31.88644635581712
SBP	AD	all_ivs	rs9876694	rs9876694	3	141152017	FALSE	0.4713	0.0651	-0.0162	0.0173	52.41226188706491
SBP	AD	all_ivs	rs4408839	rs4408839	3	153729768	FALSE	0.2301	0.0345	-0.0128	0.0094	44.48310018903591
SBP	AD	all_ivs	rs79539362	rs79539362	3	154680449	FALSE	0.4003	0.0504	0.032	0.014	63.082675894431844
SBP	AD	all_ivs	rs17684859	rs17684859	3	158213841	FALSE	0.2241	0.034	0.0082	0.0092	43.44360726643598
SBP	AD	all_ivs	rs3980686	rs3980686	3	168697602	FALSE	0.4998	0.0487	-9e-4	0.0128	105.32575505230449
SBP	AD	all_ivs	rs1290784	rs1290784	3	169096900	FALSE	0.4124	0.0303	-0.0057	0.0081	185.24737226197865
SBP	AD	all_ivs	rs2111557	rs2111557	3	169325621	FALSE	0.1764	0.0302	-0.0078	0.0081	34.117977281698174
SBP	AD	all_ivs	rs4955575	rs4955575	3	169534538	FALSE	0.2158	0.0348	-0.0204	0.0094	38.454254194741715
SBP	AD	all_ivs	rs262986	rs262986	3	183435713	FALSE	0.2371	0.0305	0.0018	0.0082	60.43150765923139
SBP	AD	all_ivs	rs13091418	rs13091418	3	185329756	FALSE	0.2234	0.0325	-0.0112	0.0086	47.24976094674555
SBP	AD	all_ivs	rs9869437	rs9869437	3	196228360	FALSE	0.2001	0.0318	0.0158	0.0086	39.59496262014951
SBP	AD	all_ivs	rs34535756	rs34535756	4	2246927	FALSE	0.478	0.0786	-0.0441	0.0203	36.983729256906805
SBP	AD	all_ivs	rs1290933	rs1290933	4	2668217	FALSE	0.2847	0.0327	-0.0116	0.0088	75.80178436158573
SBP	AD	all_ivs	rs2498323	rs2498323	4	3451109	FALSE	0.3171	0.0517	-0.0032	0.0133	37.61935956960443
SBP	AD	all_ivs	rs2610990	rs2610990	4	18008232	FALSE	0.2903	0.0343	0.0345	0.0093	71.63179457538953
SBP	AD	all_ivs	rs55924432	rs55924432	4	26812737	FALSE	0.2651	0.0317	-0.0152	0.0084	69.93602284827196
SBP	AD	all_ivs	rs2291434	rs2291434	4	38387244	FALSE	0.2622	0.0303	0.0082	0.0081	74.8824625036761
SBP	AD	all_ivs	rs12511987	rs12511987	4	46595623	FALSE	0.2329	0.0399	0.0013	0.0108	34.07165155997764
SBP	AD	all_ivs	rs62309747	rs62309747	4	48713862	FALSE	0.2244	0.0304	-0.0152	0.0081	54.48770775623267
SBP	AD	all_ivs	rs60991988	rs60991988	4	54801228	FALSE	0.3789	0.0498	0.004	0.013	57.88826389896938
SBP	AD	all_ivs	rs13107261	rs13107261	4	63768826	FALSE	0.1778	0.0314	0.0096	0.0084	32.063004584364485
SBP	AD	all_ivs	rs5020545	rs5020545	4	77414988	FALSE	0.2179	0.0305	-0.0137	0.0082	51.04048374092987
SBP	AD	all_ivs	rs12509595	rs12509595	4	81182554	FALSE	0.8367	0.0334	-0.0061	0.009	627.5475008067698
SBP	AD	all_ivs	rs6823199	rs6823199	4	83925895	FALSE	0.2094	0.0348	0.0026	0.0096	36.20719381688467
SBP	AD	all_ivs	rs17010957	rs17010957	4	86719165	FALSE	0.534	0.043	-0.0014	0.0116	154.22174148188216
SBP	AD	all_ivs	rs13149209	rs13149209	4	89750668	FALSE	0.281	0.0367	0.0072	0.0097	58.62468353020662
SBP	AD	all_ivs	rs13107325	rs13107325	4	103188709	FALSE	0.9086	0.0592	-0.0455	0.016	235.56027437910882
SBP	AD	all_ivs	rs11097909	rs11097909	4	106911321	FALSE	0.3628	0.043	0.0167	0.0113	71.18650081124935
SBP	AD	all_ivs	rs1493132	rs1493132	4	108861082	FALSE	0.1766	0.0318	0.0032	0.0086	30.840908191922786
SBP	AD	all_ivs	rs1814951	rs1814951	4	111408718	FALSE	0.3231	0.0466	-0.0076	0.0125	48.073094917939166
SBP	AD	all_ivs	rs2389873	rs2389873	4	120554714	FALSE	0.1972	0.0303	0.005	0.0081	42.35732880218714
SBP	AD	all_ivs	rs7439567	rs7439567	4	138464842	FALSE	0.2537	0.0309	-0.0053	0.0083	67.40994543417014
SBP	AD	all_ivs	rs72719160	rs72719160	4	144051276	FALSE	0.2243	0.0324	0.0161	0.0087	47.92570682822741
SBP	AD	all_ivs	rs2353940	rs2353940	4	145740898	FALSE	0.2075	0.0358	-0.0037	0.0095	33.59465216441434
SBP	AD	all_ivs	rs73855810	rs73855810	4	148383424	FALSE	0.2732	0.0434	0.0045	0.0118	39.62615472828048
SBP	AD	all_ivs	rs7683728	rs7683728	4	156402654	FALSE	0.3654	0.0304	-0.0181	0.0082	144.47407375346262
SBP	AD	all_ivs	rs12643599	rs12643599	4	156639846	FALSE	0.3134	0.0313	-0.0046	0.0084	100.2557543712807
SBP	AD	all_ivs	rs17035181	rs17035181	4	157678511	FALSE	0.3074	0.0429	0.0128	0.0115	51.344406952798565
SBP	AD	all_ivs	rs869396	rs869396	4	169688000	FALSE	0.2115	0.0305	0.0071	0.0083	48.086267132491265
SBP	AD	all_ivs	rs4957026	rs4957026	5	361148	FALSE	0.1982	0.0323	-0.0019	0.0086	37.65323160386852
SBP	AD	all_ivs	rs10069690	rs10069690	5	1279790	FALSE	0.3098	0.0369	-0.0088	0.0093	70.48717327281675
SBP	AD	all_ivs	rs7725413	rs7725413	5	15695987	FALSE	0.1985	0.0359	0.0043	0.0098	30.57258245978849
SBP	AD	all_ivs	rs12656497	rs12656497	5	32831939	FALSE	0.6382	0.0307	-0.0013	0.0083	432.1523199185136
SBP	AD	all_ivs	rs10941043	rs10941043	5	33194751	FALSE	0.2585	0.0332	-0.0103	0.009	60.62404739439687
SBP	AD	all_ivs	rs2113077	rs2113077	5	50799442	FALSE	0.2097	0.0305	0.0027	0.0082	47.27126041386724
SBP	AD	all_ivs	rs1694068	rs1694068	5	53283630	FALSE	0.2657	0.0311	0.0022	0.0084	72.98982640791556
SBP	AD	all_ivs	rs10043077	rs10043077	5	55692939	FALSE	0.1931	0.0324	0.0169	0.0087	35.52012841030331
SBP	AD	all_ivs	rs34496659	rs34496659	5	61798934	FALSE	0.4545	0.0616	0.0049	0.0167	54.43852515179625
SBP	AD	all_ivs	rs6870654	rs6870654	5	63831964	FALSE	0.2136	0.0347	0.0038	0.0093	37.891652617329264
SBP	AD	all_ivs	rs4286632	rs4286632	5	66291370	FALSE	0.211	0.0343	0.007	0.0093	37.842225603277555
SBP	AD	all_ivs	rs7703560	rs7703560	5	67678506	FALSE	0.2246	0.0333	0.0036	0.0088	45.49158167176184
SBP	AD	all_ivs	rs246973	rs246973	5	68007803	FALSE	0.2479	0.0335	-0.0054	0.0091	54.75999999999999
SBP	AD	all_ivs	rs6452769	rs6452769	5	87389027	FALSE	0.3143	0.0377	-0.023	0.01	69.5034018391743
SBP	AD	all_ivs	rs76443575	rs76443575	5	96211594	FALSE	0.5233	0.0816	0.0118	0.0215	41.126443254998065
SBP	AD	all_ivs	rs1871190	rs1871190	5	97953719	FALSE	0.1954	0.0324	0.0023	0.0087	36.37132296905959
SBP	AD	all_ivs	rs11241313	rs11241313	5	114428167	FALSE	0.2071	0.0326	0.0059	0.0088	40.35756897135761
SBP	AD	all_ivs	rs1624823	rs1624823	5	122475438	FALSE	0.3371	0.0313	0.015	0.0083	115.99221182210698
SBP	AD	all_ivs	rs9327297	rs9327297	5	122835051	FALSE	0.2747	0.0319	-0.0221	0.0085	74.15423394031114
SBP	AD	all_ivs	rs758179	rs758179	5	127354424	FALSE	0.2091	0.0367	-0.0105	0.0098	32.46204961058438
SBP	AD	all_ivs	rs6892983	rs6892983	5	127845030	FALSE	0.3427	0.0307	-0.0151	0.0083	124.60958736962725
SBP	AD	all_ivs	rs702395	rs702395	5	140086677	FALSE	0.2318	0.0305	0.0172	0.0082	57.760000000000005
SBP	AD	all_ivs	rs2913920	rs2913920	5	141726983	FALSE	0.2418	0.0359	0.0063	0.0095	45.365290461743776
SBP	AD	all_ivs	rs1957563	rs1957563	5	157474590	FALSE	0.3629	0.0342	-0.0109	0.0092	112.59567901234567
SBP	AD	all_ivs	rs11960210	rs11960210	5	157817634	FALSE	0.4727	0.0313	4e-4	0.0083	228.07754493768437
SBP	AD	all_ivs	rs13358657	rs13358657	5	157938070	FALSE	0.388	0.0445	-0.0043	0.0121	76.0227244034844
SBP	AD	all_ivs	rs3860770	rs3860770	5	173301427	FALSE	0.2663	0.0333	2e-4	0.009	63.95196096997896
SBP	AD	all_ivs	rs12153395	rs12153395	5	179411477	FALSE	0.3303	0.0486	-0.0157	0.0133	46.18964334705076
SBP	AD	all_ivs	rs2745599	rs2745599	6	1613686	FALSE	0.2164	0.0317	-0.0018	0.0082	46.601080715302174
SBP	AD	all_ivs	rs1575290	rs1575290	6	7715689	FALSE	0.1973	0.0301	0.0112	0.0082	42.965629518438
SBP	AD	all_ivs	rs1630736	rs1630736	6	12295987	FALSE	0.1706	0.0309	0.0012	0.0083	30.481834082173417
SBP	AD	all_ivs	rs9349379	rs9349379	6	12903957	FALSE	0.2664	0.0312	0.0027	0.0083	72.905325443787
SBP	AD	all_ivs	rs9368222	rs9368222	6	20686996	FALSE	0.2281	0.0339	-0.0219	0.0091	45.27424056525788
SBP	AD	all_ivs	rs2655445	rs2655445	6	22377623	FALSE	0.2018	0.0312	-0.01	0.0084	41.834360618014465
SBP	AD	all_ivs	rs79782817	rs79782817	6	25882678	FALSE	0.5324	0.0499	-0.0084	0.0131	113.83478781209713
SBP	AD	all_ivs	rs116025100	rs116025100	6	30935290	FALSE	0.5365	0.0851	0.0129	0.0214	39.74480151228734
SBP	AD	all_ivs	rs2753960	rs2753960	6	31762844	FALSE	0.4466	0.0309	-0.0137	0.0082	208.89136058482842
SBP	AD	all_ivs	rs2815063	rs2815063	6	39262535	FALSE	0.2755	0.0458	0.0178	0.0123	36.1836397093877
SBP	AD	all_ivs	rs7763558	rs7763558	6	43349215	FALSE	0.3363	0.0321	0.0151	0.0086	109.75989169359771
SBP	AD	all_ivs	rs998584	rs998584	6	43757896	FALSE	0.1701	0.0312	-0.0125	0.0082	29.723465236686398
SBP	AD	all_ivs	rs78648104	rs78648104	6	50683009	FALSE	0.4287	0.0541	0.0138	0.0142	62.79317413839642
SBP	AD	all_ivs	rs1984195	rs1984195	6	79657391	FALSE	0.2409	0.0303	-0.0082	0.0081	63.21037153220272
SBP	AD	all_ivs	rs9361836	rs9361836	6	82235408	FALSE	0.2196	0.0324	-0.0041	0.0086	45.93827160493827
SBP	AD	all_ivs	rs6921291	rs6921291	6	97066242	FALSE	0.3575	0.0385	0.0208	0.0102	86.22448979591834
SBP	AD	all_ivs	rs9486916	rs9486916	6	109013930	FALSE	0.2657	0.0385	-0.0109	0.0102	47.62792376454714
SBP	AD	all_ivs	rs560955	rs560955	6	117481404	FALSE	0.1784	0.0307	0.0082	0.0083	33.76859170919585
SBP	AD	all_ivs	rs10782230	rs10782230	6	126228512	FALSE	0.2106	0.0302	0.0165	0.0082	48.62984079645629
SBP	AD	all_ivs	rs9401913	rs9401913	6	127159982	FALSE	0.5202	0.0305	-0.0141	0.0082	290.8981886589627
SBP	AD	all_ivs	rs2327429	rs2327429	6	134209837	FALSE	0.2	0.0338	-0.008	0.0089	35.01277966457758
SBP	AD	all_ivs	rs8180684	rs8180684	6	143200936	FALSE	0.2134	0.0335	-0.0096	0.009	40.57880151481399
SBP	AD	all_ivs	rs7765526	rs7765526	6	147713764	FALSE	0.201	0.0307	0.0068	0.0083	42.86623730755764
SBP	AD	all_ivs	rs17080102	rs17080102	6	151004770	FALSE	0.8085	0.0594	0.0135	0.016	185.26234567901233
SBP	AD	all_ivs	rs1293969	rs1293969	6	151959945	FALSE	0.1988	0.0347	0.0031	0.0093	32.822662757767276
SBP	AD	all_ivs	rs509833	rs509833	6	159711515	FALSE	0.329	0.044	-0.0043	0.012	55.90960743801654
SBP	AD	all_ivs	rs12661036	rs12661036	6	163737476	FALSE	0.2104	0.0374	-0.0013	0.0099	31.64814550030026
SBP	AD	all_ivs	rs7744902	rs7744902	6	166176722	FALSE	0.4088	0.0593	-0.0119	0.0154	47.52393437774599
SBP	AD	all_ivs	rs6959688	rs6959688	7	1966831	FALSE	0.2344	0.031	0.004	0.0083	57.17311134235172
SBP	AD	all_ivs	rs10282122	rs10282122	7	2529623	FALSE	0.302	0.0327	-0.0012	0.0087	85.29398011764816
SBP	AD	all_ivs	rs73049928	rs73049928	7	4669949	FALSE	0.2382	0.0392	-0.0027	0.0106	36.92422428154936
SBP	AD	all_ivs	rs3807925	rs3807925	7	18543250	FALSE	0.1859	0.0319	-0.0086	0.0085	33.96076099881095
SBP	AD	all_ivs	rs28688791	rs28688791	7	19039605	FALSE	0.3222	0.038	0.0096	0.0102	71.89254847645428
SBP	AD	all_ivs	rs112509803	rs112509803	7	24735004	FALSE	0.2641	0.0477	-0.0332	0.0134	30.654909923570187
SBP	AD	all_ivs	rs3735533	rs3735533	7	27245893	FALSE	0.91	0.0577	-0.0414	0.0154	248.73171156612972
SBP	AD	all_ivs	rs6961048	rs6961048	7	27328187	FALSE	0.5304	0.0497	-0.0234	0.0134	113.8922711318211
SBP	AD	all_ivs	rs977184	rs977184	7	28650761	FALSE	0.184	0.0314	-0.0023	0.0084	34.33810702259727
SBP	AD	all_ivs	rs11977526	rs11977526	7	46008110	FALSE	0.3213	0.0312	0.0101	0.0082	106.05038831360947
SBP	AD	all_ivs	rs12668436	rs12668436	7	47548893	FALSE	0.2151	0.035	0.0114	0.0095	37.76980408163266
SBP	AD	all_ivs	rs848445	rs848445	7	77572461	FALSE	0.2025	0.0339	0.0067	0.0091	35.68212076121858
SBP	AD	all_ivs	rs42377	rs42377	7	92243672	FALSE	0.3153	0.0331	6e-4	0.0087	90.73857485784177
SBP	AD	all_ivs	rs2392929	rs2392929	7	106414069	FALSE	0.7507	0.0379	-0.0118	0.0102	392.3326139472713
SBP	AD	all_ivs	rs34072724	rs34072724	7	130432469	FALSE	0.2422	0.0303	-1e-4	0.0083	63.8944330076572
SBP	AD	all_ivs	rs35680304	rs35680304	7	130973495	FALSE	0.2694	0.031	-0.0095	0.0083	75.52170655567116
SBP	AD	all_ivs	rs75672964	rs75672964	7	131321010	FALSE	0.5885	0.0839	-0.0086	0.0205	49.200442947433025
SBP	AD	all_ivs	rs73727605	rs73727605	7	149474622	FALSE	0.3616	0.0623	-0.04	0.0164	33.688428331817505
SBP	AD	all_ivs	rs3918226	rs3918226	7	150690176	FALSE	0.664	0.0575	-0.0241	0.0148	133.3522873345936
SBP	AD	all_ivs	rs10224210	rs10224210	7	151413194	FALSE	0.3831	0.034	-0.002	0.0091	126.95987024221454
SBP	AD	all_ivs	rs62480403	rs62480403	7	155744252	FALSE	0.2056	0.0326	-0.0114	0.0089	39.77507621664347
SBP	AD	all_ivs	rs71499040	rs71499040	8	1711918	FALSE	0.2215	0.0338	-0.0055	0.009	42.94514372746053
SBP	AD	all_ivs	rs1821002	rs1821002	8	10640065	FALSE	0.3794	0.0307	-0.0146	0.0082	152.72773185922395
SBP	AD	all_ivs	rs10866828	rs10866828	8	23401534	FALSE	0.2476	0.0355	-0.0041	0.0094	48.64571315215236
SBP	AD	all_ivs	rs7821832	rs7821832	8	25889446	FALSE	0.4222	0.0348	0.0111	0.0093	147.18988637864982
SBP	AD	all_ivs	rs77375686	rs77375686	8	26043622	FALSE	0.3467	0.0485	-0.0166	0.0129	51.1003889892656
SBP	AD	all_ivs	rs1906672	rs1906672	8	38130025	FALSE	0.2966	0.0358	-0.013	0.0098	68.6398364595362
SBP	AD	all_ivs	rs4873492	rs4873492	8	51947549	FALSE	0.3431	0.0403	0.005	0.0107	72.48219618370904
SBP	AD	all_ivs	rs2354862	rs2354862	8	64501744	FALSE	0.2507	0.0317	-0.0132	0.0085	62.54464667774582
SBP	AD	all_ivs	rs13253358	rs13253358	8	68920135	FALSE	0.2127	0.033	0.0062	0.0089	41.54388429752066
SBP	AD	all_ivs	rs2126474	rs2126474	8	76878957	FALSE	0.2601	0.0306	0.0031	0.0082	72.25
SBP	AD	all_ivs	rs9918879	rs9918879	8	77681093	FALSE	0.2984	0.0499	-0.0079	0.0133	35.75992064288898
SBP	AD	all_ivs	rs148401029	rs148401029	8	81386066	FALSE	0.4623	0.0848	0.0098	0.0218	29.72049800863296
SBP	AD	all_ivs	rs10091532	rs10091532	8	82853793	FALSE	0.2067	0.0305	0.0023	0.0083	45.92839559258264
SBP	AD	all_ivs	rs843093	rs843093	8	92528310	FALSE	0.2085	0.0338	0.0017	0.0092	38.052107769335805
SBP	AD	all_ivs	rs2613203	rs2613203	8	95253197	FALSE	0.2681	0.0389	-0.0154	0.0104	47.50008921431924
SBP	AD	all_ivs	rs79069610	rs79069610	8	105921209	FALSE	0.4005	0.0727	0.0011	0.0201	30.34842931986703
SBP	AD	all_ivs	rs35783704	rs35783704	8	105966258	FALSE	0.4619	0.0507	0.0146	0.0138	83.00036568903204
SBP	AD	all_ivs	rs7830607	rs7830607	8	110097287	FALSE	0.206	0.0327	-0.0096	0.0089	39.686146882510826
SBP	AD	all_ivs	rs2470004	rs2470004	8	120358445	FALSE	0.3454	0.0392	-0.0107	0.0105	77.63767700957935
SBP	AD	all_ivs	rs4598218	rs4598218	8	129483956	FALSE	0.1911	0.0313	-0.0185	0.0084	37.27629147995793
SBP	AD	all_ivs	rs7012866	rs7012866	8	135616959	FALSE	0.2325	0.0301	0.0046	0.0081	59.664076555446414
SBP	AD	all_ivs	rs4440615	rs4440615	8	141057641	FALSE	0.2201	0.0312	-0.0123	0.0084	49.76578936554898
SBP	AD	all_ivs	rs4961293	rs4961293	8	141812374	FALSE	0.2268	0.0303	-0.0092	0.0083	56.027448289383386
SBP	AD	all_ivs	rs3802228	rs3802228	8	143992218	FALSE	0.2747	0.0305	6e-4	0.0082	81.118075786079
SBP	AD	all_ivs	rs60191654	rs60191654	9	753648	FALSE	0.2382	0.0385	-0.0013	0.0103	38.27912970146736
SBP	AD	all_ivs	rs927315	rs927315	9	4117713	FALSE	0.1689	0.0303	0.0022	0.0082	31.072345848446226
SBP	AD	all_ivs	rs1332813	rs1332813	9	9350706	FALSE	0.2203	0.0314	-0.021	0.0085	49.22318349628788
SBP	AD	all_ivs	rs9886665	rs9886665	9	22942770	FALSE	0.2048	0.0343	0.003	0.0093	35.65099575856999
SBP	AD	all_ivs	rs4553000	rs4553000	9	34223553	FALSE	0.2035	0.03	0.003	0.0081	46.01361111111111
SBP	AD	all_ivs	rs76452347	rs76452347	9	35906471	FALSE	0.2974	0.0397	-0.006	0.0104	56.117835910385836
SBP	AD	all_ivs	rs10746963	rs10746963	9	77238558	FALSE	0.2177	0.0388	0.0072	0.0106	31.48135428844723
SBP	AD	all_ivs	rs7045409	rs7045409	9	95201540	FALSE	0.1862	0.0313	0.0085	0.0084	35.38919454113036
SBP	AD	all_ivs	rs10980408	rs10980408	9	113249071	FALSE	0.7606	0.0827	-0.0283	0.0221	84.5866105984686
SBP	AD	all_ivs	rs2900568	rs2900568	9	116689758	FALSE	0.1889	0.03	-0.0091	0.0082	39.648011111111124
SBP	AD	all_ivs	rs34025993	rs34025993	9	123516572	FALSE	0.223	0.0308	-0.0098	0.0083	52.42136110642603
SBP	AD	all_ivs	rs7854147	rs7854147	9	125863350	FALSE	0.3056	0.0461	-0.0135	0.0124	43.94453254031366
SBP	AD	all_ivs	rs13289468	rs13289468	9	128180332	FALSE	0.2488	0.0306	-0.0093	0.0082	66.10859071297364
SBP	AD	all_ivs	rs6271	rs6271	9	136522274	FALSE	0.5547	0.0611	0.0142	0.0165	82.4202469188714
SBP	AD	all_ivs	rs11145807	rs11145807	9	139520789	FALSE	0.2135	0.0322	4e-4	0.0087	43.96266540642722
SBP	AD	all_ivs	rs11252324	rs11252324	10	4124568	FALSE	0.4164	0.0573	-0.0143	0.0149	52.80951728296922
SBP	AD	all_ivs	rs1623474	rs1623474	10	18471794	FALSE	0.3827	0.0321	-0.0133	0.0086	142.13690666821947
SBP	AD	all_ivs	rs12258967	rs12258967	10	18727959	FALSE	0.6327	0.0337	-0.0126	0.0088	352.48112601149967
SBP	AD	all_ivs	rs11596400	rs11596400	10	28245420	FALSE	0.2518	0.0303	-0.0044	0.0081	69.05993965733208
SBP	AD	all_ivs	rs12264186	rs12264186	10	32289986	FALSE	0.2135	0.0387	-0.0016	0.0104	30.435036623066186
SBP	AD	all_ivs	rs4948643	rs4948643	10	45379759	FALSE	0.2258	0.0338	-0.0102	0.0091	44.62872448443683
SBP	AD	all_ivs	rs4245599	rs4245599	10	60365755	FALSE	0.1794	0.0305	-0.0092	0.0083	34.597538296156955
SBP	AD	all_ivs	rs57946343	rs57946343	10	63499951	FALSE	0.716	0.0426	0.0048	0.0115	282.4924507923912
SBP	AD	all_ivs	rs2236295	rs2236295	10	64564892	FALSE	0.3028	0.0309	-0.0053	0.0083	96.02731433478912
SBP	AD	all_ivs	rs2177843	rs2177843	10	75409877	FALSE	0.4394	0.0432	-0.0083	0.0116	103.45526834705075
SBP	AD	all_ivs	rs10749572	rs10749572	10	82136664	FALSE	0.203	0.0302	-0.0327	0.0081	45.18332529275032
SBP	AD	all_ivs	rs111866816	rs111866816	10	94441507	FALSE	0.3569	0.0597	-0.0286	0.0164	35.73916764167009
SBP	AD	all_ivs	rs2689690	rs2689690	10	95899706	FALSE	0.2702	0.0316	0.0157	0.0085	73.11332318538693
SBP	AD	all_ivs	rs57866767	rs57866767	10	96023077	FALSE	0.4501	0.0304	-0.0089	0.0082	219.215298216759
SBP	AD	all_ivs	rs1006545	rs1006545	10	102553647	FALSE	0.6846	0.048	-0.0041	0.013	203.41890625
SBP	AD	all_ivs	rs11191580	rs11191580	10	104906211	FALSE	1.0995	0.055	0.008	0.0144	399.63644628099166
SBP	AD	all_ivs	rs117464403	rs117464403	10	107158054	FALSE	0.864	0.1199	-0.0477	0.0297	51.92650812012511
SBP	AD	all_ivs	rs12255372	rs12255372	10	114808902	FALSE	0.2358	0.0335	-0.0046	0.0089	49.54478948540877
SBP	AD	all_ivs	rs1801253	rs1801253	10	115805056	FALSE	0.4626	0.0344	0.006	0.0091	180.83994726879394
SBP	AD	all_ivs	rs72842207	rs72842207	10	121433675	FALSE	0.203	0.0367	-0.0234	0.0099	30.595668540118343
SBP	AD	all_ivs	rs11592107	rs11592107	10	122968964	FALSE	0.3024	0.0326	-0.0107	0.0088	86.04554179683092
SBP	AD	all_ivs	rs7093894	rs7093894	10	124234880	FALSE	0.236	0.0427	0.023	0.0114	30.54697826456569
SBP	AD	all_ivs	rs1133400	rs1133400	10	134459388	FALSE	0.2975	0.0376	0.0149	0.0099	62.60344754413761
SBP	AD	all_ivs	rs569550	rs569550	11	1887068	FALSE	0.5765	0.0318	0.0094	0.0084	328.65813258969183
SBP	AD	all_ivs	rs74048190	rs74048190	11	2114221	FALSE	0.4404	0.0757	-0.0133	0.0204	33.84565019745257
SBP	AD	all_ivs	rs360153	rs360153	11	9762274	FALSE	0.3445	0.0306	-0.0163	0.0083	126.74639027724378
SBP	AD	all_ivs	rs2014408	rs2014408	11	16365282	FALSE	0.5169	0.0373	-0.0169	0.0102	192.04163761688795
SBP	AD	all_ivs	rs7926335	rs7926335	11	16917869	FALSE	0.3135	0.0339	0.0155	0.0092	85.52157569112694
SBP	AD	all_ivs	rs17762	rs17762	11	22492454	FALSE	0.4117	0.0571	-0.0274	0.0154	51.986372879484485
SBP	AD	all_ivs	rs1382472	rs1382472	11	27273967	FALSE	0.1917	0.0307	0.0095	0.0084	38.99127842205222
SBP	AD	all_ivs	rs871004	rs871004	11	28512458	FALSE	0.2336	0.0317	0.0095	0.0085	54.303416294320776
SBP	AD	all_ivs	rs10501122	rs10501122	11	30192151	FALSE	0.1916	0.0315	-0.0017	0.0085	36.99728898966994
SBP	AD	all_ivs	rs11604310	rs11604310	11	45351420	FALSE	0.2778	0.0411	0.0022	0.0109	45.68575843145612
SBP	AD	all_ivs	rs7107356	rs7107356	11	47676170	FALSE	0.4598	0.0301	0.0354	0.0081	233.34846193750624
SBP	AD	all_ivs	rs2904315	rs2904315	11	48109948	FALSE	0.2081	0.0325	-0.0068	0.0088	40.99939408284023
SBP	AD	all_ivs	rs4427587	rs4427587	11	58436648	FALSE	0.2062	0.0313	-0.0162	0.0083	43.399891802508954
SBP	AD	all_ivs	rs7125196	rs7125196	11	61272565	FALSE	0.4422	0.0472	-0.003	0.0131	87.77149166906062
SBP	AD	all_ivs	rs2306363	rs2306363	11	65405600	FALSE	0.4358	0.0376	0.0032	0.01	134.33796401086465
SBP	AD	all_ivs	rs7395791	rs7395791	11	69262916	FALSE	0.2162	0.0308	-0.0066	0.0082	49.273106763366506
SBP	AD	all_ivs	rs10501410	rs10501410	11	72088806	FALSE	0.4122	0.0607	-0.0401	0.0162	46.114615591303014
SBP	AD	all_ivs	rs7927515	rs7927515	11	76125330	FALSE	0.2271	0.0319	-0.0105	0.0086	50.68190171087155
SBP	AD	all_ivs	rs2289124	rs2289124	11	89224477	FALSE	0.308	0.0415	-0.0074	0.0109	55.08143417041661
SBP	AD	all_ivs	rs604723	rs604723	11	100610546	FALSE	0.655	0.0339	0.004	0.0091	373.3216731493809
SBP	AD	all_ivs	rs629864	rs629864	11	100699139	FALSE	0.1868	0.0319	-0.0078	0.0086	34.290386297304465
SBP	AD	all_ivs	rs7926110	rs7926110	11	107086143	FALSE	0.2603	0.0321	-0.0064	0.0086	65.75643675818363
SBP	AD	all_ivs	rs236916	rs236916	11	117089628	FALSE	0.3166	0.0446	-1e-4	0.0119	50.390898670795714
SBP	AD	all_ivs	rs573455	rs573455	11	117267884	FALSE	0.1994	0.0303	0.0171	0.0081	43.30769314555218
SBP	AD	all_ivs	rs11222084	rs11222084	11	130273230	FALSE	0.3363	0.0316	0.0332	0.0085	113.26078553116484
SBP	AD	all_ivs	rs78998485	rs78998485	12	434755	FALSE	0.2449	0.0346	-0.0232	0.0095	50.09857496074043
SBP	AD	all_ivs	rs3819532	rs3819532	12	2436837	FALSE	0.1875	0.0306	3e-4	0.0084	37.54565551710881
SBP	AD	all_ivs	rs10845621	rs10845621	12	12887977	FALSE	0.2879	0.0337	0.0076	0.0092	72.98330530338383
SBP	AD	all_ivs	rs1010064	rs1010064	12	20000315	FALSE	0.3571	0.0387	-0.0113	0.0104	85.14472955017393
SBP	AD	all_ivs	rs73075659	rs73075659	12	20373541	FALSE	0.3962	0.0321	-0.0086	0.0088	152.34172804999957
SBP	AD	all_ivs	rs2129869	rs2129869	12	26457650	FALSE	0.2643	0.0361	-0.0078	0.0099	53.60186769592007
SBP	AD	all_ivs	rs9651825	rs9651825	12	27159784	FALSE	0.2042	0.034	-0.0046	0.0093	36.07062283737023
SBP	AD	all_ivs	rs61917655	rs61917655	12	48210787	FALSE	0.3427	0.0514	0.0046	0.0135	44.45309164408243
SBP	AD	all_ivs	rs7134440	rs7134440	12	53450097	FALSE	0.4788	0.0562	-0.0021	0.015	72.5831233140411
SBP	AD	all_ivs	rs7134677	rs7134677	12	54441498	FALSE	0.3851	0.0332	-0.0101	0.0091	134.5460244592829
SBP	AD	all_ivs	rs7306710	rs7306710	12	66376091	FALSE	0.2429	0.0303	-0.0038	0.0083	64.26429870709843
SBP	AD	all_ivs	rs4143175	rs4143175	12	67782397	FALSE	0.2187	0.0352	-0.0134	0.0097	38.60221623192149
SBP	AD	all_ivs	rs7963801	rs7963801	12	79685226	FALSE	0.2362	0.0311	0.0034	0.0085	57.68182711096866
SBP	AD	all_ivs	rs6539467	rs6539467	12	79955306	FALSE	0.265	0.0404	-0.0052	0.0112	43.02580629350065
SBP	AD	all_ivs	rs17249754	rs17249754	12	90060586	FALSE	0.8446	0.0403	0.0124	0.0108	439.23006729922605
SBP	AD	all_ivs	rs10777213	rs10777213	12	90349999	FALSE	0.1786	0.0299	-7e-4	0.0081	35.67964564154764
SBP	AD	all_ivs	rs3184504	rs3184504	12	111884608	FALSE	0.5779	0.0303	-0.0158	0.0081	363.7643477219008
SBP	AD	all_ivs	rs1896326	rs1896326	12	115342956	FALSE	0.2797	0.0371	0.0057	0.01	56.83778089377438
SBP	AD	all_ivs	rs35444	rs35444	12	115552437	FALSE	0.4368	0.031	-2e-4	0.0084	198.53719042663894
SBP	AD	all_ivs	rs6490019	rs6490019	12	115920472	FALSE	0.2897	0.0309	-0.0049	0.0083	87.89821011510143
SBP	AD	all_ivs	rs1169078	rs1169078	12	122416254	FALSE	0.1971	0.0327	0.004	0.0087	36.33103274135174
SBP	AD	all_ivs	rs117206641	rs117206641	12	133086888	FALSE	0.3154	0.0499	-0.0151	0.0132	39.95050622286658
SBP	AD	all_ivs	rs483071	rs483071	13	22294117	FALSE	0.2709	0.0313	0.0055	0.0086	74.90819544958097
SBP	AD	all_ivs	rs9507885	rs9507885	13	27951090	FALSE	0.3208	0.0542	-0.001	0.0147	35.03242058250841
SBP	AD	all_ivs	rs9508495	rs9508495	13	30146201	FALSE	0.3557	0.0353	-0.0029	0.0096	101.53559534223051
SBP	AD	all_ivs	rs2065498	rs2065498	13	41893105	FALSE	0.2934	0.0403	-0.0095	0.0107	53.004180802788014
SBP	AD	all_ivs	rs7491248	rs7491248	13	47180671	FALSE	0.2163	0.0362	-0.0014	0.0098	35.70227557156374
SBP	AD	all_ivs	rs9526707	rs9526707	13	51489186	FALSE	0.2039	0.0323	0.0042	0.0087	39.850099205398294
SBP	AD	all_ivs	rs75961402	rs75961402	13	56398286	FALSE	0.2659	0.0418	-0.011	0.0113	40.46542547102861
SBP	AD	all_ivs	rs17245822	rs17245822	13	73131694	FALSE	0.1899	0.0312	0.0043	0.0085	37.04595044378699
SBP	AD	all_ivs	rs78474310	rs78474310	13	73826901	FALSE	0.4699	0.0734	0.008	0.0203	40.984417806947846
SBP	AD	all_ivs	rs6562778	rs6562778	13	74223828	FALSE	0.178	0.0304	0.0086	0.0082	34.28410664819944
SBP	AD	all_ivs	rs9549627	rs9549627	13	113652369	FALSE	0.2846	0.05	-0.0232	0.013	32.398864
SBP	AD	all_ivs	rs7331680	rs7331680	13	115000650	FALSE	0.4101	0.0423	6e-4	0.0113	93.99371258990998
SBP	AD	all_ivs	rs365990	rs365990	14	23861811	FALSE	0.225	0.0312	0.0018	0.0084	52.006286982248525
SBP	AD	all_ivs	rs8904	rs8904	14	35871217	FALSE	0.3061	0.0314	0.0099	0.0083	95.03145158018582
SBP	AD	all_ivs	rs7493678	rs7493678	14	39400917	FALSE	0.189	0.0316	0.003	0.0086	35.77251241788175
SBP	AD	all_ivs	rs72683923	rs72683923	14	50735947	FALSE	0.9587	0.1101	0.0636	0.0327	75.82122849263446
SBP	AD	all_ivs	rs35413927	rs35413927	14	53420358	FALSE	0.3002	0.0328	-0.0394	0.0088	83.76714009518143
SBP	AD	all_ivs	rs57140819	rs57140819	14	68018247	FALSE	0.2415	0.0398	0.0012	0.0107	36.81867250826999
SBP	AD	all_ivs	rs11847049	rs11847049	14	69259406	FALSE	0.2272	0.0364	-0.0119	0.0098	38.959545948556936
SBP	AD	all_ivs	rs11159091	rs11159091	14	75074316	FALSE	0.1978	0.0303	-0.0015	0.0082	42.615473428530976
SBP	AD	all_ivs	rs7154723	rs7154723	14	98590629	FALSE	0.253	0.0309	-0.0022	0.0083	67.03846838638054
SBP	AD	all_ivs	rs17562391	rs17562391	14	100133250	FALSE	0.1967	0.0306	-0.0067	0.0082	41.32052842923663
SBP	AD	all_ivs	rs75016974	rs75016974	14	100197940	FALSE	0.2513	0.0439	0.0093	0.0119	32.768452841153795
SBP	AD	all_ivs	rs12885878	rs12885878	14	104007555	FALSE	0.2291	0.0367	0.0086	0.0099	38.96889129773032
SBP	AD	all_ivs	rs8030856	rs8030856	15	40314967	FALSE	0.1764	0.031	-0.0016	0.0083	32.37977107180021
SBP	AD	all_ivs	rs28866311	rs28866311	15	41442195	FALSE	0.2762	0.0302	-0.0211	0.0082	83.64374369545195
SBP	AD	all_ivs	rs4775769	rs4775769	15	48939888	FALSE	0.4162	0.0517	-0.0083	0.0139	64.80717126406248
SBP	AD	all_ivs	rs3098186	rs3098186	15	50810621	FALSE	0.2422	0.0303	0.0218	0.0082	63.8944330076572
SBP	AD	all_ivs	rs2652812	rs2652812	15	63406170	FALSE	0.2516	0.0353	-0.0214	0.0094	50.80095338217946
SBP	AD	all_ivs	rs28429256	rs28429256	15	66931617	FALSE	0.215	0.0325	0.0042	0.0089	43.76331360946745
SBP	AD	all_ivs	rs11636952	rs11636952	15	75114322	FALSE	0.5313	0.0328	0.0047	0.0087	262.38073505353947
SBP	AD	all_ivs	rs2627313	rs2627313	15	81006712	FALSE	0.3208	0.0303	4e-4	0.0082	112.09428269559628
SBP	AD	all_ivs	rs2046341	rs2046341	15	86040872	FALSE	0.2542	0.0382	-0.0094	0.0104	44.28170828650531
SBP	AD	all_ivs	rs77032376	rs77032376	15	90010780	FALSE	0.2727	0.043	-0.0013	0.0115	40.21919415900487
SBP	AD	all_ivs	rs4932373	rs4932373	15	91429287	FALSE	0.635	0.0328	-0.0258	0.0087	374.80015615704934
SBP	AD	all_ivs	rs12906962	rs12906962	15	95312071	FALSE	0.2653	0.0325	-0.012	0.0087	66.63582485207098
SBP	AD	all_ivs	rs2589218	rs2589218	15	96785017	FALSE	0.2258	0.0339	0.0051	0.0093	44.36581651743372
SBP	AD	all_ivs	rs4606697	rs4606697	15	100087596	FALSE	0.3196	0.0523	-0.0036	0.0141	37.34308245195208
SBP	AD	all_ivs	rs11641374	rs11641374	16	1347717	FALSE	0.1943	0.0309	0.0074	0.0084	39.5392695929033
SBP	AD	all_ivs	rs12596630	rs12596630	16	2065666	FALSE	0.4278	0.0547	-0.0016	0.0146	61.165553175205304
SBP	AD	all_ivs	rs72778133	rs72778133	16	3578718	FALSE	0.2417	0.0443	-0.0127	0.012	29.767738943892706
SBP	AD	all_ivs	rs111929315	rs111929315	16	4136871	FALSE	0.3146	0.0485	-0.0023	0.0128	42.07595281113827
SBP	AD	all_ivs	rs12446456	rs12446456	16	4922201	FALSE	0.3003	0.0302	0.0051	0.0082	98.8773409061006
SBP	AD	all_ivs	rs77924615	rs77924615	16	20392332	FALSE	0.4081	0.039	-0.0183	0.0105	109.49744247205786
SBP	AD	all_ivs	rs7186298	rs7186298	16	21088031	FALSE	0.2315	0.0302	-0.0142	0.0082	58.76085478707074
SBP	AD	all_ivs	rs8044992	rs8044992	16	24811207	FALSE	0.2138	0.0331	9e-4	0.0089	41.7214519765245
SBP	AD	all_ivs	rs34941092	rs34941092	16	50550137	FALSE	0.3225	0.0425	-0.0034	0.0116	57.58131487889273
SBP	AD	all_ivs	rs4784541	rs4784541	16	51704452	FALSE	0.2015	0.0307	-0.0013	0.0083	43.079767424588056
SBP	AD	all_ivs	rs2060664	rs2060664	16	60652439	FALSE	0.216	0.0345	0.0095	0.0094	39.1984877126654
SBP	AD	all_ivs	rs146550789	rs146550789	16	66781040	FALSE	0.4824	0.0778	-0.0448	0.0202	38.44637558567549
SBP	AD	all_ivs	rs62047964	rs62047964	16	70729954	FALSE	0.5115	0.0686	-0.0141	0.0189	55.595935792059436
SBP	AD	all_ivs	rs12103229	rs12103229	16	74167594	FALSE	0.1791	0.0301	0.0097	0.0082	35.40447677177957
SBP	AD	all_ivs	rs4888408	rs4888408	16	75432824	FALSE	0.3653	0.0307	0.0159	0.0083	141.58674362592708
SBP	AD	all_ivs	rs12926550	rs12926550	16	81510155	FALSE	0.2548	0.0324	0.0054	0.0087	61.84560280445056
SBP	AD	all_ivs	rs3950627	rs3950627	16	86436343	FALSE	0.1851	0.0308	0.0058	0.0083	36.11697798954292
SBP	AD	all_ivs	rs6540119	rs6540119	16	87984477	FALSE	0.2016	0.0322	-0.0029	0.0088	39.19848771266541
SBP	AD	all_ivs	rs908951	rs908951	16	89697625	FALSE	0.2261	0.0315	-0.0195	0.0083	51.520493827160486
SBP	AD	all_ivs	rs9303175	rs9303175	17	1372987	FALSE	0.2048	0.0327	0.0049	0.0087	39.22513069419895
SBP	AD	all_ivs	rs11653927	rs11653927	17	2012094	FALSE	0.2796	0.0308	0.017	0.0083	82.4086692528251
SBP	AD	all_ivs	rs113086489	rs113086489	17	7171356	FALSE	0.3249	0.0307	-0.031	0.0083	112.00119895171301
SBP	AD	all_ivs	rs4511593	rs4511593	17	7455536	FALSE	0.2881	0.0318	5e-4	0.0085	82.07904157272259
SBP	AD	all_ivs	rs117285318	rs117285318	17	7870642	FALSE	0.4413	0.0589	-0.0375	0.0163	56.135457351961975
SBP	AD	all_ivs	rs4925159	rs4925159	17	18185510	FALSE	0.2174	0.0305	9e-4	0.0082	50.806514377855414
SBP	AD	all_ivs	rs7218708	rs7218708	17	19926836	FALSE	0.1781	0.0303	-9e-4	0.0081	34.54956485747585
SBP	AD	all_ivs	rs1551355	rs1551355	17	30032420	FALSE	0.2098	0.0356	-0.0184	0.0096	34.730494887009215
SBP	AD	all_ivs	rs9899540	rs9899540	17	30777924	FALSE	0.2011	0.0316	0.0222	0.0084	40.499529322224
SBP	AD	all_ivs	rs7213273	rs7213273	17	43155914	FALSE	0.4	0.0315	-0.009	0.0085	161.2496850592089
SBP	AD	all_ivs	rs17608766	rs17608766	17	45013271	FALSE	0.6903	0.0433	-0.0368	0.0118	254.1557584711637
SBP	AD	all_ivs	rs3764400	rs3764400	17	46123932	FALSE	0.3748	0.0445	-0.0161	0.012	70.93803307663175
SBP	AD	all_ivs	rs9897429	rs9897429	17	47518378	FALSE	0.2645	0.0319	0.0231	0.0084	68.74957007104886
SBP	AD	all_ivs	rs1000423	rs1000423	17	59475642	FALSE	0.4138	0.0346	-0.004	0.0091	143.03053894216313
SBP	AD	all_ivs	rs56288724	rs56288724	17	60767135	FALSE	0.2178	0.031	-0.0028	0.0083	49.36195629552549
SBP	AD	all_ivs	rs62076622	rs62076622	17	61090958	FALSE	0.2363	0.0377	-0.0225	0.0103	39.286626937500444
SBP	AD	all_ivs	rs6504213	rs6504213	17	62381714	FALSE	0.2982	0.0312	-0.005	0.0084	91.34948224852073
SBP	AD	all_ivs	rs1436138	rs1436138	17	75316880	FALSE	0.3119	0.0315	-0.0166	0.0085	98.0414310909549
SBP	AD	all_ivs	rs9302885	rs9302885	17	76799898	FALSE	0.2242	0.0302	-0.0048	0.0082	55.11341607824219
SBP	AD	all_ivs	rs34413141	rs34413141	18	777282	FALSE	0.3531	0.0393	0.0058	0.0108	80.72542392634463
SBP	AD	all_ivs	rs62082230	rs62082230	18	22676071	FALSE	0.1884	0.0345	-0.0063	0.0093	29.821096408317576
SBP	AD	all_ivs	rs1154214	rs1154214	18	24546824	FALSE	0.2031	0.0306	0.0067	0.0083	44.053152633602465
SBP	AD	all_ivs	rs56407827	rs56407827	18	42179819	FALSE	0.3603	0.034	2e-4	0.0092	112.29765570934254
SBP	AD	all_ivs	rs11874246	rs11874246	18	42596789	FALSE	0.2856	0.0328	-0.005	0.009	75.81737061273051
SBP	AD	all_ivs	rs7245140	rs7245140	18	43095231	FALSE	0.3367	0.0391	0.0089	0.0104	74.15368162165343
SBP	AD	all_ivs	rs1437649	rs1437649	18	48132646	FALSE	0.2189	0.0357	-0.005	0.0096	37.597164355938446
SBP	AD	all_ivs	rs665445	rs665445	18	51842682	FALSE	0.1909	0.0334	-0.006	0.009	32.667727419412664
SBP	AD	all_ivs	rs10460108	rs10460108	18	73034151	FALSE	0.2141	0.0301	-7e-4	0.0082	50.5941545899052
SBP	AD	all_ivs	rs698748	rs698748	19	1424888	FALSE	0.1871	0.0325	-0.0088	0.0094	33.14216331360946
SBP	AD	all_ivs	rs149339216	rs149339216	19	2144046	FALSE	0.6912	0.0779	0.0492	0.0217	78.7286027147144
SBP	AD	all_ivs	rs68096471	rs68096471	19	5175709	FALSE	0.2098	0.0343	-0.0035	0.01	37.4130166852247
SBP	AD	all_ivs	rs12985940	rs12985940	19	7262734	FALSE	0.4642	0.0434	-0.0035	0.012	114.40126144110089
SBP	AD	all_ivs	rs167479	rs167479	19	11526765	FALSE	0.5642	0.0327	-0.0017	0.0094	297.6943953464449
SBP	AD	all_ivs	rs1077795	rs1077795	19	17222584	FALSE	0.2507	0.0344	0.0053	0.01	53.11189325310978
SBP	AD	all_ivs	rs62112908	rs62112908	19	22213956	FALSE	0.2388	0.0419	-0.0078	0.0121	32.481838221472884
SBP	AD	all_ivs	rs28572357	rs28572357	19	31867447	FALSE	0.2733	0.0308	0.0033	0.009	78.73681270028669
SBP	AD	all_ivs	rs1433121	rs1433121	19	32591878	FALSE	0.228	0.0326	-0.0036	0.0095	48.91414806729648
SBP	AD	all_ivs	rs33836	rs33836	19	34008600	FALSE	0.1766	0.0304	-0.0058	0.0088	33.74692693905817
SBP	AD	all_ivs	rs10420519	rs10420519	19	45298461	TRUE	0.4921	0.0887	0.2993	0.0265	30.77935327904378
SBP	AD	all_ivs	rs7255933	rs7255933	19	45766729	TRUE	0.2306	0.0345	-0.0422	0.0101	44.67663095988237
SBP	AD	all_ivs	rs11672660	rs11672660	19	46180184	FALSE	0.2212	0.0381	0.0234	0.0107	33.707014969585494
SBP	AD	all_ivs	rs571689	rs571689	19	49207554	FALSE	0.228	0.0304	0.0124	0.0087	56.25
SBP	AD	all_ivs	rs73046792	rs73046792	19	49605705	FALSE	0.3554	0.0426	0.0208	0.0124	69.60102713306443
SBP	AD	all_ivs	rs6054139	rs6054139	20	6327810	FALSE	0.2094	0.0306	-0.0111	0.0084	46.82852748942715
SBP	AD	all_ivs	rs2423514	rs2423514	20	10693337	FALSE	0.3011	0.0302	-0.0026	0.0082	99.4048616288759
SBP	AD	all_ivs	rs6108787	rs6108787	20	10967214	FALSE	0.4274	0.03	-0.0058	0.0081	202.96751111111115
SBP	AD	all_ivs	rs6078093	rs6078093	20	11168669	FALSE	0.1849	0.0304	-0.0095	0.0084	36.99360500346261
SBP	AD	all_ivs	rs8125763	rs8125763	20	17883531	FALSE	0.1761	0.0301	0.0094	0.0082	34.22833081312569
SBP	AD	all_ivs	rs17812022	rs17812022	20	19007099	FALSE	0.3613	0.0525	-0.0151	0.0136	47.36061315192744
SBP	AD	all_ivs	rs6058088	rs6058088	20	30139886	FALSE	0.2832	0.0417	0.0142	0.0111	46.12266445836137
SBP	AD	all_ivs	rs79384779	rs79384779	20	31214944	FALSE	0.3179	0.0428	-0.0099	0.0118	55.16879749323086
SBP	AD	all_ivs	rs6029756	rs6029756	20	40266681	FALSE	0.2712	0.033	-0.0071	0.0087	67.53851239669419
SBP	AD	all_ivs	rs6031431	rs6031431	20	42795152	FALSE	0.2617	0.0304	-3e-4	0.0082	74.10717841066482
SBP	AD	all_ivs	rs2598	rs2598	20	47241618	FALSE	0.168	0.0303	0.001	0.0082	30.742084109401045
SBP	AD	all_ivs	rs6090907	rs6090907	20	47410231	FALSE	0.3854	0.0425	-0.0096	0.0115	82.23289134948097
SBP	AD	all_ivs	rs234623	rs234623	20	57488964	FALSE	0.1804	0.0302	-0.0132	0.0082	35.68282092890662
SBP	AD	all_ivs	rs6026744	rs6026744	20	57742388	FALSE	0.7131	0.0461	0.02	0.0125	239.27593508406224
SBP	AD	all_ivs	rs28374392	rs28374392	20	61189717	FALSE	0.1924	0.0338	0.0086	0.0086	32.40236686390533
SBP	AD	all_ivs	rs6062324	rs6062324	20	62446351	FALSE	0.3294	0.0363	-0.0018	0.0095	82.34437538419509
SBP	AD	all_ivs	rs2776037	rs2776037	21	16317933	FALSE	0.1851	0.0309	-0.0069	0.0084	35.883589405221976
SBP	AD	all_ivs	rs1882961	rs1882961	21	16556367	FALSE	0.2443	0.0326	0.0027	0.0089	56.15801309797133
SBP	AD	all_ivs	rs2833834	rs2833834	21	33814378	FALSE	0.2177	0.0338	9e-4	0.0092	41.484270508735705
SBP	AD	all_ivs	rs12627651	rs12627651	21	44760603	FALSE	0.3498	0.0341	0.0025	0.0091	105.22788761706555
SBP	AD	all_ivs	rs34487963	rs34487963	21	44838330	FALSE	0.8819	0.1244	-0.0511	0.0344	50.25715783025403
SBP	AD	all_ivs	rs7278003	rs7278003	21	44966069	FALSE	0.1876	0.0304	-0.0087	0.0085	38.081890581717445
SBP	AD	all_ivs	rs2238787	rs2238787	22	19976406	FALSE	0.2552	0.0332	0.0029	0.009	59.08607925678618
SBP	AD	all_ivs	rs4823007	rs4823007	22	29452278	FALSE	0.2205	0.0301	0.0053	0.0081	53.664142779881026
SBP	AD	all_ivs	rs2240365	rs2240365	22	30188741	FALSE	0.4187	0.069	0.0031	0.0178	36.82203108590632
SBP	AD	all_ivs	rs8142376	rs8142376	22	32001037	FALSE	0.1676	0.03	0.0084	0.0081	31.210844444444447
SBP	AD	all_ivs	rs148140538	rs148140538	22	50228044	FALSE	0.3252	0.0562	0.0244	0.0148	33.4833145476881
SBP	AD	all_ivs	rs28578714	rs28578714	22	50727921	FALSE	0.2066	0.0327	0.0071	0.0084	39.91766499265868
SBP	AD	apoe_excluded	rs2072927	rs2072927	1	1684800	FALSE	0.3378	0.0314	0.0053	0.0084	115.7337417339446
SBP	AD	apoe_excluded	rs263532	rs263532	1	2164116	FALSE	0.1798	0.0307	3e-4	0.0083	34.30067162516312
SBP	AD	apoe_excluded	rs2493296	rs2493296	1	3327032	FALSE	0.4183	0.0442	0.0141	0.0115	89.56352756905059
SBP	AD	apoe_excluded	rs2232460	rs2232460	1	6659505	FALSE	0.2171	0.032	-0.0298	0.0086	46.027744140624996
SBP	AD	apoe_excluded	rs488834	rs488834	1	10767902	FALSE	0.3799	0.0365	-0.0109	0.0096	108.33102645899797
SBP	AD	apoe_excluded	rs6699618	rs6699618	1	11881441	FALSE	0.9115	0.041	-0.019	0.0113	494.2488102320047
SBP	AD	apoe_excluded	rs75461554	rs75461554	1	15810172	FALSE	0.3016	0.0377	2e-4	0.0101	64
SBP	AD	apoe_excluded	rs1889785	rs1889785	1	16348729	FALSE	0.1782	0.0304	-0.0043	0.0081	34.36119286703601
SBP	AD	apoe_excluded	rs404100	rs404100	1	25366987	FALSE	0.1935	0.0303	-7e-4	0.0082	40.78276639545143
SBP	AD	apoe_excluded	rs34079867	rs34079867	1	27407850	FALSE	0.1992	0.0354	-0.0069	0.0095	31.66446423441539
SBP	AD	apoe_excluded	rs4908348	rs4908348	1	28706949	FALSE	0.2366	0.033	0.0205	0.0088	51.40455463728191
SBP	AD	apoe_excluded	rs11210029	rs11210029	1	41865293	FALSE	0.203	0.0313	0.0057	0.0084	42.06330573957068
SBP	AD	apoe_excluded	rs1408945	rs1408945	1	42364877	FALSE	0.3196	0.0304	-0.0174	0.0082	110.5264889196676
SBP	AD	apoe_excluded	rs1209384	rs1209384	1	43765089	FALSE	0.2558	0.0313	0.0068	0.0084	66.79014790392881
SBP	AD	apoe_excluded	rs778124	rs778124	1	56606206	FALSE	0.2965	0.0311	-0.0105	0.0084	90.89261897623061
SBP	AD	apoe_excluded	rs61772592	rs61772592	1	56979681	FALSE	0.3181	0.0455	0.0092	0.0121	48.87700036227509
SBP	AD	apoe_excluded	rs12063372	rs12063372	1	59621911	FALSE	0.1989	0.0318	0.0079	0.0085	39.12148451406194
SBP	AD	apoe_excluded	rs12136922	rs12136922	1	67007389	FALSE	0.2027	0.0304	0.0028	0.0081	44.459065529778385
SBP	AD	apoe_excluded	rs658780	rs658780	1	78555928	FALSE	0.2028	0.0347	0.0051	0.0093	34.15678230032639
SBP	AD	apoe_excluded	rs786923	rs786923	1	89242954	FALSE	0.3082	0.031	-0.0063	0.0084	98.84208116545264
SBP	AD	apoe_excluded	rs7514579	rs7514579	1	94051350	FALSE	0.2243	0.0361	-0.0207	0.0097	38.60505214048388
SBP	AD	apoe_excluded	rs10776752	rs10776752	1	113044328	FALSE	0.8211	0.0576	0.0183	0.0159	203.21096462673611
SBP	AD	apoe_excluded	rs59980837	rs59980837	1	115827266	FALSE	1.0997	0.1163	0.0237	0.0316	89.41060234265312
SBP	AD	apoe_excluded	rs11204684	rs11204684	1	150608894	FALSE	0.1716	0.0305	-0.0069	0.0081	31.65445847890352
SBP	AD	apoe_excluded	rs76719272	rs76719272	1	156129796	FALSE	0.2738	0.0461	0.0045	0.0126	35.27483872182042
SBP	AD	apoe_excluded	rs12731646	rs12731646	1	169090660	FALSE	0.189	0.0307	-0.0183	0.0083	37.90066738108627
SBP	AD	apoe_excluded	rs1043069	rs1043069	1	180859368	FALSE	0.234	0.0311	-0.0041	0.0085	56.61231790407461
SBP	AD	apoe_excluded	rs4651224	rs4651224	1	184585182	FALSE	0.1986	0.0306	0.0032	0.0082	42.122645136485964
SBP	AD	apoe_excluded	rs12042924	rs12042924	1	197297417	FALSE	0.1807	0.0303	0.0225	0.0082	35.565674389221094
SBP	AD	apoe_excluded	rs11120093	rs11120093	1	207211326	FALSE	0.1792	0.0307	-0.0079	0.0083	34.072128086239644
SBP	AD	apoe_excluded	rs2724377	rs2724377	1	207974818	FALSE	0.1938	0.0301	-0.0216	0.0081	41.45477422986502
SBP	AD	apoe_excluded	rs7555285	rs7555285	1	209970355	FALSE	0.2294	0.0376	0.0015	0.0102	37.222979855138064
SBP	AD	apoe_excluded	rs68085857	rs68085857	1	217737629	FALSE	0.274	0.0357	-0.0042	0.0096	58.90669993487592
SBP	AD	apoe_excluded	rs4595370	rs4595370	1	221298122	FALSE	0.2092	0.0328	-0.0177	0.0089	40.67950624628196
SBP	AD	apoe_excluded	rs1745417	rs1745417	1	228204279	FALSE	0.2871	0.0301	0.0057	0.0081	90.97737331817534
SBP	AD	apoe_excluded	rs699	rs699	1	230845794	FALSE	0.3748	0.0308	-0.0029	0.0082	148.08045201551695
SBP	AD	apoe_excluded	rs1565440	rs1565440	1	243387788	FALSE	0.1746	0.0311	-0.0018	0.0085	31.518656754996332
SBP	AD	apoe_excluded	rs4926499	rs4926499	1	249155909	FALSE	0.2965	0.0438	0.0213	0.0118	45.82486290944726
SBP	AD	apoe_excluded	rs17760259	rs17760259	2	19744462	FALSE	0.2654	0.0304	-0.0018	0.0082	76.21749480609421
SBP	AD	apoe_excluded	rs2384063	rs2384063	2	25187115	FALSE	0.3266	0.0357	0.0222	0.0098	83.69430909618748
SBP	AD	apoe_excluded	rs1275988	rs1275988	2	26914364	FALSE	0.541	0.0308	0.0054	0.0085	308.52694383538545
SBP	AD	apoe_excluded	rs13420463	rs13420463	2	37517566	FALSE	0.3143	0.036	-0.0362	0.0096	76.22260030864199
SBP	AD	apoe_excluded	rs4952609	rs4952609	2	40555733	FALSE	0.2124	0.0347	-0.0295	0.0092	37.46709963540931
SBP	AD	apoe_excluded	rs115262049	rs115262049	2	43196694	FALSE	0.5893	0.0552	-0.0055	0.0147	113.97109653959254
SBP	AD	apoe_excluded	rs12464602	rs12464602	2	43397614	FALSE	0.2437	0.0315	-0.0112	0.0086	59.85355505165029
SBP	AD	apoe_excluded	rs13016772	rs13016772	2	55779476	FALSE	0.2522	0.0355	0.0019	0.0097	50.47001785360048
SBP	AD	apoe_excluded	rs2249105	rs2249105	2	65287896	FALSE	0.2927	0.0313	-0.0072	0.0084	87.44938705100594
SBP	AD	apoe_excluded	rs10188003	rs10188003	2	66773469	FALSE	0.1883	0.0307	0.0102	0.0083	37.6204415961973
SBP	AD	apoe_excluded	rs6731373	rs6731373	2	68503044	FALSE	0.1913	0.0326	-0.0086	0.0087	34.43457600963529
SBP	AD	apoe_excluded	rs6732123	rs6732123	2	69534650	FALSE	0.1737	0.0307	-0.0212	0.0082	32.01274284077284
SBP	AD	apoe_excluded	rs4577304	rs4577304	2	73403040	FALSE	0.1767	0.0302	-0.0015	0.0082	34.234123503355114
SBP	AD	apoe_excluded	rs72847885	rs72847885	2	86326717	FALSE	0.2413	0.0318	0.011	0.0086	57.578507574858584
SBP	AD	apoe_excluded	rs10207726	rs10207726	2	112744260	FALSE	0.2142	0.033	-0.018	0.009	42.13190082644627
SBP	AD	apoe_excluded	rs6737318	rs6737318	2	114083120	FALSE	0.2348	0.0364	0.0025	0.0099	41.60958821398382
SBP	AD	apoe_excluded	rs2580350	rs2580350	2	121996007	FALSE	0.1769	0.0307	0.0039	0.0083	33.20312151853069
SBP	AD	apoe_excluded	rs17257081	rs17257081	2	135630498	FALSE	0.2274	0.0392	-0.0314	0.01	33.651837775926694
SBP	AD	apoe_excluded	rs55944332	rs55944332	2	145726621	FALSE	0.2613	0.0355	-0.003	0.0098	54.17789327514382
SBP	AD	apoe_excluded	rs62170470	rs62170470	2	146989797	FALSE	0.1972	0.0321	-0.008	0.0084	37.74016168321348
SBP	AD	apoe_excluded	rs55732192	rs55732192	2	162278233	FALSE	0.3358	0.0521	-0.0444	0.0137	41.54185992536131
SBP	AD	apoe_excluded	rs268263	rs268263	2	164954174	FALSE	0.5938	0.0353	-0.0117	0.0093	282.96386296334936
SBP	AD	apoe_excluded	rs10048760	rs10048760	2	174977976	FALSE	0.1862	0.0301	0.0028	0.0082	38.2671714440238
SBP	AD	apoe_excluded	rs71421551	rs71421551	2	177053298	FALSE	0.2374	0.0333	0.0175	0.0089	50.824482139797446
SBP	AD	apoe_excluded	rs4893914	rs4893914	2	177539076	FALSE	0.1736	0.0304	-0.0152	0.0083	32.6101108033241
SBP	AD	apoe_excluded	rs4894132	rs4894132	2	180738654	FALSE	0.2469	0.0342	0.0074	0.0092	52.118267159125885
SBP	AD	apoe_excluded	rs12473915	rs12473915	2	182987704	FALSE	0.295	0.0375	-0.0067	0.0101	61.88444444444444
SBP	AD	apoe_excluded	rs13412750	rs13412750	2	191634958	FALSE	0.2889	0.0341	-0.0117	0.0093	71.77716909899297
SBP	AD	apoe_excluded	rs2043444	rs2043444	2	204143126	FALSE	0.2435	0.031	-0.02	0.0083	61.698491155046824
SBP	AD	apoe_excluded	rs4675682	rs4675682	2	208402750	FALSE	0.2837	0.0303	-0.0011	0.0081	87.66644882310013
SBP	AD	apoe_excluded	rs2161967	rs2161967	2	218680529	FALSE	0.2836	0.0307	-0.0058	0.0082	85.33667200713006
SBP	AD	apoe_excluded	rs10804330	rs10804330	2	227185749	FALSE	0.2351	0.0306	-9e-4	0.0082	59.02858943141527
SBP	AD	apoe_excluded	rs1044822	rs1044822	2	230629138	FALSE	0.248	0.0424	-0.0138	0.0117	34.21146315414738
SBP	AD	apoe_excluded	rs3754944	rs3754944	2	231279616	FALSE	0.1768	0.0308	-0.0119	0.0082	32.95058188564683
SBP	AD	apoe_excluded	rs139354822	rs139354822	2	242344695	FALSE	0.6115	0.0975	-0.0476	0.0248	39.33541091387245
SBP	AD	apoe_excluded	rs9848170	rs9848170	3	11495983	FALSE	0.3231	0.0307	0.0013	0.0083	110.76362613926936
SBP	AD	apoe_excluded	rs11925504	rs11925504	3	14943965	FALSE	0.2901	0.0305	-0.0123	0.0083	90.46816447191617
SBP	AD	apoe_excluded	rs189267552	rs189267552	3	20073193	FALSE	0.8664	0.139	0.0398	0.0356	38.85145489363904
SBP	AD	apoe_excluded	rs2643826	rs2643826	3	27562988	FALSE	0.4473	0.0306	0.013	0.0082	213.67560553633217
SBP	AD	apoe_excluded	rs68115553	rs68115553	3	27704702	FALSE	0.6445	0.1143	0.0185	0.0322	31.79460124352347
SBP	AD	apoe_excluded	rs743395	rs743395	3	37598382	FALSE	0.2597	0.0317	0.0134	0.0084	67.11589328185174
SBP	AD	apoe_excluded	rs6788984	rs6788984	3	41107173	FALSE	0.2999	0.0432	3e-4	0.0114	48.19316379458161
SBP	AD	apoe_excluded	rs1052501	rs1052501	3	41925398	FALSE	0.2262	0.0412	-0.0058	0.0107	30.143298143086064
SBP	AD	apoe_excluded	rs6771917	rs6771917	3	48108442	FALSE	0.3793	0.0355	-0.0091	0.0094	114.15869073596514
SBP	AD	apoe_excluded	rs7615099	rs7615099	3	53143901	FALSE	0.1891	0.0321	5e-4	0.0087	34.70347725662601
SBP	AD	apoe_excluded	rs6445583	rs6445583	3	53562894	FALSE	0.2774	0.0349	-0.0129	0.0094	63.17744517696899
SBP	AD	apoe_excluded	rs3772219	rs3772219	3	56771251	FALSE	0.2733	0.0324	-0.02	0.0088	71.15234910836763
SBP	AD	apoe_excluded	rs7618284	rs7618284	3	66422246	FALSE	0.1891	0.0331	0.0202	0.0088	32.63826544116976
SBP	AD	apoe_excluded	rs4499560	rs4499560	3	70920485	FALSE	0.2199	0.0326	0.0254	0.0087	45.500404606872685
SBP	AD	apoe_excluded	rs1375564	rs1375564	3	85656311	FALSE	0.2579	0.0315	0.0032	0.0085	67.0319072814311
SBP	AD	apoe_excluded	rs12637573	rs12637573	3	121682388	FALSE	0.1731	0.0302	-0.0037	0.0081	32.853394587956664
SBP	AD	apoe_excluded	rs6438857	rs6438857	3	124557643	FALSE	0.2736	0.0305	0.0101	0.0082	80.46972319269014
SBP	AD	apoe_excluded	rs9880098	rs9880098	3	133949366	FALSE	0.3081	0.0308	-0.0044	0.0083	100.0649456063417
SBP	AD	apoe_excluded	rs1199330	rs1199330	3	138101529	FALSE	0.2654	0.047	-0.0066	0.0128	31.88644635581712
SBP	AD	apoe_excluded	rs9876694	rs9876694	3	141152017	FALSE	0.4713	0.0651	-0.0162	0.0173	52.41226188706491
SBP	AD	apoe_excluded	rs4408839	rs4408839	3	153729768	FALSE	0.2301	0.0345	-0.0128	0.0094	44.48310018903591
SBP	AD	apoe_excluded	rs79539362	rs79539362	3	154680449	FALSE	0.4003	0.0504	0.032	0.014	63.082675894431844
SBP	AD	apoe_excluded	rs17684859	rs17684859	3	158213841	FALSE	0.2241	0.034	0.0082	0.0092	43.44360726643598
SBP	AD	apoe_excluded	rs3980686	rs3980686	3	168697602	FALSE	0.4998	0.0487	-9e-4	0.0128	105.32575505230449
SBP	AD	apoe_excluded	rs1290784	rs1290784	3	169096900	FALSE	0.4124	0.0303	-0.0057	0.0081	185.24737226197865
SBP	AD	apoe_excluded	rs2111557	rs2111557	3	169325621	FALSE	0.1764	0.0302	-0.0078	0.0081	34.117977281698174
SBP	AD	apoe_excluded	rs4955575	rs4955575	3	169534538	FALSE	0.2158	0.0348	-0.0204	0.0094	38.454254194741715
SBP	AD	apoe_excluded	rs262986	rs262986	3	183435713	FALSE	0.2371	0.0305	0.0018	0.0082	60.43150765923139
SBP	AD	apoe_excluded	rs13091418	rs13091418	3	185329756	FALSE	0.2234	0.0325	-0.0112	0.0086	47.24976094674555
SBP	AD	apoe_excluded	rs9869437	rs9869437	3	196228360	FALSE	0.2001	0.0318	0.0158	0.0086	39.59496262014951
SBP	AD	apoe_excluded	rs34535756	rs34535756	4	2246927	FALSE	0.478	0.0786	-0.0441	0.0203	36.983729256906805
SBP	AD	apoe_excluded	rs1290933	rs1290933	4	2668217	FALSE	0.2847	0.0327	-0.0116	0.0088	75.80178436158573
SBP	AD	apoe_excluded	rs2498323	rs2498323	4	3451109	FALSE	0.3171	0.0517	-0.0032	0.0133	37.61935956960443
SBP	AD	apoe_excluded	rs2610990	rs2610990	4	18008232	FALSE	0.2903	0.0343	0.0345	0.0093	71.63179457538953
SBP	AD	apoe_excluded	rs55924432	rs55924432	4	26812737	FALSE	0.2651	0.0317	-0.0152	0.0084	69.93602284827196
SBP	AD	apoe_excluded	rs2291434	rs2291434	4	38387244	FALSE	0.2622	0.0303	0.0082	0.0081	74.8824625036761
SBP	AD	apoe_excluded	rs12511987	rs12511987	4	46595623	FALSE	0.2329	0.0399	0.0013	0.0108	34.07165155997764
SBP	AD	apoe_excluded	rs62309747	rs62309747	4	48713862	FALSE	0.2244	0.0304	-0.0152	0.0081	54.48770775623267
SBP	AD	apoe_excluded	rs60991988	rs60991988	4	54801228	FALSE	0.3789	0.0498	0.004	0.013	57.88826389896938
SBP	AD	apoe_excluded	rs13107261	rs13107261	4	63768826	FALSE	0.1778	0.0314	0.0096	0.0084	32.063004584364485
SBP	AD	apoe_excluded	rs5020545	rs5020545	4	77414988	FALSE	0.2179	0.0305	-0.0137	0.0082	51.04048374092987
SBP	AD	apoe_excluded	rs12509595	rs12509595	4	81182554	FALSE	0.8367	0.0334	-0.0061	0.009	627.5475008067698
SBP	AD	apoe_excluded	rs6823199	rs6823199	4	83925895	FALSE	0.2094	0.0348	0.0026	0.0096	36.20719381688467
SBP	AD	apoe_excluded	rs17010957	rs17010957	4	86719165	FALSE	0.534	0.043	-0.0014	0.0116	154.22174148188216
SBP	AD	apoe_excluded	rs13149209	rs13149209	4	89750668	FALSE	0.281	0.0367	0.0072	0.0097	58.62468353020662
SBP	AD	apoe_excluded	rs13107325	rs13107325	4	103188709	FALSE	0.9086	0.0592	-0.0455	0.016	235.56027437910882
SBP	AD	apoe_excluded	rs11097909	rs11097909	4	106911321	FALSE	0.3628	0.043	0.0167	0.0113	71.18650081124935
SBP	AD	apoe_excluded	rs1493132	rs1493132	4	108861082	FALSE	0.1766	0.0318	0.0032	0.0086	30.840908191922786
SBP	AD	apoe_excluded	rs1814951	rs1814951	4	111408718	FALSE	0.3231	0.0466	-0.0076	0.0125	48.073094917939166
SBP	AD	apoe_excluded	rs2389873	rs2389873	4	120554714	FALSE	0.1972	0.0303	0.005	0.0081	42.35732880218714
SBP	AD	apoe_excluded	rs7439567	rs7439567	4	138464842	FALSE	0.2537	0.0309	-0.0053	0.0083	67.40994543417014
SBP	AD	apoe_excluded	rs72719160	rs72719160	4	144051276	FALSE	0.2243	0.0324	0.0161	0.0087	47.92570682822741
SBP	AD	apoe_excluded	rs2353940	rs2353940	4	145740898	FALSE	0.2075	0.0358	-0.0037	0.0095	33.59465216441434
SBP	AD	apoe_excluded	rs73855810	rs73855810	4	148383424	FALSE	0.2732	0.0434	0.0045	0.0118	39.62615472828048
SBP	AD	apoe_excluded	rs7683728	rs7683728	4	156402654	FALSE	0.3654	0.0304	-0.0181	0.0082	144.47407375346262
SBP	AD	apoe_excluded	rs12643599	rs12643599	4	156639846	FALSE	0.3134	0.0313	-0.0046	0.0084	100.2557543712807
SBP	AD	apoe_excluded	rs17035181	rs17035181	4	157678511	FALSE	0.3074	0.0429	0.0128	0.0115	51.344406952798565
SBP	AD	apoe_excluded	rs869396	rs869396	4	169688000	FALSE	0.2115	0.0305	0.0071	0.0083	48.086267132491265
SBP	AD	apoe_excluded	rs4957026	rs4957026	5	361148	FALSE	0.1982	0.0323	-0.0019	0.0086	37.65323160386852
SBP	AD	apoe_excluded	rs10069690	rs10069690	5	1279790	FALSE	0.3098	0.0369	-0.0088	0.0093	70.48717327281675
SBP	AD	apoe_excluded	rs7725413	rs7725413	5	15695987	FALSE	0.1985	0.0359	0.0043	0.0098	30.57258245978849
SBP	AD	apoe_excluded	rs12656497	rs12656497	5	32831939	FALSE	0.6382	0.0307	-0.0013	0.0083	432.1523199185136
SBP	AD	apoe_excluded	rs10941043	rs10941043	5	33194751	FALSE	0.2585	0.0332	-0.0103	0.009	60.62404739439687
SBP	AD	apoe_excluded	rs2113077	rs2113077	5	50799442	FALSE	0.2097	0.0305	0.0027	0.0082	47.27126041386724
SBP	AD	apoe_excluded	rs1694068	rs1694068	5	53283630	FALSE	0.2657	0.0311	0.0022	0.0084	72.98982640791556
SBP	AD	apoe_excluded	rs10043077	rs10043077	5	55692939	FALSE	0.1931	0.0324	0.0169	0.0087	35.52012841030331
SBP	AD	apoe_excluded	rs34496659	rs34496659	5	61798934	FALSE	0.4545	0.0616	0.0049	0.0167	54.43852515179625
SBP	AD	apoe_excluded	rs6870654	rs6870654	5	63831964	FALSE	0.2136	0.0347	0.0038	0.0093	37.891652617329264
SBP	AD	apoe_excluded	rs4286632	rs4286632	5	66291370	FALSE	0.211	0.0343	0.007	0.0093	37.842225603277555
SBP	AD	apoe_excluded	rs7703560	rs7703560	5	67678506	FALSE	0.2246	0.0333	0.0036	0.0088	45.49158167176184
SBP	AD	apoe_excluded	rs246973	rs246973	5	68007803	FALSE	0.2479	0.0335	-0.0054	0.0091	54.75999999999999
SBP	AD	apoe_excluded	rs6452769	rs6452769	5	87389027	FALSE	0.3143	0.0377	-0.023	0.01	69.5034018391743
SBP	AD	apoe_excluded	rs76443575	rs76443575	5	96211594	FALSE	0.5233	0.0816	0.0118	0.0215	41.126443254998065
SBP	AD	apoe_excluded	rs1871190	rs1871190	5	97953719	FALSE	0.1954	0.0324	0.0023	0.0087	36.37132296905959
SBP	AD	apoe_excluded	rs11241313	rs11241313	5	114428167	FALSE	0.2071	0.0326	0.0059	0.0088	40.35756897135761
SBP	AD	apoe_excluded	rs1624823	rs1624823	5	122475438	FALSE	0.3371	0.0313	0.015	0.0083	115.99221182210698
SBP	AD	apoe_excluded	rs9327297	rs9327297	5	122835051	FALSE	0.2747	0.0319	-0.0221	0.0085	74.15423394031114
SBP	AD	apoe_excluded	rs758179	rs758179	5	127354424	FALSE	0.2091	0.0367	-0.0105	0.0098	32.46204961058438
SBP	AD	apoe_excluded	rs6892983	rs6892983	5	127845030	FALSE	0.3427	0.0307	-0.0151	0.0083	124.60958736962725
SBP	AD	apoe_excluded	rs702395	rs702395	5	140086677	FALSE	0.2318	0.0305	0.0172	0.0082	57.760000000000005
SBP	AD	apoe_excluded	rs2913920	rs2913920	5	141726983	FALSE	0.2418	0.0359	0.0063	0.0095	45.365290461743776
SBP	AD	apoe_excluded	rs1957563	rs1957563	5	157474590	FALSE	0.3629	0.0342	-0.0109	0.0092	112.59567901234567
SBP	AD	apoe_excluded	rs11960210	rs11960210	5	157817634	FALSE	0.4727	0.0313	4e-4	0.0083	228.07754493768437
SBP	AD	apoe_excluded	rs13358657	rs13358657	5	157938070	FALSE	0.388	0.0445	-0.0043	0.0121	76.0227244034844
SBP	AD	apoe_excluded	rs3860770	rs3860770	5	173301427	FALSE	0.2663	0.0333	2e-4	0.009	63.95196096997896
SBP	AD	apoe_excluded	rs12153395	rs12153395	5	179411477	FALSE	0.3303	0.0486	-0.0157	0.0133	46.18964334705076
SBP	AD	apoe_excluded	rs2745599	rs2745599	6	1613686	FALSE	0.2164	0.0317	-0.0018	0.0082	46.601080715302174
SBP	AD	apoe_excluded	rs1575290	rs1575290	6	7715689	FALSE	0.1973	0.0301	0.0112	0.0082	42.965629518438
SBP	AD	apoe_excluded	rs1630736	rs1630736	6	12295987	FALSE	0.1706	0.0309	0.0012	0.0083	30.481834082173417
SBP	AD	apoe_excluded	rs9349379	rs9349379	6	12903957	FALSE	0.2664	0.0312	0.0027	0.0083	72.905325443787
SBP	AD	apoe_excluded	rs9368222	rs9368222	6	20686996	FALSE	0.2281	0.0339	-0.0219	0.0091	45.27424056525788
SBP	AD	apoe_excluded	rs2655445	rs2655445	6	22377623	FALSE	0.2018	0.0312	-0.01	0.0084	41.834360618014465
SBP	AD	apoe_excluded	rs79782817	rs79782817	6	25882678	FALSE	0.5324	0.0499	-0.0084	0.0131	113.83478781209713
SBP	AD	apoe_excluded	rs116025100	rs116025100	6	30935290	FALSE	0.5365	0.0851	0.0129	0.0214	39.74480151228734
SBP	AD	apoe_excluded	rs2753960	rs2753960	6	31762844	FALSE	0.4466	0.0309	-0.0137	0.0082	208.89136058482842
SBP	AD	apoe_excluded	rs2815063	rs2815063	6	39262535	FALSE	0.2755	0.0458	0.0178	0.0123	36.1836397093877
SBP	AD	apoe_excluded	rs7763558	rs7763558	6	43349215	FALSE	0.3363	0.0321	0.0151	0.0086	109.75989169359771
SBP	AD	apoe_excluded	rs998584	rs998584	6	43757896	FALSE	0.1701	0.0312	-0.0125	0.0082	29.723465236686398
SBP	AD	apoe_excluded	rs78648104	rs78648104	6	50683009	FALSE	0.4287	0.0541	0.0138	0.0142	62.79317413839642
SBP	AD	apoe_excluded	rs1984195	rs1984195	6	79657391	FALSE	0.2409	0.0303	-0.0082	0.0081	63.21037153220272
SBP	AD	apoe_excluded	rs9361836	rs9361836	6	82235408	FALSE	0.2196	0.0324	-0.0041	0.0086	45.93827160493827
SBP	AD	apoe_excluded	rs6921291	rs6921291	6	97066242	FALSE	0.3575	0.0385	0.0208	0.0102	86.22448979591834
SBP	AD	apoe_excluded	rs9486916	rs9486916	6	109013930	FALSE	0.2657	0.0385	-0.0109	0.0102	47.62792376454714
SBP	AD	apoe_excluded	rs560955	rs560955	6	117481404	FALSE	0.1784	0.0307	0.0082	0.0083	33.76859170919585
SBP	AD	apoe_excluded	rs10782230	rs10782230	6	126228512	FALSE	0.2106	0.0302	0.0165	0.0082	48.62984079645629
SBP	AD	apoe_excluded	rs9401913	rs9401913	6	127159982	FALSE	0.5202	0.0305	-0.0141	0.0082	290.8981886589627
SBP	AD	apoe_excluded	rs2327429	rs2327429	6	134209837	FALSE	0.2	0.0338	-0.008	0.0089	35.01277966457758
SBP	AD	apoe_excluded	rs8180684	rs8180684	6	143200936	FALSE	0.2134	0.0335	-0.0096	0.009	40.57880151481399
SBP	AD	apoe_excluded	rs7765526	rs7765526	6	147713764	FALSE	0.201	0.0307	0.0068	0.0083	42.86623730755764
SBP	AD	apoe_excluded	rs17080102	rs17080102	6	151004770	FALSE	0.8085	0.0594	0.0135	0.016	185.26234567901233
SBP	AD	apoe_excluded	rs1293969	rs1293969	6	151959945	FALSE	0.1988	0.0347	0.0031	0.0093	32.822662757767276
SBP	AD	apoe_excluded	rs509833	rs509833	6	159711515	FALSE	0.329	0.044	-0.0043	0.012	55.90960743801654
SBP	AD	apoe_excluded	rs12661036	rs12661036	6	163737476	FALSE	0.2104	0.0374	-0.0013	0.0099	31.64814550030026
SBP	AD	apoe_excluded	rs7744902	rs7744902	6	166176722	FALSE	0.4088	0.0593	-0.0119	0.0154	47.52393437774599
SBP	AD	apoe_excluded	rs6959688	rs6959688	7	1966831	FALSE	0.2344	0.031	0.004	0.0083	57.17311134235172
SBP	AD	apoe_excluded	rs10282122	rs10282122	7	2529623	FALSE	0.302	0.0327	-0.0012	0.0087	85.29398011764816
SBP	AD	apoe_excluded	rs73049928	rs73049928	7	4669949	FALSE	0.2382	0.0392	-0.0027	0.0106	36.92422428154936
SBP	AD	apoe_excluded	rs3807925	rs3807925	7	18543250	FALSE	0.1859	0.0319	-0.0086	0.0085	33.96076099881095
SBP	AD	apoe_excluded	rs28688791	rs28688791	7	19039605	FALSE	0.3222	0.038	0.0096	0.0102	71.89254847645428
SBP	AD	apoe_excluded	rs112509803	rs112509803	7	24735004	FALSE	0.2641	0.0477	-0.0332	0.0134	30.654909923570187
SBP	AD	apoe_excluded	rs3735533	rs3735533	7	27245893	FALSE	0.91	0.0577	-0.0414	0.0154	248.73171156612972
SBP	AD	apoe_excluded	rs6961048	rs6961048	7	27328187	FALSE	0.5304	0.0497	-0.0234	0.0134	113.8922711318211
SBP	AD	apoe_excluded	rs977184	rs977184	7	28650761	FALSE	0.184	0.0314	-0.0023	0.0084	34.33810702259727
SBP	AD	apoe_excluded	rs11977526	rs11977526	7	46008110	FALSE	0.3213	0.0312	0.0101	0.0082	106.05038831360947
SBP	AD	apoe_excluded	rs12668436	rs12668436	7	47548893	FALSE	0.2151	0.035	0.0114	0.0095	37.76980408163266
SBP	AD	apoe_excluded	rs848445	rs848445	7	77572461	FALSE	0.2025	0.0339	0.0067	0.0091	35.68212076121858
SBP	AD	apoe_excluded	rs42377	rs42377	7	92243672	FALSE	0.3153	0.0331	6e-4	0.0087	90.73857485784177
SBP	AD	apoe_excluded	rs2392929	rs2392929	7	106414069	FALSE	0.7507	0.0379	-0.0118	0.0102	392.3326139472713
SBP	AD	apoe_excluded	rs34072724	rs34072724	7	130432469	FALSE	0.2422	0.0303	-1e-4	0.0083	63.8944330076572
SBP	AD	apoe_excluded	rs35680304	rs35680304	7	130973495	FALSE	0.2694	0.031	-0.0095	0.0083	75.52170655567116
SBP	AD	apoe_excluded	rs75672964	rs75672964	7	131321010	FALSE	0.5885	0.0839	-0.0086	0.0205	49.200442947433025
SBP	AD	apoe_excluded	rs73727605	rs73727605	7	149474622	FALSE	0.3616	0.0623	-0.04	0.0164	33.688428331817505
SBP	AD	apoe_excluded	rs3918226	rs3918226	7	150690176	FALSE	0.664	0.0575	-0.0241	0.0148	133.3522873345936
SBP	AD	apoe_excluded	rs10224210	rs10224210	7	151413194	FALSE	0.3831	0.034	-0.002	0.0091	126.95987024221454
SBP	AD	apoe_excluded	rs62480403	rs62480403	7	155744252	FALSE	0.2056	0.0326	-0.0114	0.0089	39.77507621664347
SBP	AD	apoe_excluded	rs71499040	rs71499040	8	1711918	FALSE	0.2215	0.0338	-0.0055	0.009	42.94514372746053
SBP	AD	apoe_excluded	rs1821002	rs1821002	8	10640065	FALSE	0.3794	0.0307	-0.0146	0.0082	152.72773185922395
SBP	AD	apoe_excluded	rs10866828	rs10866828	8	23401534	FALSE	0.2476	0.0355	-0.0041	0.0094	48.64571315215236
SBP	AD	apoe_excluded	rs7821832	rs7821832	8	25889446	FALSE	0.4222	0.0348	0.0111	0.0093	147.18988637864982
SBP	AD	apoe_excluded	rs77375686	rs77375686	8	26043622	FALSE	0.3467	0.0485	-0.0166	0.0129	51.1003889892656
SBP	AD	apoe_excluded	rs1906672	rs1906672	8	38130025	FALSE	0.2966	0.0358	-0.013	0.0098	68.6398364595362
SBP	AD	apoe_excluded	rs4873492	rs4873492	8	51947549	FALSE	0.3431	0.0403	0.005	0.0107	72.48219618370904
SBP	AD	apoe_excluded	rs2354862	rs2354862	8	64501744	FALSE	0.2507	0.0317	-0.0132	0.0085	62.54464667774582
SBP	AD	apoe_excluded	rs13253358	rs13253358	8	68920135	FALSE	0.2127	0.033	0.0062	0.0089	41.54388429752066
SBP	AD	apoe_excluded	rs2126474	rs2126474	8	76878957	FALSE	0.2601	0.0306	0.0031	0.0082	72.25
SBP	AD	apoe_excluded	rs9918879	rs9918879	8	77681093	FALSE	0.2984	0.0499	-0.0079	0.0133	35.75992064288898
SBP	AD	apoe_excluded	rs148401029	rs148401029	8	81386066	FALSE	0.4623	0.0848	0.0098	0.0218	29.72049800863296
SBP	AD	apoe_excluded	rs10091532	rs10091532	8	82853793	FALSE	0.2067	0.0305	0.0023	0.0083	45.92839559258264
SBP	AD	apoe_excluded	rs843093	rs843093	8	92528310	FALSE	0.2085	0.0338	0.0017	0.0092	38.052107769335805
SBP	AD	apoe_excluded	rs2613203	rs2613203	8	95253197	FALSE	0.2681	0.0389	-0.0154	0.0104	47.50008921431924
SBP	AD	apoe_excluded	rs79069610	rs79069610	8	105921209	FALSE	0.4005	0.0727	0.0011	0.0201	30.34842931986703
SBP	AD	apoe_excluded	rs35783704	rs35783704	8	105966258	FALSE	0.4619	0.0507	0.0146	0.0138	83.00036568903204
SBP	AD	apoe_excluded	rs7830607	rs7830607	8	110097287	FALSE	0.206	0.0327	-0.0096	0.0089	39.686146882510826
SBP	AD	apoe_excluded	rs2470004	rs2470004	8	120358445	FALSE	0.3454	0.0392	-0.0107	0.0105	77.63767700957935
SBP	AD	apoe_excluded	rs4598218	rs4598218	8	129483956	FALSE	0.1911	0.0313	-0.0185	0.0084	37.27629147995793
SBP	AD	apoe_excluded	rs7012866	rs7012866	8	135616959	FALSE	0.2325	0.0301	0.0046	0.0081	59.664076555446414
SBP	AD	apoe_excluded	rs4440615	rs4440615	8	141057641	FALSE	0.2201	0.0312	-0.0123	0.0084	49.76578936554898
SBP	AD	apoe_excluded	rs4961293	rs4961293	8	141812374	FALSE	0.2268	0.0303	-0.0092	0.0083	56.027448289383386
SBP	AD	apoe_excluded	rs3802228	rs3802228	8	143992218	FALSE	0.2747	0.0305	6e-4	0.0082	81.118075786079
SBP	AD	apoe_excluded	rs60191654	rs60191654	9	753648	FALSE	0.2382	0.0385	-0.0013	0.0103	38.27912970146736
SBP	AD	apoe_excluded	rs927315	rs927315	9	4117713	FALSE	0.1689	0.0303	0.0022	0.0082	31.072345848446226
SBP	AD	apoe_excluded	rs1332813	rs1332813	9	9350706	FALSE	0.2203	0.0314	-0.021	0.0085	49.22318349628788
SBP	AD	apoe_excluded	rs9886665	rs9886665	9	22942770	FALSE	0.2048	0.0343	0.003	0.0093	35.65099575856999
SBP	AD	apoe_excluded	rs4553000	rs4553000	9	34223553	FALSE	0.2035	0.03	0.003	0.0081	46.01361111111111
SBP	AD	apoe_excluded	rs76452347	rs76452347	9	35906471	FALSE	0.2974	0.0397	-0.006	0.0104	56.117835910385836
SBP	AD	apoe_excluded	rs10746963	rs10746963	9	77238558	FALSE	0.2177	0.0388	0.0072	0.0106	31.48135428844723
SBP	AD	apoe_excluded	rs7045409	rs7045409	9	95201540	FALSE	0.1862	0.0313	0.0085	0.0084	35.38919454113036
SBP	AD	apoe_excluded	rs10980408	rs10980408	9	113249071	FALSE	0.7606	0.0827	-0.0283	0.0221	84.5866105984686
SBP	AD	apoe_excluded	rs2900568	rs2900568	9	116689758	FALSE	0.1889	0.03	-0.0091	0.0082	39.648011111111124
SBP	AD	apoe_excluded	rs34025993	rs34025993	9	123516572	FALSE	0.223	0.0308	-0.0098	0.0083	52.42136110642603
SBP	AD	apoe_excluded	rs7854147	rs7854147	9	125863350	FALSE	0.3056	0.0461	-0.0135	0.0124	43.94453254031366
SBP	AD	apoe_excluded	rs13289468	rs13289468	9	128180332	FALSE	0.2488	0.0306	-0.0093	0.0082	66.10859071297364
SBP	AD	apoe_excluded	rs6271	rs6271	9	136522274	FALSE	0.5547	0.0611	0.0142	0.0165	82.4202469188714
SBP	AD	apoe_excluded	rs11145807	rs11145807	9	139520789	FALSE	0.2135	0.0322	4e-4	0.0087	43.96266540642722
SBP	AD	apoe_excluded	rs11252324	rs11252324	10	4124568	FALSE	0.4164	0.0573	-0.0143	0.0149	52.80951728296922
SBP	AD	apoe_excluded	rs1623474	rs1623474	10	18471794	FALSE	0.3827	0.0321	-0.0133	0.0086	142.13690666821947
SBP	AD	apoe_excluded	rs12258967	rs12258967	10	18727959	FALSE	0.6327	0.0337	-0.0126	0.0088	352.48112601149967
SBP	AD	apoe_excluded	rs11596400	rs11596400	10	28245420	FALSE	0.2518	0.0303	-0.0044	0.0081	69.05993965733208
SBP	AD	apoe_excluded	rs12264186	rs12264186	10	32289986	FALSE	0.2135	0.0387	-0.0016	0.0104	30.435036623066186
SBP	AD	apoe_excluded	rs4948643	rs4948643	10	45379759	FALSE	0.2258	0.0338	-0.0102	0.0091	44.62872448443683
SBP	AD	apoe_excluded	rs4245599	rs4245599	10	60365755	FALSE	0.1794	0.0305	-0.0092	0.0083	34.597538296156955
SBP	AD	apoe_excluded	rs57946343	rs57946343	10	63499951	FALSE	0.716	0.0426	0.0048	0.0115	282.4924507923912
SBP	AD	apoe_excluded	rs2236295	rs2236295	10	64564892	FALSE	0.3028	0.0309	-0.0053	0.0083	96.02731433478912
SBP	AD	apoe_excluded	rs2177843	rs2177843	10	75409877	FALSE	0.4394	0.0432	-0.0083	0.0116	103.45526834705075
SBP	AD	apoe_excluded	rs10749572	rs10749572	10	82136664	FALSE	0.203	0.0302	-0.0327	0.0081	45.18332529275032
SBP	AD	apoe_excluded	rs111866816	rs111866816	10	94441507	FALSE	0.3569	0.0597	-0.0286	0.0164	35.73916764167009
SBP	AD	apoe_excluded	rs2689690	rs2689690	10	95899706	FALSE	0.2702	0.0316	0.0157	0.0085	73.11332318538693
SBP	AD	apoe_excluded	rs57866767	rs57866767	10	96023077	FALSE	0.4501	0.0304	-0.0089	0.0082	219.215298216759
SBP	AD	apoe_excluded	rs1006545	rs1006545	10	102553647	FALSE	0.6846	0.048	-0.0041	0.013	203.41890625
SBP	AD	apoe_excluded	rs11191580	rs11191580	10	104906211	FALSE	1.0995	0.055	0.008	0.0144	399.63644628099166
SBP	AD	apoe_excluded	rs117464403	rs117464403	10	107158054	FALSE	0.864	0.1199	-0.0477	0.0297	51.92650812012511
SBP	AD	apoe_excluded	rs12255372	rs12255372	10	114808902	FALSE	0.2358	0.0335	-0.0046	0.0089	49.54478948540877
SBP	AD	apoe_excluded	rs1801253	rs1801253	10	115805056	FALSE	0.4626	0.0344	0.006	0.0091	180.83994726879394
SBP	AD	apoe_excluded	rs72842207	rs72842207	10	121433675	FALSE	0.203	0.0367	-0.0234	0.0099	30.595668540118343
SBP	AD	apoe_excluded	rs11592107	rs11592107	10	122968964	FALSE	0.3024	0.0326	-0.0107	0.0088	86.04554179683092
SBP	AD	apoe_excluded	rs7093894	rs7093894	10	124234880	FALSE	0.236	0.0427	0.023	0.0114	30.54697826456569
SBP	AD	apoe_excluded	rs1133400	rs1133400	10	134459388	FALSE	0.2975	0.0376	0.0149	0.0099	62.60344754413761
SBP	AD	apoe_excluded	rs569550	rs569550	11	1887068	FALSE	0.5765	0.0318	0.0094	0.0084	328.65813258969183
SBP	AD	apoe_excluded	rs74048190	rs74048190	11	2114221	FALSE	0.4404	0.0757	-0.0133	0.0204	33.84565019745257
SBP	AD	apoe_excluded	rs360153	rs360153	11	9762274	FALSE	0.3445	0.0306	-0.0163	0.0083	126.74639027724378
SBP	AD	apoe_excluded	rs2014408	rs2014408	11	16365282	FALSE	0.5169	0.0373	-0.0169	0.0102	192.04163761688795
SBP	AD	apoe_excluded	rs7926335	rs7926335	11	16917869	FALSE	0.3135	0.0339	0.0155	0.0092	85.52157569112694
SBP	AD	apoe_excluded	rs17762	rs17762	11	22492454	FALSE	0.4117	0.0571	-0.0274	0.0154	51.986372879484485
SBP	AD	apoe_excluded	rs1382472	rs1382472	11	27273967	FALSE	0.1917	0.0307	0.0095	0.0084	38.99127842205222
SBP	AD	apoe_excluded	rs871004	rs871004	11	28512458	FALSE	0.2336	0.0317	0.0095	0.0085	54.303416294320776
SBP	AD	apoe_excluded	rs10501122	rs10501122	11	30192151	FALSE	0.1916	0.0315	-0.0017	0.0085	36.99728898966994
SBP	AD	apoe_excluded	rs11604310	rs11604310	11	45351420	FALSE	0.2778	0.0411	0.0022	0.0109	45.68575843145612
SBP	AD	apoe_excluded	rs7107356	rs7107356	11	47676170	FALSE	0.4598	0.0301	0.0354	0.0081	233.34846193750624
SBP	AD	apoe_excluded	rs2904315	rs2904315	11	48109948	FALSE	0.2081	0.0325	-0.0068	0.0088	40.99939408284023
SBP	AD	apoe_excluded	rs4427587	rs4427587	11	58436648	FALSE	0.2062	0.0313	-0.0162	0.0083	43.399891802508954
SBP	AD	apoe_excluded	rs7125196	rs7125196	11	61272565	FALSE	0.4422	0.0472	-0.003	0.0131	87.77149166906062
SBP	AD	apoe_excluded	rs2306363	rs2306363	11	65405600	FALSE	0.4358	0.0376	0.0032	0.01	134.33796401086465
SBP	AD	apoe_excluded	rs7395791	rs7395791	11	69262916	FALSE	0.2162	0.0308	-0.0066	0.0082	49.273106763366506
SBP	AD	apoe_excluded	rs10501410	rs10501410	11	72088806	FALSE	0.4122	0.0607	-0.0401	0.0162	46.114615591303014
SBP	AD	apoe_excluded	rs7927515	rs7927515	11	76125330	FALSE	0.2271	0.0319	-0.0105	0.0086	50.68190171087155
SBP	AD	apoe_excluded	rs2289124	rs2289124	11	89224477	FALSE	0.308	0.0415	-0.0074	0.0109	55.08143417041661
SBP	AD	apoe_excluded	rs604723	rs604723	11	100610546	FALSE	0.655	0.0339	0.004	0.0091	373.3216731493809
SBP	AD	apoe_excluded	rs629864	rs629864	11	100699139	FALSE	0.1868	0.0319	-0.0078	0.0086	34.290386297304465
SBP	AD	apoe_excluded	rs7926110	rs7926110	11	107086143	FALSE	0.2603	0.0321	-0.0064	0.0086	65.75643675818363
SBP	AD	apoe_excluded	rs236916	rs236916	11	117089628	FALSE	0.3166	0.0446	-1e-4	0.0119	50.390898670795714
SBP	AD	apoe_excluded	rs573455	rs573455	11	117267884	FALSE	0.1994	0.0303	0.0171	0.0081	43.30769314555218
SBP	AD	apoe_excluded	rs11222084	rs11222084	11	130273230	FALSE	0.3363	0.0316	0.0332	0.0085	113.26078553116484
SBP	AD	apoe_excluded	rs78998485	rs78998485	12	434755	FALSE	0.2449	0.0346	-0.0232	0.0095	50.09857496074043
SBP	AD	apoe_excluded	rs3819532	rs3819532	12	2436837	FALSE	0.1875	0.0306	3e-4	0.0084	37.54565551710881
SBP	AD	apoe_excluded	rs10845621	rs10845621	12	12887977	FALSE	0.2879	0.0337	0.0076	0.0092	72.98330530338383
SBP	AD	apoe_excluded	rs1010064	rs1010064	12	20000315	FALSE	0.3571	0.0387	-0.0113	0.0104	85.14472955017393
SBP	AD	apoe_excluded	rs73075659	rs73075659	12	20373541	FALSE	0.3962	0.0321	-0.0086	0.0088	152.34172804999957
SBP	AD	apoe_excluded	rs2129869	rs2129869	12	26457650	FALSE	0.2643	0.0361	-0.0078	0.0099	53.60186769592007
SBP	AD	apoe_excluded	rs9651825	rs9651825	12	27159784	FALSE	0.2042	0.034	-0.0046	0.0093	36.07062283737023
SBP	AD	apoe_excluded	rs61917655	rs61917655	12	48210787	FALSE	0.3427	0.0514	0.0046	0.0135	44.45309164408243
SBP	AD	apoe_excluded	rs7134440	rs7134440	12	53450097	FALSE	0.4788	0.0562	-0.0021	0.015	72.5831233140411
SBP	AD	apoe_excluded	rs7134677	rs7134677	12	54441498	FALSE	0.3851	0.0332	-0.0101	0.0091	134.5460244592829
SBP	AD	apoe_excluded	rs7306710	rs7306710	12	66376091	FALSE	0.2429	0.0303	-0.0038	0.0083	64.26429870709843
SBP	AD	apoe_excluded	rs4143175	rs4143175	12	67782397	FALSE	0.2187	0.0352	-0.0134	0.0097	38.60221623192149
SBP	AD	apoe_excluded	rs7963801	rs7963801	12	79685226	FALSE	0.2362	0.0311	0.0034	0.0085	57.68182711096866
SBP	AD	apoe_excluded	rs6539467	rs6539467	12	79955306	FALSE	0.265	0.0404	-0.0052	0.0112	43.02580629350065
SBP	AD	apoe_excluded	rs17249754	rs17249754	12	90060586	FALSE	0.8446	0.0403	0.0124	0.0108	439.23006729922605
SBP	AD	apoe_excluded	rs10777213	rs10777213	12	90349999	FALSE	0.1786	0.0299	-7e-4	0.0081	35.67964564154764
SBP	AD	apoe_excluded	rs3184504	rs3184504	12	111884608	FALSE	0.5779	0.0303	-0.0158	0.0081	363.7643477219008
SBP	AD	apoe_excluded	rs1896326	rs1896326	12	115342956	FALSE	0.2797	0.0371	0.0057	0.01	56.83778089377438
SBP	AD	apoe_excluded	rs35444	rs35444	12	115552437	FALSE	0.4368	0.031	-2e-4	0.0084	198.53719042663894
SBP	AD	apoe_excluded	rs6490019	rs6490019	12	115920472	FALSE	0.2897	0.0309	-0.0049	0.0083	87.89821011510143
SBP	AD	apoe_excluded	rs1169078	rs1169078	12	122416254	FALSE	0.1971	0.0327	0.004	0.0087	36.33103274135174
SBP	AD	apoe_excluded	rs117206641	rs117206641	12	133086888	FALSE	0.3154	0.0499	-0.0151	0.0132	39.95050622286658
SBP	AD	apoe_excluded	rs483071	rs483071	13	22294117	FALSE	0.2709	0.0313	0.0055	0.0086	74.90819544958097
SBP	AD	apoe_excluded	rs9507885	rs9507885	13	27951090	FALSE	0.3208	0.0542	-0.001	0.0147	35.03242058250841
SBP	AD	apoe_excluded	rs9508495	rs9508495	13	30146201	FALSE	0.3557	0.0353	-0.0029	0.0096	101.53559534223051
SBP	AD	apoe_excluded	rs2065498	rs2065498	13	41893105	FALSE	0.2934	0.0403	-0.0095	0.0107	53.004180802788014
SBP	AD	apoe_excluded	rs7491248	rs7491248	13	47180671	FALSE	0.2163	0.0362	-0.0014	0.0098	35.70227557156374
SBP	AD	apoe_excluded	rs9526707	rs9526707	13	51489186	FALSE	0.2039	0.0323	0.0042	0.0087	39.850099205398294
SBP	AD	apoe_excluded	rs75961402	rs75961402	13	56398286	FALSE	0.2659	0.0418	-0.011	0.0113	40.46542547102861
SBP	AD	apoe_excluded	rs17245822	rs17245822	13	73131694	FALSE	0.1899	0.0312	0.0043	0.0085	37.04595044378699
SBP	AD	apoe_excluded	rs78474310	rs78474310	13	73826901	FALSE	0.4699	0.0734	0.008	0.0203	40.984417806947846
SBP	AD	apoe_excluded	rs6562778	rs6562778	13	74223828	FALSE	0.178	0.0304	0.0086	0.0082	34.28410664819944
SBP	AD	apoe_excluded	rs9549627	rs9549627	13	113652369	FALSE	0.2846	0.05	-0.0232	0.013	32.398864
SBP	AD	apoe_excluded	rs7331680	rs7331680	13	115000650	FALSE	0.4101	0.0423	6e-4	0.0113	93.99371258990998
SBP	AD	apoe_excluded	rs365990	rs365990	14	23861811	FALSE	0.225	0.0312	0.0018	0.0084	52.006286982248525
SBP	AD	apoe_excluded	rs8904	rs8904	14	35871217	FALSE	0.3061	0.0314	0.0099	0.0083	95.03145158018582
SBP	AD	apoe_excluded	rs7493678	rs7493678	14	39400917	FALSE	0.189	0.0316	0.003	0.0086	35.77251241788175
SBP	AD	apoe_excluded	rs72683923	rs72683923	14	50735947	FALSE	0.9587	0.1101	0.0636	0.0327	75.82122849263446
SBP	AD	apoe_excluded	rs35413927	rs35413927	14	53420358	FALSE	0.3002	0.0328	-0.0394	0.0088	83.76714009518143
SBP	AD	apoe_excluded	rs57140819	rs57140819	14	68018247	FALSE	0.2415	0.0398	0.0012	0.0107	36.81867250826999
SBP	AD	apoe_excluded	rs11847049	rs11847049	14	69259406	FALSE	0.2272	0.0364	-0.0119	0.0098	38.959545948556936
SBP	AD	apoe_excluded	rs11159091	rs11159091	14	75074316	FALSE	0.1978	0.0303	-0.0015	0.0082	42.615473428530976
SBP	AD	apoe_excluded	rs7154723	rs7154723	14	98590629	FALSE	0.253	0.0309	-0.0022	0.0083	67.03846838638054
SBP	AD	apoe_excluded	rs17562391	rs17562391	14	100133250	FALSE	0.1967	0.0306	-0.0067	0.0082	41.32052842923663
SBP	AD	apoe_excluded	rs75016974	rs75016974	14	100197940	FALSE	0.2513	0.0439	0.0093	0.0119	32.768452841153795
SBP	AD	apoe_excluded	rs12885878	rs12885878	14	104007555	FALSE	0.2291	0.0367	0.0086	0.0099	38.96889129773032
SBP	AD	apoe_excluded	rs8030856	rs8030856	15	40314967	FALSE	0.1764	0.031	-0.0016	0.0083	32.37977107180021
SBP	AD	apoe_excluded	rs28866311	rs28866311	15	41442195	FALSE	0.2762	0.0302	-0.0211	0.0082	83.64374369545195
SBP	AD	apoe_excluded	rs4775769	rs4775769	15	48939888	FALSE	0.4162	0.0517	-0.0083	0.0139	64.80717126406248
SBP	AD	apoe_excluded	rs3098186	rs3098186	15	50810621	FALSE	0.2422	0.0303	0.0218	0.0082	63.8944330076572
SBP	AD	apoe_excluded	rs2652812	rs2652812	15	63406170	FALSE	0.2516	0.0353	-0.0214	0.0094	50.80095338217946
SBP	AD	apoe_excluded	rs28429256	rs28429256	15	66931617	FALSE	0.215	0.0325	0.0042	0.0089	43.76331360946745
SBP	AD	apoe_excluded	rs11636952	rs11636952	15	75114322	FALSE	0.5313	0.0328	0.0047	0.0087	262.38073505353947
SBP	AD	apoe_excluded	rs2627313	rs2627313	15	81006712	FALSE	0.3208	0.0303	4e-4	0.0082	112.09428269559628
SBP	AD	apoe_excluded	rs2046341	rs2046341	15	86040872	FALSE	0.2542	0.0382	-0.0094	0.0104	44.28170828650531
SBP	AD	apoe_excluded	rs77032376	rs77032376	15	90010780	FALSE	0.2727	0.043	-0.0013	0.0115	40.21919415900487
SBP	AD	apoe_excluded	rs4932373	rs4932373	15	91429287	FALSE	0.635	0.0328	-0.0258	0.0087	374.80015615704934
SBP	AD	apoe_excluded	rs12906962	rs12906962	15	95312071	FALSE	0.2653	0.0325	-0.012	0.0087	66.63582485207098
SBP	AD	apoe_excluded	rs2589218	rs2589218	15	96785017	FALSE	0.2258	0.0339	0.0051	0.0093	44.36581651743372
SBP	AD	apoe_excluded	rs4606697	rs4606697	15	100087596	FALSE	0.3196	0.0523	-0.0036	0.0141	37.34308245195208
SBP	AD	apoe_excluded	rs11641374	rs11641374	16	1347717	FALSE	0.1943	0.0309	0.0074	0.0084	39.5392695929033
SBP	AD	apoe_excluded	rs12596630	rs12596630	16	2065666	FALSE	0.4278	0.0547	-0.0016	0.0146	61.165553175205304
SBP	AD	apoe_excluded	rs72778133	rs72778133	16	3578718	FALSE	0.2417	0.0443	-0.0127	0.012	29.767738943892706
SBP	AD	apoe_excluded	rs111929315	rs111929315	16	4136871	FALSE	0.3146	0.0485	-0.0023	0.0128	42.07595281113827
SBP	AD	apoe_excluded	rs12446456	rs12446456	16	4922201	FALSE	0.3003	0.0302	0.0051	0.0082	98.8773409061006
SBP	AD	apoe_excluded	rs77924615	rs77924615	16	20392332	FALSE	0.4081	0.039	-0.0183	0.0105	109.49744247205786
SBP	AD	apoe_excluded	rs7186298	rs7186298	16	21088031	FALSE	0.2315	0.0302	-0.0142	0.0082	58.76085478707074
SBP	AD	apoe_excluded	rs8044992	rs8044992	16	24811207	FALSE	0.2138	0.0331	9e-4	0.0089	41.7214519765245
SBP	AD	apoe_excluded	rs34941092	rs34941092	16	50550137	FALSE	0.3225	0.0425	-0.0034	0.0116	57.58131487889273
SBP	AD	apoe_excluded	rs4784541	rs4784541	16	51704452	FALSE	0.2015	0.0307	-0.0013	0.0083	43.079767424588056
SBP	AD	apoe_excluded	rs2060664	rs2060664	16	60652439	FALSE	0.216	0.0345	0.0095	0.0094	39.1984877126654
SBP	AD	apoe_excluded	rs146550789	rs146550789	16	66781040	FALSE	0.4824	0.0778	-0.0448	0.0202	38.44637558567549
SBP	AD	apoe_excluded	rs62047964	rs62047964	16	70729954	FALSE	0.5115	0.0686	-0.0141	0.0189	55.595935792059436
SBP	AD	apoe_excluded	rs12103229	rs12103229	16	74167594	FALSE	0.1791	0.0301	0.0097	0.0082	35.40447677177957
SBP	AD	apoe_excluded	rs4888408	rs4888408	16	75432824	FALSE	0.3653	0.0307	0.0159	0.0083	141.58674362592708
SBP	AD	apoe_excluded	rs12926550	rs12926550	16	81510155	FALSE	0.2548	0.0324	0.0054	0.0087	61.84560280445056
SBP	AD	apoe_excluded	rs3950627	rs3950627	16	86436343	FALSE	0.1851	0.0308	0.0058	0.0083	36.11697798954292
SBP	AD	apoe_excluded	rs6540119	rs6540119	16	87984477	FALSE	0.2016	0.0322	-0.0029	0.0088	39.19848771266541
SBP	AD	apoe_excluded	rs908951	rs908951	16	89697625	FALSE	0.2261	0.0315	-0.0195	0.0083	51.520493827160486
SBP	AD	apoe_excluded	rs9303175	rs9303175	17	1372987	FALSE	0.2048	0.0327	0.0049	0.0087	39.22513069419895
SBP	AD	apoe_excluded	rs11653927	rs11653927	17	2012094	FALSE	0.2796	0.0308	0.017	0.0083	82.4086692528251
SBP	AD	apoe_excluded	rs113086489	rs113086489	17	7171356	FALSE	0.3249	0.0307	-0.031	0.0083	112.00119895171301
SBP	AD	apoe_excluded	rs4511593	rs4511593	17	7455536	FALSE	0.2881	0.0318	5e-4	0.0085	82.07904157272259
SBP	AD	apoe_excluded	rs117285318	rs117285318	17	7870642	FALSE	0.4413	0.0589	-0.0375	0.0163	56.135457351961975
SBP	AD	apoe_excluded	rs4925159	rs4925159	17	18185510	FALSE	0.2174	0.0305	9e-4	0.0082	50.806514377855414
SBP	AD	apoe_excluded	rs7218708	rs7218708	17	19926836	FALSE	0.1781	0.0303	-9e-4	0.0081	34.54956485747585
SBP	AD	apoe_excluded	rs1551355	rs1551355	17	30032420	FALSE	0.2098	0.0356	-0.0184	0.0096	34.730494887009215
SBP	AD	apoe_excluded	rs9899540	rs9899540	17	30777924	FALSE	0.2011	0.0316	0.0222	0.0084	40.499529322224
SBP	AD	apoe_excluded	rs7213273	rs7213273	17	43155914	FALSE	0.4	0.0315	-0.009	0.0085	161.2496850592089
SBP	AD	apoe_excluded	rs17608766	rs17608766	17	45013271	FALSE	0.6903	0.0433	-0.0368	0.0118	254.1557584711637
SBP	AD	apoe_excluded	rs3764400	rs3764400	17	46123932	FALSE	0.3748	0.0445	-0.0161	0.012	70.93803307663175
SBP	AD	apoe_excluded	rs9897429	rs9897429	17	47518378	FALSE	0.2645	0.0319	0.0231	0.0084	68.74957007104886
SBP	AD	apoe_excluded	rs1000423	rs1000423	17	59475642	FALSE	0.4138	0.0346	-0.004	0.0091	143.03053894216313
SBP	AD	apoe_excluded	rs56288724	rs56288724	17	60767135	FALSE	0.2178	0.031	-0.0028	0.0083	49.36195629552549
SBP	AD	apoe_excluded	rs62076622	rs62076622	17	61090958	FALSE	0.2363	0.0377	-0.0225	0.0103	39.286626937500444
SBP	AD	apoe_excluded	rs6504213	rs6504213	17	62381714	FALSE	0.2982	0.0312	-0.005	0.0084	91.34948224852073
SBP	AD	apoe_excluded	rs1436138	rs1436138	17	75316880	FALSE	0.3119	0.0315	-0.0166	0.0085	98.0414310909549
SBP	AD	apoe_excluded	rs9302885	rs9302885	17	76799898	FALSE	0.2242	0.0302	-0.0048	0.0082	55.11341607824219
SBP	AD	apoe_excluded	rs34413141	rs34413141	18	777282	FALSE	0.3531	0.0393	0.0058	0.0108	80.72542392634463
SBP	AD	apoe_excluded	rs62082230	rs62082230	18	22676071	FALSE	0.1884	0.0345	-0.0063	0.0093	29.821096408317576
SBP	AD	apoe_excluded	rs1154214	rs1154214	18	24546824	FALSE	0.2031	0.0306	0.0067	0.0083	44.053152633602465
SBP	AD	apoe_excluded	rs56407827	rs56407827	18	42179819	FALSE	0.3603	0.034	2e-4	0.0092	112.29765570934254
SBP	AD	apoe_excluded	rs11874246	rs11874246	18	42596789	FALSE	0.2856	0.0328	-0.005	0.009	75.81737061273051
SBP	AD	apoe_excluded	rs7245140	rs7245140	18	43095231	FALSE	0.3367	0.0391	0.0089	0.0104	74.15368162165343
SBP	AD	apoe_excluded	rs1437649	rs1437649	18	48132646	FALSE	0.2189	0.0357	-0.005	0.0096	37.597164355938446
SBP	AD	apoe_excluded	rs665445	rs665445	18	51842682	FALSE	0.1909	0.0334	-0.006	0.009	32.667727419412664
SBP	AD	apoe_excluded	rs10460108	rs10460108	18	73034151	FALSE	0.2141	0.0301	-7e-4	0.0082	50.5941545899052
SBP	AD	apoe_excluded	rs698748	rs698748	19	1424888	FALSE	0.1871	0.0325	-0.0088	0.0094	33.14216331360946
SBP	AD	apoe_excluded	rs149339216	rs149339216	19	2144046	FALSE	0.6912	0.0779	0.0492	0.0217	78.7286027147144
SBP	AD	apoe_excluded	rs68096471	rs68096471	19	5175709	FALSE	0.2098	0.0343	-0.0035	0.01	37.4130166852247
SBP	AD	apoe_excluded	rs12985940	rs12985940	19	7262734	FALSE	0.4642	0.0434	-0.0035	0.012	114.40126144110089
SBP	AD	apoe_excluded	rs167479	rs167479	19	11526765	FALSE	0.5642	0.0327	-0.0017	0.0094	297.6943953464449
SBP	AD	apoe_excluded	rs1077795	rs1077795	19	17222584	FALSE	0.2507	0.0344	0.0053	0.01	53.11189325310978
SBP	AD	apoe_excluded	rs62112908	rs62112908	19	22213956	FALSE	0.2388	0.0419	-0.0078	0.0121	32.481838221472884
SBP	AD	apoe_excluded	rs28572357	rs28572357	19	31867447	FALSE	0.2733	0.0308	0.0033	0.009	78.73681270028669
SBP	AD	apoe_excluded	rs1433121	rs1433121	19	32591878	FALSE	0.228	0.0326	-0.0036	0.0095	48.91414806729648
SBP	AD	apoe_excluded	rs33836	rs33836	19	34008600	FALSE	0.1766	0.0304	-0.0058	0.0088	33.74692693905817
SBP	AD	apoe_excluded	rs11672660	rs11672660	19	46180184	FALSE	0.2212	0.0381	0.0234	0.0107	33.707014969585494
SBP	AD	apoe_excluded	rs571689	rs571689	19	49207554	FALSE	0.228	0.0304	0.0124	0.0087	56.25
SBP	AD	apoe_excluded	rs73046792	rs73046792	19	49605705	FALSE	0.3554	0.0426	0.0208	0.0124	69.60102713306443
SBP	AD	apoe_excluded	rs6054139	rs6054139	20	6327810	FALSE	0.2094	0.0306	-0.0111	0.0084	46.82852748942715
SBP	AD	apoe_excluded	rs2423514	rs2423514	20	10693337	FALSE	0.3011	0.0302	-0.0026	0.0082	99.4048616288759
SBP	AD	apoe_excluded	rs6108787	rs6108787	20	10967214	FALSE	0.4274	0.03	-0.0058	0.0081	202.96751111111115
SBP	AD	apoe_excluded	rs6078093	rs6078093	20	11168669	FALSE	0.1849	0.0304	-0.0095	0.0084	36.99360500346261
SBP	AD	apoe_excluded	rs8125763	rs8125763	20	17883531	FALSE	0.1761	0.0301	0.0094	0.0082	34.22833081312569
SBP	AD	apoe_excluded	rs17812022	rs17812022	20	19007099	FALSE	0.3613	0.0525	-0.0151	0.0136	47.36061315192744
SBP	AD	apoe_excluded	rs6058088	rs6058088	20	30139886	FALSE	0.2832	0.0417	0.0142	0.0111	46.12266445836137
SBP	AD	apoe_excluded	rs79384779	rs79384779	20	31214944	FALSE	0.3179	0.0428	-0.0099	0.0118	55.16879749323086
SBP	AD	apoe_excluded	rs6029756	rs6029756	20	40266681	FALSE	0.2712	0.033	-0.0071	0.0087	67.53851239669419
SBP	AD	apoe_excluded	rs6031431	rs6031431	20	42795152	FALSE	0.2617	0.0304	-3e-4	0.0082	74.10717841066482
SBP	AD	apoe_excluded	rs2598	rs2598	20	47241618	FALSE	0.168	0.0303	0.001	0.0082	30.742084109401045
SBP	AD	apoe_excluded	rs6090907	rs6090907	20	47410231	FALSE	0.3854	0.0425	-0.0096	0.0115	82.23289134948097
SBP	AD	apoe_excluded	rs234623	rs234623	20	57488964	FALSE	0.1804	0.0302	-0.0132	0.0082	35.68282092890662
SBP	AD	apoe_excluded	rs6026744	rs6026744	20	57742388	FALSE	0.7131	0.0461	0.02	0.0125	239.27593508406224
SBP	AD	apoe_excluded	rs28374392	rs28374392	20	61189717	FALSE	0.1924	0.0338	0.0086	0.0086	32.40236686390533
SBP	AD	apoe_excluded	rs6062324	rs6062324	20	62446351	FALSE	0.3294	0.0363	-0.0018	0.0095	82.34437538419509
SBP	AD	apoe_excluded	rs2776037	rs2776037	21	16317933	FALSE	0.1851	0.0309	-0.0069	0.0084	35.883589405221976
SBP	AD	apoe_excluded	rs1882961	rs1882961	21	16556367	FALSE	0.2443	0.0326	0.0027	0.0089	56.15801309797133
SBP	AD	apoe_excluded	rs2833834	rs2833834	21	33814378	FALSE	0.2177	0.0338	9e-4	0.0092	41.484270508735705
SBP	AD	apoe_excluded	rs12627651	rs12627651	21	44760603	FALSE	0.3498	0.0341	0.0025	0.0091	105.22788761706555
SBP	AD	apoe_excluded	rs34487963	rs34487963	21	44838330	FALSE	0.8819	0.1244	-0.0511	0.0344	50.25715783025403
SBP	AD	apoe_excluded	rs7278003	rs7278003	21	44966069	FALSE	0.1876	0.0304	-0.0087	0.0085	38.081890581717445
SBP	AD	apoe_excluded	rs2238787	rs2238787	22	19976406	FALSE	0.2552	0.0332	0.0029	0.009	59.08607925678618
SBP	AD	apoe_excluded	rs4823007	rs4823007	22	29452278	FALSE	0.2205	0.0301	0.0053	0.0081	53.664142779881026
SBP	AD	apoe_excluded	rs2240365	rs2240365	22	30188741	FALSE	0.4187	0.069	0.0031	0.0178	36.82203108590632
SBP	AD	apoe_excluded	rs8142376	rs8142376	22	32001037	FALSE	0.1676	0.03	0.0084	0.0081	31.210844444444447
SBP	AD	apoe_excluded	rs148140538	rs148140538	22	50228044	FALSE	0.3252	0.0562	0.0244	0.0148	33.4833145476881
SBP	AD	apoe_excluded	rs28578714	rs28578714	22	50727921	FALSE	0.2066	0.0327	0.0071	0.0084	39.91766499265868
WMH	AD	all_ivs	rs4953671	rs4953671	2	43073548	FALSE	0.0459102	0.007132	-0.0078	0.0087	41.43770558247976
WMH	AD	all_ivs	rs7596872	rs7596872	2	56128091	FALSE	0.121317	0.0112368	0.0089	0.014	116.5622769417526
WMH	AD	all_ivs	rs76122535	rs76122535	2	203664929	FALSE	0.0671589	0.00985281	0.0556	0.0118	46.46082661621452
WMH	AD	all_ivs	rs11711420	rs11711420	3	183349010	FALSE	0.0572615	0.00763974	0.0059	0.0093	56.17825997511682
WMH	AD	all_ivs	rs7733216	rs7733216	5	82857870	FALSE	0.0525522	0.00832774	-0.0117	0.0101	39.822405294193416
WMH	AD	all_ivs	rs275350	rs275350	6	151016058	FALSE	0.0593096	0.0067609	0.0152	0.0082	76.9557305525125
WMH	AD	all_ivs	rs113659265	rs113659265	7	100363617	FALSE	0.0412391	0.00755599	-0.0204	0.0092	29.78760652261453
WMH	AD	all_ivs	rs2707466	rs2707466	7	120979089	FALSE	0.0382082	0.00668279	0.0105	0.0081	32.688690914145155
WMH	AD	all_ivs	rs17149723	rs17149723	8	8171487	FALSE	0.0436418	0.00735832	-0.0178	0.009	35.17612275896982
WMH	AD	all_ivs	rs4630220	rs4630220	10	105459116	FALSE	0.057639	0.00744865	0.0264	0.0092	59.87944122931483
WMH	AD	all_ivs	rs10883926	rs10883926	10	105608838	FALSE	0.0408093	0.00680101	-0.014	0.0083	36.005717024902985
WMH	AD	all_ivs	rs17616633	rs17616633	16	51451683	FALSE	0.0451465	0.00674472	0.0095	0.0082	44.80436473622818
WMH	AD	all_ivs	rs7199751	rs7199751	16	86609302	FALSE	0.0499982	0.00818107	0.018	0.0099	37.349820726747275
WMH	AD	all_ivs	rs4843553	rs4843553	16	87233185	FALSE	0.0480372	0.00677899	0.0179	0.0083	50.21406540951729
WMH	AD	all_ivs	rs1964703	rs1964703	17	19257124	FALSE	0.0545047	0.00858312	0.0157	0.0106	40.32529362461401
WMH	AD	all_ivs	rs4793173	rs4793173	17	43127715	FALSE	0.0552666	0.00693585	0.0094	0.0084	63.49303847830252
WMH	AD	all_ivs	rs55938136	rs55938136	17	43798360	FALSE	0.0473037	0.00801746	-0.0529	0.0098	34.81100965376769
WMH	AD	all_ivs	rs3744020	rs3744020	17	73871773	FALSE	0.110438	0.00852062	0.0145	0.0103	167.99434846385088
WMH	AD	apoe_excluded	rs4953671	rs4953671	2	43073548	FALSE	0.0459102	0.007132	-0.0078	0.0087	41.43770558247976
WMH	AD	apoe_excluded	rs7596872	rs7596872	2	56128091	FALSE	0.121317	0.0112368	0.0089	0.014	116.5622769417526
WMH	AD	apoe_excluded	rs76122535	rs76122535	2	203664929	FALSE	0.0671589	0.00985281	0.0556	0.0118	46.46082661621452
WMH	AD	apoe_excluded	rs11711420	rs11711420	3	183349010	FALSE	0.0572615	0.00763974	0.0059	0.0093	56.17825997511682
WMH	AD	apoe_excluded	rs7733216	rs7733216	5	82857870	FALSE	0.0525522	0.00832774	-0.0117	0.0101	39.822405294193416
WMH	AD	apoe_excluded	rs275350	rs275350	6	151016058	FALSE	0.0593096	0.0067609	0.0152	0.0082	76.9557305525125
WMH	AD	apoe_excluded	rs113659265	rs113659265	7	100363617	FALSE	0.0412391	0.00755599	-0.0204	0.0092	29.78760652261453
WMH	AD	apoe_excluded	rs2707466	rs2707466	7	120979089	FALSE	0.0382082	0.00668279	0.0105	0.0081	32.688690914145155
WMH	AD	apoe_excluded	rs17149723	rs17149723	8	8171487	FALSE	0.0436418	0.00735832	-0.0178	0.009	35.17612275896982
WMH	AD	apoe_excluded	rs4630220	rs4630220	10	105459116	FALSE	0.057639	0.00744865	0.0264	0.0092	59.87944122931483
WMH	AD	apoe_excluded	rs10883926	rs10883926	10	105608838	FALSE	0.0408093	0.00680101	-0.014	0.0083	36.005717024902985
WMH	AD	apoe_excluded	rs17616633	rs17616633	16	51451683	FALSE	0.0451465	0.00674472	0.0095	0.0082	44.80436473622818
WMH	AD	apoe_excluded	rs7199751	rs7199751	16	86609302	FALSE	0.0499982	0.00818107	0.018	0.0099	37.349820726747275
WMH	AD	apoe_excluded	rs4843553	rs4843553	16	87233185	FALSE	0.0480372	0.00677899	0.0179	0.0083	50.21406540951729
WMH	AD	apoe_excluded	rs1964703	rs1964703	17	19257124	FALSE	0.0545047	0.00858312	0.0157	0.0106	40.32529362461401
WMH	AD	apoe_excluded	rs4793173	rs4793173	17	43127715	FALSE	0.0552666	0.00693585	0.0094	0.0084	63.49303847830252
WMH	AD	apoe_excluded	rs55938136	rs55938136	17	43798360	FALSE	0.0473037	0.00801746	-0.0529	0.0098	34.81100965376769
WMH	AD	apoe_excluded	rs3744020	rs3744020	17	73871773	FALSE	0.110438	0.00852062	0.0145	0.0103	167.99434846385088
